run_id,pair_id,role,target_foot,foot,actual_first_affected_foot,contact_episode_id,episode_start_sample,episode_end_sample_exclusive,touchdown_sample,physical_onset_sample,time_from_touchdown_to_onset_ms,active_physical_slip_intervals,maximum_contact_anchor_drift_m,stable_loaded_contact_valid,fall_time_s,fall_reason,first_fall_censor_boundary,post_fall_excluded_sample_count,air_mask_sample_count,touchdown_mask_sample_count,invalid_mask_sample_count,contralateral_physical_slip_contamination
cal_positive_0p10_G0,v6_cal_pair_00,positive,left,left,none,0,39,89,39,,,[],0.0006759577081538737,True,,,,0,0,10,19,False
cal_positive_0p10_G0,v6_cal_pair_00,positive,left,left,none,1,304,677,304,,,[],0.03066333569586277,True,,,,0,0,10,12,False
cal_positive_0p10_G0,v6_cal_pair_00,positive,left,left,none,2,926,1145,926,,,[],0.006034171208739281,True,,,,0,0,10,10,False
cal_positive_0p10_G0,v6_cal_pair_00,positive,left,left,none,3,1146,1284,1146,,,[],0.0017847602721303701,True,,,,0,0,10,14,False
cal_positive_0p10_G0,v6_cal_pair_00,positive,left,left,none,4,1540,1861,1540,,,[],0.028946321457624435,True,,,,0,0,10,11,False
cal_positive_0p10_G0,v6_cal_pair_00,positive,left,left,none,5,2137,2443,2137,,,[],0.03593728691339493,True,,,,0,0,10,10,False
cal_positive_0p10_G0,v6_cal_pair_00,positive,left,left,none,6,2446,2448,2446,,,[],0.00044174541835673153,False,,,,0,0,2,2,False
cal_positive_0p10_G0,v6_cal_pair_00,positive,left,left,none,7,2453,2455,2453,,,[],0.00032716983696445823,False,,,,0,0,2,2,False
cal_positive_0p10_G0,v6_cal_pair_00,positive,left,left,none,8,2726,3000,2726,,,[],0.0252962876111269,True,,,,0,0,10,10,False
cal_positive_0p10_G0,v6_cal_pair_00,positive,left,right,none,0,37,328,37,,,[],0.0029583321884274483,True,,,,0,0,10,10,False
cal_positive_0p10_G0,v6_cal_pair_00,positive,left,right,none,1,634,952,634,,,[],0.005484934896230698,True,,,,0,0,10,10,False
cal_positive_0p10_G0,v6_cal_pair_00,positive,left,right,none,2,958,961,958,,,[],0.0004285957256797701,False,,,,0,0,3,3,False
cal_positive_0p10_G0,v6_cal_pair_00,positive,left,right,none,3,1243,1574,1243,,,[],0.004478354938328266,True,,,,0,0,10,10,False
cal_positive_0p10_G0,v6_cal_pair_00,positive,left,right,none,4,1837,2165,1837,,,[],0.006188435014337301,True,,,,0,0,10,10,False
cal_positive_0p10_G0,v6_cal_pair_00,positive,left,right,none,5,2430,2753,2430,,,[],0.00681097200140357,True,,,,0,0,10,10,False
cal_control_0p10_G0,v6_cal_pair_00,control,left,left,none,0,39,89,39,,,[],0.0006759577081538737,True,,,,0,0,10,19,False
cal_control_0p10_G0,v6_cal_pair_00,control,left,left,none,1,304,684,304,,,[],0.007874986156821251,True,,,,0,0,10,13,False
cal_control_0p10_G0,v6_cal_pair_00,control,left,left,none,2,944,1297,944,,,[],0.0016066455282270908,True,,,,0,0,10,10,False
cal_control_0p10_G0,v6_cal_pair_00,control,left,left,none,3,1553,1887,1553,,,[],0.0011975339148193598,True,,,,0,0,10,15,False
cal_control_0p10_G0,v6_cal_pair_00,control,left,left,none,4,2151,2486,2151,,,[],0.00154689303599298,True,,,,0,0,10,15,False
cal_control_0p10_G0,v6_cal_pair_00,control,left,left,none,5,2748,3000,2748,,,[],0.0016271721106022596,True,,,,0,0,10,10,False
cal_control_0p10_G0,v6_cal_pair_00,control,left,right,none,0,37,328,37,,,[],0.0029583321884274483,True,,,,0,0,10,10,False
cal_control_0p10_G0,v6_cal_pair_00,control,left,right,none,1,641,984,641,,,[],0.004789873491972685,True,,,,0,0,10,10,False
cal_control_0p10_G0,v6_cal_pair_00,control,left,right,none,2,1252,1601,1252,,,[],0.004702803213149309,True,,,,0,0,10,11,False
cal_control_0p10_G0,v6_cal_pair_00,control,left,right,none,3,1849,2187,1849,,,[],0.00465361075475812,True,,,,0,0,10,10,False
cal_control_0p10_G0,v6_cal_pair_00,control,left,right,none,4,2447,2785,2447,,,[],0.004942239262163639,True,,,,0,0,10,10,False
cal_positive_0p10_G1,v6_cal_pair_01,positive,left,left,none,0,39,89,39,,,[],0.0006751802284270525,True,,,,0,0,10,19,False
cal_positive_0p10_G1,v6_cal_pair_01,positive,left,left,none,1,304,568,304,,,[],0.030721906572580338,True,,,,0,0,10,12,False
cal_positive_0p10_G1,v6_cal_pair_01,positive,left,left,none,2,569,668,569,,,[],0.00609892001375556,True,,,,0,0,10,18,False
cal_positive_0p10_G1,v6_cal_pair_01,positive,left,left,none,3,923,1284,923,,,[],0.009051493369042873,True,,,,0,0,10,14,False
cal_positive_0p10_G1,v6_cal_pair_01,positive,left,left,none,4,1539,1863,1539,,,[],0.030890384688973427,True,,,,0,0,10,10,False
cal_positive_0p10_G1,v6_cal_pair_01,positive,left,left,none,5,2134,2354,2134,,,[],0.006208505015820265,True,,,,0,0,10,10,False
cal_positive_0p10_G1,v6_cal_pair_01,positive,left,left,none,6,2355,2480,2355,,,[],0.0016879369504749775,True,,,,0,0,10,10,False
cal_positive_0p10_G1,v6_cal_pair_01,positive,left,left,none,7,2736,3000,2736,,,[],0.013530240394175053,True,,,,0,0,10,10,False
cal_positive_0p10_G1,v6_cal_pair_01,positive,left,right,none,0,37,328,37,,,[],0.0029507323633879423,True,,,,0,0,10,10,False
cal_positive_0p10_G1,v6_cal_pair_01,positive,left,right,none,1,630,947,630,,,[],0.006409855559468269,True,,,,0,0,10,10,False
cal_positive_0p10_G1,v6_cal_pair_01,positive,left,right,none,2,1243,1569,1243,,,[],0.004363207146525383,True,,,,0,0,10,10,False
cal_positive_0p10_G1,v6_cal_pair_01,positive,left,right,none,3,1835,2164,1835,,,[],0.006932002492249012,True,,,,0,0,10,10,False
cal_positive_0p10_G1,v6_cal_pair_01,positive,left,right,none,4,2437,2767,2437,,,[],0.004976782947778702,True,,,,0,0,10,10,False
cal_control_0p10_G1,v6_cal_pair_01,control,left,left,none,0,39,89,39,,,[],0.0006751802284270525,True,,,,0,0,10,19,False
cal_control_0p10_G1,v6_cal_pair_01,control,left,left,none,1,304,669,304,,,[],0.007936532609164715,True,,,,0,0,10,10,False
cal_control_0p10_G1,v6_cal_pair_01,control,left,left,none,2,670,681,670,,,[],0.0006736533250659704,True,,,,0,0,10,10,False
cal_control_0p10_G1,v6_cal_pair_01,control,left,left,none,3,943,1285,943,,,[],0.00162646290846169,True,,,,0,0,10,10,False
cal_control_0p10_G1,v6_cal_pair_01,control,left,left,none,4,1553,1881,1553,,,[],0.001358112902380526,True,,,,0,0,10,11,False
cal_control_0p10_G1,v6_cal_pair_01,control,left,left,none,5,2152,2480,2152,,,[],0.001485418644733727,True,,,,0,0,10,10,False
cal_control_0p10_G1,v6_cal_pair_01,control,left,left,none,6,2749,3000,2749,,,[],0.0016183523694053292,True,,,,0,0,10,10,False
cal_control_0p10_G1,v6_cal_pair_01,control,left,right,none,0,37,328,37,,,[],0.0029507323633879423,True,,,,0,0,10,10,False
cal_control_0p10_G1,v6_cal_pair_01,control,left,right,none,1,642,984,642,,,[],0.004747082944959402,True,,,,0,0,10,10,False
cal_control_0p10_G1,v6_cal_pair_01,control,left,right,none,2,1253,1604,1253,,,[],0.004570354707539082,True,,,,0,0,10,14,False
cal_control_0p10_G1,v6_cal_pair_01,control,left,right,none,3,1850,2188,1850,,,[],0.004576163366436958,True,,,,0,0,10,10,False
cal_control_0p10_G1,v6_cal_pair_01,control,left,right,none,4,2449,2785,2449,,,[],0.004690004978328943,True,,,,0,0,10,10,False
cal_positive_0p10_G2,v6_cal_pair_02,positive,left,left,none,0,39,89,39,,,[],0.0006751868641003966,True,,,,0,0,10,19,False
cal_positive_0p10_G2,v6_cal_pair_02,positive,left,left,none,1,304,568,304,,,[],0.030722133815288544,True,,,,0,0,10,12,False
cal_positive_0p10_G2,v6_cal_pair_02,positive,left,left,none,2,569,668,569,,,[],0.006099022459238768,True,,,,0,0,10,18,False
cal_positive_0p10_G2,v6_cal_pair_02,positive,left,left,none,3,923,1284,923,,,[],0.009051604196429253,True,,,,0,0,10,14,False
cal_positive_0p10_G2,v6_cal_pair_02,positive,left,left,none,4,1539,1863,1539,,,[],0.03089050017297268,True,,,,0,0,10,10,False
cal_positive_0p10_G2,v6_cal_pair_02,positive,left,left,none,5,2134,2354,2134,,,[],0.006208505015820265,True,,,,0,0,10,10,False
cal_positive_0p10_G2,v6_cal_pair_02,positive,left,left,none,6,2355,2480,2355,,,[],0.0016879073809832335,True,,,,0,0,10,10,False
cal_positive_0p10_G2,v6_cal_pair_02,positive,left,left,none,7,2736,3000,2736,,,[],0.013530255295336246,True,,,,0,0,10,10,False
cal_positive_0p10_G2,v6_cal_pair_02,positive,left,right,none,0,37,328,37,,,[],0.0029506974387913942,True,,,,0,0,10,10,False
cal_positive_0p10_G2,v6_cal_pair_02,positive,left,right,none,1,630,947,630,,,[],0.006409911438822746,True,,,,0,0,10,10,False
cal_positive_0p10_G2,v6_cal_pair_02,positive,left,right,none,2,1243,1569,1243,,,[],0.00436320248991251,True,,,,0,0,10,10,False
cal_positive_0p10_G2,v6_cal_pair_02,positive,left,right,none,3,1835,2164,1835,,,[],0.006932000629603863,True,,,,0,0,10,10,False
cal_positive_0p10_G2,v6_cal_pair_02,positive,left,right,none,4,2437,2767,2437,,,[],0.004976780619472265,True,,,,0,0,10,10,False
cal_control_0p10_G2,v6_cal_pair_02,control,left,left,none,0,39,89,39,,,[],0.0006751868641003966,True,,,,0,0,10,19,False
cal_control_0p10_G2,v6_cal_pair_02,control,left,left,none,1,304,684,304,,,[],0.007917727343738079,True,,,,0,0,10,13,False
cal_control_0p10_G2,v6_cal_pair_02,control,left,left,none,2,944,1296,944,,,[],0.001592497923411429,True,,,,0,0,10,10,False
cal_control_0p10_G2,v6_cal_pair_02,control,left,left,none,3,1553,1887,1553,,,[],0.0012026734184473753,True,,,,0,0,10,15,False
cal_control_0p10_G2,v6_cal_pair_02,control,left,left,none,4,2151,2486,2151,,,[],0.0015394785441458225,True,,,,0,0,10,15,False
cal_control_0p10_G2,v6_cal_pair_02,control,left,left,none,5,2748,3000,2748,,,[],0.001630478072911501,True,,,,0,0,10,10,False
cal_control_0p10_G2,v6_cal_pair_02,control,left,right,none,0,37,328,37,,,[],0.0029506974387913942,True,,,,0,0,10,10,False
cal_control_0p10_G2,v6_cal_pair_02,control,left,right,none,1,641,984,641,,,[],0.0047725108452141285,True,,,,0,0,10,10,False
cal_control_0p10_G2,v6_cal_pair_02,control,left,right,none,2,1252,1600,1252,,,[],0.004626522306352854,True,,,,0,0,10,10,False
cal_control_0p10_G2,v6_cal_pair_02,control,left,right,none,3,1849,2187,1849,,,[],0.004634995479136705,True,,,,0,0,10,10,False
cal_control_0p10_G2,v6_cal_pair_02,control,left,right,none,4,2448,2785,2448,,,[],0.004570909775793552,True,,,,0,0,10,10,False
cal_positive_0p10_G3,v6_cal_pair_03,positive,left,left,none,0,39,89,39,,,[],0.0006748692831024528,True,,,,0,0,10,19,False
cal_positive_0p10_G3,v6_cal_pair_03,positive,left,left,none,1,304,579,304,,,[],0.03819321095943451,True,,,,0,0,10,12,False
cal_positive_0p10_G3,v6_cal_pair_03,positive,left,left,none,2,580,665,580,,,[],0.00746573181822896,True,,,,0,0,10,15,False
cal_positive_0p10_G3,v6_cal_pair_03,positive,left,left,none,3,919,1134,919,,,[],0.00727366516366601,True,,,,0,0,10,10,False
cal_positive_0p10_G3,v6_cal_pair_03,positive,left,left,none,4,1135,1284,1135,,,[],0.0023963029962033033,True,,,,0,0,10,14,False
cal_positive_0p10_G3,v6_cal_pair_03,positive,left,left,none,5,1542,1863,1542,,,[],0.029473133385181427,True,,,,0,0,10,13,False
cal_positive_0p10_G3,v6_cal_pair_03,positive,left,left,none,6,2140,2383,2140,,,[],0.009425417520105839,True,,,,0,0,10,10,False
cal_positive_0p10_G3,v6_cal_pair_03,positive,left,left,none,7,2384,2479,2384,,,[],0.0020678953733295202,True,,,,0,0,10,10,False
cal_positive_0p10_G3,v6_cal_pair_03,positive,left,left,none,8,2733,3000,2733,,,[],0.018644282594323158,True,,,,0,0,10,10,False
cal_positive_0p10_G3,v6_cal_pair_03,positive,left,right,none,0,37,328,37,,,[],0.002952546812593937,True,,,,0,0,10,10,False
cal_positive_0p10_G3,v6_cal_pair_03,positive,left,right,none,1,627,945,627,,,[],0.006568016018718481,True,,,,0,0,10,10,False
cal_positive_0p10_G3,v6_cal_pair_03,positive,left,right,none,2,1243,1583,1243,,,[],0.004139352589845657,True,,,,0,0,10,10,False
cal_positive_0p10_G3,v6_cal_pair_03,positive,left,right,none,3,1840,2168,1840,,,[],0.005794124212116003,True,,,,0,0,10,10,False
cal_positive_0p10_G3,v6_cal_pair_03,positive,left,right,none,4,2437,2765,2437,,,[],0.005350913852453232,True,,,,0,0,10,10,False
cal_control_0p10_G3,v6_cal_pair_03,control,left,left,none,0,39,89,39,,,[],0.0006748692831024528,True,,,,0,0,10,19,False
cal_control_0p10_G3,v6_cal_pair_03,control,left,left,none,1,304,669,304,,,[],0.007943045347929,True,,,,0,0,10,10,False
cal_control_0p10_G3,v6_cal_pair_03,control,left,left,none,2,670,681,670,,,[],0.0006741012912243605,True,,,,0,0,10,10,False
cal_control_0p10_G3,v6_cal_pair_03,control,left,left,none,3,943,1285,943,,,[],0.0016251166816800833,True,,,,0,0,10,10,False
cal_control_0p10_G3,v6_cal_pair_03,control,left,left,none,4,1554,1881,1554,,,[],0.0011577395489439368,True,,,,0,0,10,11,False
cal_control_0p10_G3,v6_cal_pair_03,control,left,left,none,5,2152,2476,2152,,,[],0.001480349455960095,True,,,,0,0,10,10,False
cal_control_0p10_G3,v6_cal_pair_03,control,left,left,none,6,2477,2483,2477,,,[],0.00024824801948852837,False,,,,0,0,6,6,False
cal_control_0p10_G3,v6_cal_pair_03,control,left,left,none,7,2749,3000,2749,,,[],0.0016053925501182675,True,,,,0,0,10,10,False
cal_control_0p10_G3,v6_cal_pair_03,control,left,right,none,0,37,328,37,,,[],0.002952546812593937,True,,,,0,0,10,10,False
cal_control_0p10_G3,v6_cal_pair_03,control,left,right,none,1,642,984,642,,,[],0.004745180252939463,True,,,,0,0,10,10,False
cal_control_0p10_G3,v6_cal_pair_03,control,left,right,none,2,1253,1604,1253,,,[],0.004573161713778973,True,,,,0,0,10,14,False
cal_control_0p10_G3,v6_cal_pair_03,control,left,right,none,3,1850,2188,1850,,,[],0.004574178252369165,True,,,,0,0,10,10,False
cal_control_0p10_G3,v6_cal_pair_03,control,left,right,none,4,2449,2785,2449,,,[],0.004689242225140333,True,,,,0,0,10,10,False
cal_positive_0p15_G0,v6_cal_pair_04,positive,left,left,none,0,39,89,39,,,[],0.0006854732637293637,True,,,,0,0,10,19,False
cal_positive_0p15_G0,v6_cal_pair_04,positive,left,left,none,1,304,668,304,,,[],0.0348089374601841,True,,,,0,0,10,21,False
cal_positive_0p15_G0,v6_cal_pair_04,positive,left,left,none,2,925,1142,925,,,[],0.006570606958121061,True,,,,0,0,10,10,False
cal_positive_0p15_G0,v6_cal_pair_04,positive,left,left,none,3,1143,1282,1143,,,[],0.002077417215332389,True,,,,0,0,10,12,False
cal_positive_0p15_G0,v6_cal_pair_04,positive,left,left,none,4,1540,1847,1540,,,[],0.029830504208803177,True,,,,0,0,10,10,False
cal_positive_0p15_G0,v6_cal_pair_04,positive,left,left,none,5,1848,1862,1848,,,[],0.0022103264927864075,True,,,,0,0,10,11,False
cal_positive_0p15_G0,v6_cal_pair_04,positive,left,left,none,6,2131,2396,2131,,,[],0.020154548808932304,True,,,,0,0,10,10,False
cal_positive_0p15_G0,v6_cal_pair_04,positive,left,left,none,7,2397,2463,2397,,,[],0.0035915628541260958,True,,,,0,0,10,13,False
cal_positive_0p15_G0,v6_cal_pair_04,positive,left,left,none,8,2729,3000,2729,,,[],0.025299804285168648,True,,,,0,0,10,10,False
cal_positive_0p15_G0,v6_cal_pair_04,positive,left,right,none,0,37,328,37,,,[],0.0030148839578032494,True,,,,0,0,10,10,False
cal_positive_0p15_G0,v6_cal_pair_04,positive,left,right,none,1,630,947,630,,,[],0.006721798330545425,True,,,,0,0,10,10,False
cal_positive_0p15_G0,v6_cal_pair_04,positive,left,right,none,2,1240,1567,1240,,,[],0.005380322225391865,True,,,,0,0,10,10,False
cal_positive_0p15_G0,v6_cal_pair_04,positive,left,right,none,3,1832,2163,1832,,,[],0.008255401626229286,True,,,,0,0,10,10,False
cal_positive_0p15_G0,v6_cal_pair_04,positive,left,right,none,4,2427,2751,2427,,,[],0.0075586638413369656,True,,,,0,0,10,10,False
cal_positive_0p15_G0,v6_cal_pair_04,positive,left,right,none,5,2758,2760,2758,,,[],0.00022593843459617347,False,,,,0,0,2,2,False
cal_control_0p15_G0,v6_cal_pair_04,control,left,left,none,0,39,89,39,,,[],0.0006854732637293637,True,,,,0,0,10,19,False
cal_control_0p15_G0,v6_cal_pair_04,control,left,left,none,1,304,666,304,,,[],0.008024467155337334,True,,,,0,0,10,10,False
cal_control_0p15_G0,v6_cal_pair_04,control,left,left,none,2,667,680,667,,,[],0.0007692545768804848,True,,,,0,0,10,10,False
cal_control_0p15_G0,v6_cal_pair_04,control,left,left,none,3,945,1282,945,,,[],0.0021862578578293324,True,,,,0,0,10,12,False
cal_control_0p15_G0,v6_cal_pair_04,control,left,left,none,4,1556,1882,1556,,,[],0.001566297491081059,True,,,,0,0,10,11,False
cal_control_0p15_G0,v6_cal_pair_04,control,left,left,none,5,2152,2482,2152,,,[],0.0021101925522089005,True,,,,0,0,10,12,False
cal_control_0p15_G0,v6_cal_pair_04,control,left,left,none,6,2750,3000,2750,,,[],0.002298566047102213,True,,,,0,0,10,10,False
cal_control_0p15_G0,v6_cal_pair_04,control,left,right,none,0,37,328,37,,,[],0.0030148839578032494,True,,,,0,0,10,10,False
cal_control_0p15_G0,v6_cal_pair_04,control,left,right,none,1,643,984,643,,,[],0.004972325637936592,True,,,,0,0,10,10,False
cal_control_0p15_G0,v6_cal_pair_04,control,left,right,none,2,1252,1591,1252,,,[],0.005133902654051781,True,,,,0,0,10,10,False
cal_control_0p15_G0,v6_cal_pair_04,control,left,right,none,3,1596,1601,1596,,,[],0.0004241636779624969,False,,,,0,0,5,5,False
cal_control_0p15_G0,v6_cal_pair_04,control,left,right,none,4,1848,2186,1848,,,[],0.005603603087365627,True,,,,0,0,10,10,False
cal_control_0p15_G0,v6_cal_pair_04,control,left,right,none,5,2447,2785,2447,,,[],0.005779467523097992,True,,,,0,0,10,10,False
cal_positive_0p15_G1,v6_cal_pair_05,positive,left,left,none,0,39,89,39,,,[],0.0006855755927972496,True,,,,0,0,10,19,False
cal_positive_0p15_G1,v6_cal_pair_05,positive,left,left,none,1,304,561,304,,,[],0.026097217574715614,True,,,,0,0,10,11,False
cal_positive_0p15_G1,v6_cal_pair_05,positive,left,left,none,2,562,671,562,,,[],0.004777286201715469,True,,,,0,0,10,21,False
cal_positive_0p15_G1,v6_cal_pair_05,positive,left,left,none,3,926,1144,926,,,[],0.0064818598330020905,True,,,,0,0,10,10,False
cal_positive_0p15_G1,v6_cal_pair_05,positive,left,left,none,4,1145,1281,1145,,,[],0.0019598675426095724,True,,,,0,0,10,11,False
cal_positive_0p15_G1,v6_cal_pair_05,positive,left,left,none,5,1540,1861,1540,,,[],0.030820531770586967,True,,,,0,0,10,10,False
cal_positive_0p15_G1,v6_cal_pair_05,positive,left,left,none,6,2132,2387,2132,,,[],0.016366904601454735,True,,,,0,0,10,10,False
cal_positive_0p15_G1,v6_cal_pair_05,positive,left,left,none,7,2388,2465,2388,,,[],0.0030083979945629835,True,,,,0,0,10,15,False
cal_positive_0p15_G1,v6_cal_pair_05,positive,left,left,none,8,2731,3000,2731,,,[],0.007886366918683052,True,,,,0,0,10,10,False
cal_positive_0p15_G1,v6_cal_pair_05,positive,left,right,none,0,37,328,37,,,[],0.003013653913512826,True,,,,0,0,10,10,False
cal_positive_0p15_G1,v6_cal_pair_05,positive,left,right,none,1,631,948,631,,,[],0.006823516916483641,True,,,,0,0,10,10,False
cal_positive_0p15_G1,v6_cal_pair_05,positive,left,right,none,2,960,961,960,,,[],0.0,False,,,,0,0,1,1,False
cal_positive_0p15_G1,v6_cal_pair_05,positive,left,right,none,3,1240,1568,1240,,,[],0.005450790282338858,True,,,,0,0,10,10,False
cal_positive_0p15_G1,v6_cal_pair_05,positive,left,right,none,4,1833,2163,1833,,,[],0.007745340466499329,True,,,,0,0,10,10,False
cal_positive_0p15_G1,v6_cal_pair_05,positive,left,right,none,5,2429,2759,2429,,,[],0.007069005630910397,True,,,,0,0,10,10,False
cal_control_0p15_G1,v6_cal_pair_05,control,left,left,none,0,39,89,39,,,[],0.0006855755927972496,True,,,,0,0,10,19,False
cal_control_0p15_G1,v6_cal_pair_05,control,left,left,none,1,304,683,304,,,[],0.008006631396710873,True,,,,0,0,10,13,False
cal_control_0p15_G1,v6_cal_pair_05,control,left,left,none,2,946,1290,946,,,[],0.0020923789124935865,True,,,,0,0,10,10,False
cal_control_0p15_G1,v6_cal_pair_05,control,left,left,none,3,1555,1885,1555,,,[],0.0017171039944514632,True,,,,0,0,10,14,False
cal_control_0p15_G1,v6_cal_pair_05,control,left,left,none,4,2152,2484,2152,,,[],0.0019138179486617446,True,,,,0,0,10,14,False
cal_control_0p15_G1,v6_cal_pair_05,control,left,left,none,5,2749,3000,2749,,,[],0.00234282948076725,True,,,,0,0,10,10,False
cal_control_0p15_G1,v6_cal_pair_05,control,left,right,none,0,37,328,37,,,[],0.003013653913512826,True,,,,0,0,10,10,False
cal_control_0p15_G1,v6_cal_pair_05,control,left,right,none,1,642,984,642,,,[],0.004986552055925131,True,,,,0,0,10,10,False
cal_control_0p15_G1,v6_cal_pair_05,control,left,right,none,2,1251,1590,1251,,,[],0.005277235526591539,True,,,,0,0,10,10,False
cal_control_0p15_G1,v6_cal_pair_05,control,left,right,none,3,1597,1601,1597,,,[],0.0003958773158956319,False,,,,0,0,4,4,False
cal_control_0p15_G1,v6_cal_pair_05,control,left,right,none,4,1847,2185,1847,,,[],0.005715380422770977,True,,,,0,0,10,10,False
cal_control_0p15_G1,v6_cal_pair_05,control,left,right,none,5,2445,2784,2445,,,[],0.006306176073849201,True,,,,0,0,10,10,False
cal_positive_0p15_G2,v6_cal_pair_06,positive,left,left,none,0,39,89,39,,,[],0.000685513427015394,True,,,,0,0,10,19,False
cal_positive_0p15_G2,v6_cal_pair_06,positive,left,left,none,1,304,668,304,,,[],0.03481283783912659,True,,,,0,0,10,21,False
cal_positive_0p15_G2,v6_cal_pair_06,positive,left,left,none,2,925,1142,925,,,[],0.0065725017338991165,True,,,,0,0,10,10,False
cal_positive_0p15_G2,v6_cal_pair_06,positive,left,left,none,3,1143,1282,1143,,,[],0.002077400218695402,True,,,,0,0,10,12,False
cal_positive_0p15_G2,v6_cal_pair_06,positive,left,left,none,4,1540,1851,1540,,,[],0.030991584062576294,True,,,,0,0,10,10,False
cal_positive_0p15_G2,v6_cal_pair_06,positive,left,left,none,5,1852,1861,1852,,,[],0.0013570836745202541,False,,,,0,0,9,9,False
cal_positive_0p15_G2,v6_cal_pair_06,positive,left,left,none,6,2131,2387,2131,,,[],0.016590029001235962,True,,,,0,0,10,10,False
cal_positive_0p15_G2,v6_cal_pair_06,positive,left,left,none,7,2388,2465,2388,,,[],0.0028476102743297815,True,,,,0,0,10,15,False
cal_positive_0p15_G2,v6_cal_pair_06,positive,left,left,none,8,2732,2950,2732,,,[],0.006116311065852642,True,,,,0,0,10,10,False
cal_positive_0p15_G2,v6_cal_pair_06,positive,left,left,none,9,2951,3000,2951,,,[],0.0017206036718562245,True,,,,0,0,10,10,False
cal_positive_0p15_G2,v6_cal_pair_06,positive,left,right,none,0,37,328,37,,,[],0.0030143018811941147,True,,,,0,0,10,10,False
cal_positive_0p15_G2,v6_cal_pair_06,positive,left,right,none,1,630,947,630,,,[],0.006722313351929188,True,,,,0,0,10,10,False
cal_positive_0p15_G2,v6_cal_pair_06,positive,left,right,none,2,1240,1567,1240,,,[],0.005380124785006046,True,,,,0,0,10,10,False
cal_positive_0p15_G2,v6_cal_pair_06,positive,left,right,none,3,1832,2163,1832,,,[],0.008261199109256268,True,,,,0,0,10,10,False
cal_positive_0p15_G2,v6_cal_pair_06,positive,left,right,none,4,2429,2762,2429,,,[],0.006788747385144234,True,,,,0,0,10,10,False
cal_control_0p15_G2,v6_cal_pair_06,control,left,left,none,0,39,89,39,,,[],0.000685513427015394,True,,,,0,0,10,19,False
cal_control_0p15_G2,v6_cal_pair_06,control,left,left,none,1,304,666,304,,,[],0.008021146059036255,True,,,,0,0,10,10,False
cal_control_0p15_G2,v6_cal_pair_06,control,left,left,none,2,667,680,667,,,[],0.0007693413062952459,True,,,,0,0,10,10,False
cal_control_0p15_G2,v6_cal_pair_06,control,left,left,none,3,945,1282,945,,,[],0.002188416663557291,True,,,,0,0,10,12,False
cal_control_0p15_G2,v6_cal_pair_06,control,left,left,none,4,1556,1882,1556,,,[],0.0015703376848250628,True,,,,0,0,10,11,False
cal_control_0p15_G2,v6_cal_pair_06,control,left,left,none,5,2152,2473,2152,,,[],0.002109064254909754,True,,,,0,0,10,10,False
cal_control_0p15_G2,v6_cal_pair_06,control,left,left,none,6,2474,2482,2474,,,[],0.0003060026210732758,False,,,,0,0,8,8,False
cal_control_0p15_G2,v6_cal_pair_06,control,left,left,none,7,2750,3000,2750,,,[],0.0023003232199698687,True,,,,0,0,10,10,False
cal_control_0p15_G2,v6_cal_pair_06,control,left,right,none,0,37,328,37,,,[],0.0030143018811941147,True,,,,0,0,10,10,False
cal_control_0p15_G2,v6_cal_pair_06,control,left,right,none,1,643,984,643,,,[],0.004972136579453945,True,,,,0,0,10,10,False
cal_control_0p15_G2,v6_cal_pair_06,control,left,right,none,2,1252,1591,1252,,,[],0.005134355742484331,True,,,,0,0,10,10,False
cal_control_0p15_G2,v6_cal_pair_06,control,left,right,none,3,1596,1601,1596,,,[],0.0004238896945025772,False,,,,0,0,5,5,False
cal_control_0p15_G2,v6_cal_pair_06,control,left,right,none,4,1848,2186,1848,,,[],0.005602419376373291,True,,,,0,0,10,10,False
cal_control_0p15_G2,v6_cal_pair_06,control,left,right,none,5,2447,2785,2447,,,[],0.005779746919870377,True,,,,0,0,10,10,False
cal_positive_0p15_G3,v6_cal_pair_07,positive,left,left,none,0,39,89,39,,,[],0.0006854920065961778,True,,,,0,0,10,19,False
cal_positive_0p15_G3,v6_cal_pair_07,positive,left,left,none,1,304,668,304,,,[],0.03481040894985199,True,,,,0,0,10,21,False
cal_positive_0p15_G3,v6_cal_pair_07,positive,left,left,none,2,925,1142,925,,,[],0.0065713440999388695,True,,,,0,0,10,10,False
cal_positive_0p15_G3,v6_cal_pair_07,positive,left,left,none,3,1143,1282,1143,,,[],0.0020774253644049168,True,,,,0,0,10,12,False
cal_positive_0p15_G3,v6_cal_pair_07,positive,left,left,none,4,1540,1847,1540,,,[],0.029831061139702797,True,,,,0,0,10,10,False
cal_positive_0p15_G3,v6_cal_pair_07,positive,left,left,none,5,1848,1862,1848,,,[],0.0022103730589151382,True,,,,0,0,10,11,False
cal_positive_0p15_G3,v6_cal_pair_07,positive,left,left,none,6,2131,2396,2131,,,[],0.020154641941189766,True,,,,0,0,10,10,False
cal_positive_0p15_G3,v6_cal_pair_07,positive,left,left,none,7,2397,2463,2397,,,[],0.0035915791522711515,True,,,,0,0,10,13,False
cal_positive_0p15_G3,v6_cal_pair_07,positive,left,left,none,8,2729,3000,2729,,,[],0.02529987506568432,True,,,,0,0,10,10,False
cal_positive_0p15_G3,v6_cal_pair_07,positive,left,right,none,0,37,328,37,,,[],0.003014656947925687,True,,,,0,0,10,10,False
cal_positive_0p15_G3,v6_cal_pair_07,positive,left,right,none,1,630,947,630,,,[],0.006721991579979658,True,,,,0,0,10,10,False
cal_positive_0p15_G3,v6_cal_pair_07,positive,left,right,none,2,1240,1567,1240,,,[],0.005380246788263321,True,,,,0,0,10,10,False
cal_positive_0p15_G3,v6_cal_pair_07,positive,left,right,none,3,1832,2163,1832,,,[],0.00825541466474533,True,,,,0,0,10,10,False
cal_positive_0p15_G3,v6_cal_pair_07,positive,left,right,none,4,2427,2751,2427,,,[],0.007558679208159447,True,,,,0,0,10,10,False
cal_positive_0p15_G3,v6_cal_pair_07,positive,left,right,none,5,2758,2760,2758,,,[],0.0002259450120618567,False,,,,0,0,2,2,False
cal_control_0p15_G3,v6_cal_pair_07,control,left,left,none,0,39,89,39,,,[],0.0006854920065961778,True,,,,0,0,10,19,False
cal_control_0p15_G3,v6_cal_pair_07,control,left,left,none,1,304,683,304,,,[],0.008012762293219566,True,,,,0,0,10,13,False
cal_control_0p15_G3,v6_cal_pair_07,control,left,left,none,2,946,1290,946,,,[],0.002088989596813917,True,,,,0,0,10,10,False
cal_control_0p15_G3,v6_cal_pair_07,control,left,left,none,3,1555,1885,1555,,,[],0.001717482111416757,True,,,,0,0,10,14,False
cal_control_0p15_G3,v6_cal_pair_07,control,left,left,none,4,2152,2484,2152,,,[],0.0019163121469318867,True,,,,0,0,10,14,False
cal_control_0p15_G3,v6_cal_pair_07,control,left,left,none,5,2749,3000,2749,,,[],0.0023471072781831026,True,,,,0,0,10,10,False
cal_control_0p15_G3,v6_cal_pair_07,control,left,right,none,0,37,328,37,,,[],0.003014656947925687,True,,,,0,0,10,10,False
cal_control_0p15_G3,v6_cal_pair_07,control,left,right,none,1,642,984,642,,,[],0.0049865455366671085,True,,,,0,0,10,10,False
cal_control_0p15_G3,v6_cal_pair_07,control,left,right,none,2,1251,1590,1251,,,[],0.0052771721966564655,True,,,,0,0,10,10,False
cal_control_0p15_G3,v6_cal_pair_07,control,left,right,none,3,1597,1601,1597,,,[],0.0003802775463555008,False,,,,0,0,4,4,False
cal_control_0p15_G3,v6_cal_pair_07,control,left,right,none,4,1847,2185,1847,,,[],0.005713529884815216,True,,,,0,0,10,10,False
cal_control_0p15_G3,v6_cal_pair_07,control,left,right,none,5,2445,2784,2445,,,[],0.0063077532686293125,True,,,,0,0,10,10,False
cal_positive_0p20_G0,v6_cal_pair_08,positive,left,left,left,0,39,89,39,,,[],0.0006875168182887137,True,,,,0,0,10,19,False
cal_positive_0p20_G0,v6_cal_pair_08,positive,left,left,left,1,304,583,304,,,[],0.040296848863363266,True,,,,0,0,10,14,False
cal_positive_0p20_G0,v6_cal_pair_08,positive,left,left,left,2,584,661,584,,,[],0.007816705852746964,True,,,,0,0,10,11,False
cal_positive_0p20_G0,v6_cal_pair_08,positive,left,left,left,3,918,1253,918,1215,298,"[[1215,1253]]",0.05748540535569191,True,,,,0,0,10,10,False
cal_positive_0p20_G0,v6_cal_pair_08,positive,left,left,left,4,1519,1802,1519,,,[],0.040794551372528076,True,,,,0,0,10,10,False
cal_positive_0p20_G0,v6_cal_pair_08,positive,left,left,left,5,1803,1862,1803,,,[],0.007344432175159454,True,,,,0,0,10,12,False
cal_positive_0p20_G0,v6_cal_pair_08,positive,left,left,left,6,2120,2374,2120,,,[],0.02167006954550743,True,,,,0,0,10,10,False
cal_positive_0p20_G0,v6_cal_pair_08,positive,left,left,left,7,2375,2470,2375,,,[],0.003674357198178768,True,,,,0,0,10,20,False
cal_positive_0p20_G0,v6_cal_pair_08,positive,left,left,left,8,2730,3000,2730,,,[],0.022870318964123726,True,,,,0,0,10,10,False
cal_positive_0p20_G0,v6_cal_pair_08,positive,left,right,left,0,37,328,37,,,[],0.0030492893420159817,True,,,,0,0,10,10,False
cal_positive_0p20_G0,v6_cal_pair_08,positive,left,right,left,1,335,337,335,,,[],0.00023227729252539575,False,,,,0,0,2,2,False
cal_positive_0p20_G0,v6_cal_pair_08,positive,left,right,left,2,624,944,624,,,[],0.008923898451030254,True,,,,0,0,10,10,False
cal_positive_0p20_G0,v6_cal_pair_08,positive,left,right,left,3,1226,1544,1226,,,[],0.009027829393744469,True,,,,0,0,10,10,False
cal_positive_0p20_G0,v6_cal_pair_08,positive,left,right,left,4,1827,2145,1827,,,[],0.008738466538488865,True,,,,0,0,10,10,False
cal_positive_0p20_G0,v6_cal_pair_08,positive,left,right,left,5,2432,2756,2432,,,[],0.007022661156952381,True,,,,0,0,10,10,False
cal_positive_0p20_G0,v6_cal_pair_08,positive,left,right,left,6,2760,2761,2760,,,[],0.0,False,,,,0,0,1,1,False
cal_control_0p20_G0,v6_cal_pair_08,control,left,left,none,0,39,89,39,,,[],0.0006875168182887137,True,,,,0,0,10,19,False
cal_control_0p20_G0,v6_cal_pair_08,control,left,left,none,1,304,682,304,,,[],0.008814332075417042,True,,,,0,0,10,12,False
cal_control_0p20_G0,v6_cal_pair_08,control,left,left,none,2,948,1287,948,,,[],0.002916045254096389,True,,,,0,0,10,16,False
cal_control_0p20_G0,v6_cal_pair_08,control,left,left,none,3,1560,1884,1560,,,[],0.002777877263724804,True,,,,0,0,10,14,False
cal_control_0p20_G0,v6_cal_pair_08,control,left,left,none,4,2154,2483,2154,,,[],0.002879948355257511,True,,,,0,0,10,13,False
cal_control_0p20_G0,v6_cal_pair_08,control,left,left,none,5,2753,3000,2753,,,[],0.0030179384630173445,True,,,,0,0,10,10,False
cal_control_0p20_G0,v6_cal_pair_08,control,left,right,none,0,37,328,37,,,[],0.0030492893420159817,True,,,,0,0,10,10,False
cal_control_0p20_G0,v6_cal_pair_08,control,left,right,none,1,335,337,335,,,[],0.00023227729252539575,False,,,,0,0,2,2,False
cal_control_0p20_G0,v6_cal_pair_08,control,left,right,none,2,641,984,641,,,[],0.005396069958806038,True,,,,0,0,10,10,False
cal_control_0p20_G0,v6_cal_pair_08,control,left,right,none,3,1250,1590,1250,,,[],0.006460216362029314,True,,,,0,0,10,10,False
cal_control_0p20_G0,v6_cal_pair_08,control,left,right,none,4,1595,1601,1595,,,[],0.0006151926354505122,False,,,,0,0,6,6,False
cal_control_0p20_G0,v6_cal_pair_08,control,left,right,none,5,1845,2185,1845,,,[],0.0074122026562690735,True,,,,0,0,10,10,False
cal_control_0p20_G0,v6_cal_pair_08,control,left,right,none,6,2445,2784,2445,,,[],0.007457596715539694,True,,,,0,0,10,10,False
cal_positive_0p20_G1,v6_cal_pair_09,positive,left,left,none,0,39,89,39,,,[],0.0006869262433610857,True,,,,0,0,10,19,False
cal_positive_0p20_G1,v6_cal_pair_09,positive,left,left,none,1,304,666,304,,,[],0.03608488291501999,True,,,,0,0,10,17,False
cal_positive_0p20_G1,v6_cal_pair_09,positive,left,left,none,2,924,1198,924,,,[],0.02891775593161583,True,,,,0,0,10,10,False
cal_positive_0p20_G1,v6_cal_pair_09,positive,left,left,none,3,1199,1264,1199,,,[],0.004516403190791607,True,,,,0,0,10,14,False
cal_positive_0p20_G1,v6_cal_pair_09,positive,left,left,none,4,1521,1800,1521,,,[],0.035343773663043976,True,,,,0,0,10,10,False
cal_positive_0p20_G1,v6_cal_pair_09,positive,left,left,none,5,1801,1857,1801,,,[],0.005991589277982712,True,,,,0,0,10,10,False
cal_positive_0p20_G1,v6_cal_pair_09,positive,left,left,none,6,2121,2374,2121,,,[],0.021569402888417244,True,,,,0,0,10,10,False
cal_positive_0p20_G1,v6_cal_pair_09,positive,left,left,none,7,2375,2466,2375,,,[],0.003707170020788908,True,,,,0,0,10,16,False
cal_positive_0p20_G1,v6_cal_pair_09,positive,left,left,none,8,2729,2947,2729,,,[],0.006809815298765898,True,,,,0,0,10,10,False
cal_positive_0p20_G1,v6_cal_pair_09,positive,left,left,none,9,2948,3000,2948,,,[],0.0016812989488244057,True,,,,0,0,10,10,False
cal_positive_0p20_G1,v6_cal_pair_09,positive,left,right,none,0,37,328,37,,,[],0.003048868849873543,True,,,,0,0,10,10,False
cal_positive_0p20_G1,v6_cal_pair_09,positive,left,right,none,1,335,337,335,,,[],0.00023222954769153148,False,,,,0,0,2,2,False
cal_positive_0p20_G1,v6_cal_pair_09,positive,left,right,none,2,628,947,628,,,[],0.007980274967849255,True,,,,0,0,10,10,False
cal_positive_0p20_G1,v6_cal_pair_09,positive,left,right,none,3,1228,1545,1228,,,[],0.00909617729485035,True,,,,0,0,10,10,False
cal_positive_0p20_G1,v6_cal_pair_09,positive,left,right,none,4,1825,2145,1825,,,[],0.009004263207316399,True,,,,0,0,10,10,False
cal_positive_0p20_G1,v6_cal_pair_09,positive,left,right,none,5,2430,2754,2430,,,[],0.007832604460418224,True,,,,0,0,10,10,False
cal_positive_0p20_G1,v6_cal_pair_09,positive,left,right,none,6,2757,2761,2757,,,[],0.0005508472095243633,False,,,,0,0,4,4,False
cal_control_0p20_G1,v6_cal_pair_09,control,left,left,none,0,39,89,39,,,[],0.0006869262433610857,True,,,,0,0,10,19,False
cal_control_0p20_G1,v6_cal_pair_09,control,left,left,none,1,304,676,304,,,[],0.008818447589874268,True,,,,0,0,10,10,False
cal_control_0p20_G1,v6_cal_pair_09,control,left,left,none,2,948,1281,948,,,[],0.002709851134568453,True,,,,0,0,10,11,False
cal_control_0p20_G1,v6_cal_pair_09,control,left,left,none,3,1561,1875,1561,,,[],0.0027977474965155125,True,,,,0,0,10,10,False
cal_control_0p20_G1,v6_cal_pair_09,control,left,left,none,4,1876,1882,1876,,,[],0.0001598837843630463,False,,,,0,0,6,6,False
cal_control_0p20_G1,v6_cal_pair_09,control,left,left,none,5,2155,2470,2155,,,[],0.002922256477177143,True,,,,0,0,10,10,False
cal_control_0p20_G1,v6_cal_pair_09,control,left,left,none,6,2471,2482,2471,,,[],0.00033603986958041787,False,,,,0,0,10,11,False
cal_control_0p20_G1,v6_cal_pair_09,control,left,left,none,7,2754,3000,2754,,,[],0.0030778772197663784,True,,,,0,0,10,10,False
cal_control_0p20_G1,v6_cal_pair_09,control,left,right,none,0,37,328,37,,,[],0.003048868849873543,True,,,,0,0,10,10,False
cal_control_0p20_G1,v6_cal_pair_09,control,left,right,none,1,335,337,335,,,[],0.00023222954769153148,False,,,,0,0,2,2,False
cal_control_0p20_G1,v6_cal_pair_09,control,left,right,none,2,642,984,642,,,[],0.005382462404668331,True,,,,0,0,10,10,False
cal_control_0p20_G1,v6_cal_pair_09,control,left,right,none,3,1251,1592,1251,,,[],0.006031863857060671,True,,,,0,0,10,10,False
cal_control_0p20_G1,v6_cal_pair_09,control,left,right,none,4,1595,1601,1595,,,[],0.00044922286178916693,False,,,,0,0,6,6,False
cal_control_0p20_G1,v6_cal_pair_09,control,left,right,none,5,1846,2185,1846,,,[],0.007294710259884596,True,,,,0,0,10,10,False
cal_control_0p20_G1,v6_cal_pair_09,control,left,right,none,6,2447,2785,2447,,,[],0.006905758753418922,True,,,,0,0,10,10,False
cal_positive_0p20_G2,v6_cal_pair_10,positive,left,left,left,0,39,89,39,,,[],0.0006875048275105655,True,,,,0,0,10,19,False
cal_positive_0p20_G2,v6_cal_pair_10,positive,left,left,left,1,304,661,304,602,299,"[[602,660]]",0.0529019758105278,True,,,,0,0,10,13,False
cal_positive_0p20_G2,v6_cal_pair_10,positive,left,left,left,2,917,1195,917,,,[],0.038644079118967056,True,,,,0,0,10,10,False
cal_positive_0p20_G2,v6_cal_pair_10,positive,left,left,left,3,1196,1262,1196,,,[],0.0069216289557516575,True,,,,0,0,10,12,False
cal_positive_0p20_G2,v6_cal_pair_10,positive,left,left,left,4,1519,1809,1519,,,[],0.045071475207805634,True,,,,0,0,10,10,False
cal_positive_0p20_G2,v6_cal_pair_10,positive,left,left,left,5,1810,1854,1810,,,[],0.006837658118456602,True,,,,0,0,10,10,False
cal_positive_0p20_G2,v6_cal_pair_10,positive,left,left,left,6,2120,2475,2120,,,[],0.0189785398542881,True,,,,0,0,10,10,False
cal_positive_0p20_G2,v6_cal_pair_10,positive,left,left,left,7,2738,3000,2738,,,[],0.016055157408118248,True,,,,0,0,10,10,False
cal_positive_0p20_G2,v6_cal_pair_10,positive,left,right,left,0,37,328,37,,,[],0.0030492721125483513,True,,,,0,0,10,10,False
cal_positive_0p20_G2,v6_cal_pair_10,positive,left,right,left,1,335,337,335,,,[],0.00023227717611007392,False,,,,0,0,2,2,False
cal_positive_0p20_G2,v6_cal_pair_10,positive,left,right,left,2,624,944,624,,,[],0.00847669504582882,True,,,,0,0,10,10,False
cal_positive_0p20_G2,v6_cal_pair_10,positive,left,right,left,3,1227,1544,1227,,,[],0.008457822725176811,True,,,,0,0,10,10,False
cal_positive_0p20_G2,v6_cal_pair_10,positive,left,right,left,4,1825,2144,1825,,,[],0.009511781856417656,True,,,,0,0,10,10,False
cal_positive_0p20_G2,v6_cal_pair_10,positive,left,right,left,5,2435,2765,2435,,,[],0.00675610639154911,True,,,,0,0,10,10,False
cal_control_0p20_G2,v6_cal_pair_10,control,left,left,none,0,39,89,39,,,[],0.0006875048275105655,True,,,,0,0,10,19,False
cal_control_0p20_G2,v6_cal_pair_10,control,left,left,none,1,304,682,304,,,[],0.008814170025289059,True,,,,0,0,10,12,False
cal_control_0p20_G2,v6_cal_pair_10,control,left,left,none,2,948,1287,948,,,[],0.002916126511991024,True,,,,0,0,10,16,False
cal_control_0p20_G2,v6_cal_pair_10,control,left,left,none,3,1560,1884,1560,,,[],0.0027778625953942537,True,,,,0,0,10,14,False
cal_control_0p20_G2,v6_cal_pair_10,control,left,left,none,4,2154,2483,2154,,,[],0.002879919484257698,True,,,,0,0,10,13,False
cal_control_0p20_G2,v6_cal_pair_10,control,left,left,none,5,2753,3000,2753,,,[],0.003017909824848175,True,,,,0,0,10,10,False
cal_control_0p20_G2,v6_cal_pair_10,control,left,right,none,0,37,328,37,,,[],0.0030492721125483513,True,,,,0,0,10,10,False
cal_control_0p20_G2,v6_cal_pair_10,control,left,right,none,1,335,337,335,,,[],0.00023227717611007392,False,,,,0,0,2,2,False
cal_control_0p20_G2,v6_cal_pair_10,control,left,right,none,2,641,984,641,,,[],0.0053960708901286125,True,,,,0,0,10,10,False
cal_control_0p20_G2,v6_cal_pair_10,control,left,right,none,3,1250,1590,1250,,,[],0.006460230331867933,True,,,,0,0,10,10,False
cal_control_0p20_G2,v6_cal_pair_10,control,left,right,none,4,1595,1601,1595,,,[],0.0006151997949928045,False,,,,0,0,6,6,False
cal_control_0p20_G2,v6_cal_pair_10,control,left,right,none,5,1845,2185,1845,,,[],0.0074122026562690735,True,,,,0,0,10,10,False
cal_control_0p20_G2,v6_cal_pair_10,control,left,right,none,6,2445,2784,2445,,,[],0.007457566913217306,True,,,,0,0,10,10,False
cal_positive_0p20_G3,v6_cal_pair_11,positive,left,left,none,0,39,89,39,,,[],0.0006850181962363422,True,,,,0,0,10,19,False
cal_positive_0p20_G3,v6_cal_pair_11,positive,left,left,none,1,304,672,304,,,[],0.027109317481517792,True,,,,0,0,10,23,False
cal_positive_0p20_G3,v6_cal_pair_11,positive,left,left,none,2,931,1150,931,,,[],0.005805984605103731,True,,,,0,0,10,10,False
cal_positive_0p20_G3,v6_cal_pair_11,positive,left,left,none,3,1151,1276,1151,,,[],0.0014400180662050843,True,,,,0,0,10,10,False
cal_positive_0p20_G3,v6_cal_pair_11,positive,left,left,none,4,1545,1860,1545,,,[],0.02802056074142456,True,,,,0,0,10,10,False
cal_positive_0p20_G3,v6_cal_pair_11,positive,left,left,none,5,2138,2356,2138,,,[],0.006699946243315935,True,,,,0,0,10,10,False
cal_positive_0p20_G3,v6_cal_pair_11,positive,left,left,none,6,2357,2474,2357,,,[],0.0015777477528899908,True,,,,0,0,10,10,False
cal_positive_0p20_G3,v6_cal_pair_11,positive,left,left,none,7,2740,3000,2740,,,[],0.014748897403478622,True,,,,0,0,10,10,False
cal_positive_0p20_G3,v6_cal_pair_11,positive,left,right,none,0,37,328,37,,,[],0.0030473435763269663,True,,,,0,0,10,10,False
cal_positive_0p20_G3,v6_cal_pair_11,positive,left,right,none,1,335,337,335,,,[],0.00023207080084830523,False,,,,0,0,2,2,False
cal_positive_0p20_G3,v6_cal_pair_11,positive,left,right,none,2,632,963,632,,,[],0.0069420114159584045,True,,,,0,0,10,10,False
cal_positive_0p20_G3,v6_cal_pair_11,positive,left,right,none,3,1238,1571,1238,,,[],0.006991211790591478,True,,,,0,0,10,10,False
cal_positive_0p20_G3,v6_cal_pair_11,positive,left,right,none,4,1576,1581,1576,,,[],0.0006324287969619036,False,,,,0,0,5,5,False
cal_positive_0p20_G3,v6_cal_pair_11,positive,left,right,none,5,1835,2165,1835,,,[],0.008161486126482487,True,,,,0,0,10,10,False
cal_positive_0p20_G3,v6_cal_pair_11,positive,left,right,none,6,2434,2766,2434,,,[],0.007171382661908865,True,,,,0,0,10,10,False
cal_control_0p20_G3,v6_cal_pair_11,control,left,left,none,0,39,89,39,,,[],0.0006850181962363422,True,,,,0,0,10,19,False
cal_control_0p20_G3,v6_cal_pair_11,control,left,left,none,1,304,676,304,,,[],0.008800609037280083,True,,,,0,0,10,10,False
cal_control_0p20_G3,v6_cal_pair_11,control,left,left,none,2,948,1280,948,,,[],0.002810712903738022,True,,,,0,0,10,10,False
cal_control_0p20_G3,v6_cal_pair_11,control,left,left,none,3,1560,1881,1560,,,[],0.0029923482798039913,True,,,,0,0,10,11,False
cal_control_0p20_G3,v6_cal_pair_11,control,left,left,none,4,2155,2480,2155,,,[],0.0031900990288704634,True,,,,0,0,10,10,False
cal_control_0p20_G3,v6_cal_pair_11,control,left,left,none,5,2754,3000,2754,,,[],0.003082957351580262,True,,,,0,0,10,10,False
cal_control_0p20_G3,v6_cal_pair_11,control,left,right,none,0,37,328,37,,,[],0.0030473435763269663,True,,,,0,0,10,10,False
cal_control_0p20_G3,v6_cal_pair_11,control,left,right,none,1,335,337,335,,,[],0.00023207080084830523,False,,,,0,0,2,2,False
cal_control_0p20_G3,v6_cal_pair_11,control,left,right,none,2,642,984,642,,,[],0.005381985567510128,True,,,,0,0,10,10,False
cal_control_0p20_G3,v6_cal_pair_11,control,left,right,none,3,1251,1592,1251,,,[],0.00603543221950531,True,,,,0,0,10,10,False
cal_control_0p20_G3,v6_cal_pair_11,control,left,right,none,4,1596,1602,1596,,,[],0.00048429466551169753,False,,,,0,0,6,6,False
cal_control_0p20_G3,v6_cal_pair_11,control,left,right,none,5,1846,2186,1846,,,[],0.007304108701646328,True,,,,0,0,10,10,False
cal_control_0p20_G3,v6_cal_pair_11,control,left,right,none,6,2447,2785,2447,,,[],0.006884978152811527,True,,,,0,0,10,10,False
