run_id,pair_id,pair_index,role,block,geometry_candidate,geometry_sha256,speed_mps,target_foot,target_phase,severity,material_profile,control_type,variation_index,phase_fraction,command_delay_s,lateral_offset_m,seed,duration_s,disposition,pair_fingerprint,patch,collision_geometry_sha256,initial_qpos_sha256,initial_qvel_sha256,initial_policy_observation_sha256,sample_count,first_sample_time_s,last_sample_time_s,sample_spacing_max_error_s,fusion20_shape,finite_fusion20,first_patch_contact_sample,patch_active_contact_sample_count,intervention_configured_physics_steps,effective_patch_friction_mean,patch_base_double_contact_count,left_first_loaded_touchdown_sample,right_first_loaded_touchdown_sample,first_fall_sample,first_fall_time_s,fall_occurred,fall_reason,post_fall_excluded_sample_count,full_trace_sha256,discarded,replaced,silently_relabelled,development_only,geometry_contract_sha256,source_calibration_only_do_not_train,training_use_assigned
cal_positive_0p10_G0,v6_cal_pair_00,0,positive,calibration,G0,a7ecd6fa3e44f49b07f3b0a0729d091f2156bc8493b171549748776c9fde5583,0.1,left,mid_late_stance,moderate_ice_preregistered,moderate_ice_preregistered,hard_normal,1,0.41,0.04,0.0,202608600,3.0,SOURCE_CALIBRATION_ONLY_DO_NOT_TRAIN,890ae80a120181489265b88999a5a9d4a01843cea7de9ab4adbc3652a4ef2faa,"{'x_min_m': -1.0, 'x_max_m': 2.0, 'y_min_m': -0.8, 'y_max_m': 0.8, 'top_z_m': 0.0}",58b3071a02305e9ea39c75751a7a9c67c32afb648478888eb597c404f529b717,76f5e6aefb90d3dd7a64170c6814fca186f85f75501c2dff5fc7c13b70c3af70,b6f83f5963d639cf471c493f6a49b1d757836041638b24df73bb5b1305d12e33,9145d4546123182ed68a19d519066e07547c7a9c385db1f5ec2a30986e59f0f8,3000,0.001,3.000000000000169,3.3393426912553537e-16,"[3000, 20]",True,39,1685,853,0.7724629080118693,0,39,37,,,False,,0,d3bc448ac0eca81e508eb6cbc51e59a14aacc07948178352bb5a2dcea4df93d3,False,False,False,True,a7ecd6fa3e44f49b07f3b0a0729d091f2156bc8493b171549748776c9fde5583,True,False
cal_control_0p10_G0,v6_cal_pair_00,0,control,calibration,G0,a7ecd6fa3e44f49b07f3b0a0729d091f2156bc8493b171549748776c9fde5583,0.1,left,mid_late_stance,moderate_ice_preregistered,hard_normal,hard_normal,1,0.41,0.04,0.0,202608600,3.0,SOURCE_CALIBRATION_ONLY_DO_NOT_TRAIN,890ae80a120181489265b88999a5a9d4a01843cea7de9ab4adbc3652a4ef2faa,"{'x_min_m': -1.0, 'x_max_m': 2.0, 'y_min_m': -0.8, 'y_max_m': 0.8, 'top_z_m': 0.0}",58b3071a02305e9ea39c75751a7a9c67c32afb648478888eb597c404f529b717,76f5e6aefb90d3dd7a64170c6814fca186f85f75501c2dff5fc7c13b70c3af70,b6f83f5963d639cf471c493f6a49b1d757836041638b24df73bb5b1305d12e33,9145d4546123182ed68a19d519066e07547c7a9c385db1f5ec2a30986e59f0f8,3000,0.001,3.000000000000169,3.3393426912553537e-16,"[3000, 20]",True,39,1704,0,1.0,0,39,37,,,False,,0,430bb8ff19278d9bd4591b05a9cc2bf10a6c182e430c621a1273bfc4963ced47,False,False,False,True,a7ecd6fa3e44f49b07f3b0a0729d091f2156bc8493b171549748776c9fde5583,True,False
cal_positive_0p10_G1,v6_cal_pair_01,1,positive,calibration,G1,051eaaaa756841b4390c2cb9bf5de7c4dcc96a9ccdca3afb07d8cb1b424d3396,0.1,left,mid_late_stance,moderate_ice_preregistered,moderate_ice_preregistered,near_slip_non_event,1,0.41,0.04,0.0,202608601,3.0,SOURCE_CALIBRATION_ONLY_DO_NOT_TRAIN,e08629cb18021d41b18049eea8206d321182dc1b8a4bf1d4d4aa46710ad1c639,"{'x_min_m': -1.15, 'x_max_m': 1.85, 'y_min_m': -0.8, 'y_max_m': 0.8, 'top_z_m': 0.0}",61f22ae9b3067ff08b8a5a5ee242905d6f1c71930f90f9aa6e3a54c37180c5b4,cf11c7ac998e4fca980677f59482e1b15c681dcea128fcb51009ee504d85f823,0dc5c93d9bd4fe3282dc30714a1f4ed0f01e30a59d076016229ead18ecdd44ac,9145d4546123182ed68a19d519066e07547c7a9c385db1f5ec2a30986e59f0f8,3000,0.001,3.000000000000169,3.3393426912553537e-16,"[3000, 20]",True,39,1707,655,0.8281195079086116,0,39,37,,,False,,0,14bfcd42a7a81a8430c4d50e247ea6c7f87dc2eb397844e5a7612ff25aa787c9,False,False,False,True,051eaaaa756841b4390c2cb9bf5de7c4dcc96a9ccdca3afb07d8cb1b424d3396,True,False
cal_control_0p10_G1,v6_cal_pair_01,1,control,calibration,G1,051eaaaa756841b4390c2cb9bf5de7c4dcc96a9ccdca3afb07d8cb1b424d3396,0.1,left,mid_late_stance,moderate_ice_preregistered,near_slip_non_event,near_slip_non_event,1,0.41,0.04,0.0,202608601,3.0,SOURCE_CALIBRATION_ONLY_DO_NOT_TRAIN,e08629cb18021d41b18049eea8206d321182dc1b8a4bf1d4d4aa46710ad1c639,"{'x_min_m': -1.15, 'x_max_m': 1.85, 'y_min_m': -0.8, 'y_max_m': 0.8, 'top_z_m': 0.0}",61f22ae9b3067ff08b8a5a5ee242905d6f1c71930f90f9aa6e3a54c37180c5b4,cf11c7ac998e4fca980677f59482e1b15c681dcea128fcb51009ee504d85f823,0dc5c93d9bd4fe3282dc30714a1f4ed0f01e30a59d076016229ead18ecdd44ac,9145d4546123182ed68a19d519066e07547c7a9c385db1f5ec2a30986e59f0f8,3000,0.001,3.000000000000169,3.3393426912553537e-16,"[3000, 20]",True,39,1675,1332,0.7423283582089553,0,39,37,,,False,,0,f79a4eaf3548633dc9362db9af7b70fac8921fca278cdd9adbc0ee1ab2cb12ae,False,False,False,True,051eaaaa756841b4390c2cb9bf5de7c4dcc96a9ccdca3afb07d8cb1b424d3396,True,False
cal_positive_0p10_G2,v6_cal_pair_02,2,positive,calibration,G2,38ca90cb5eb8d4ea14380f58e0f24d550e8fdb5f77dec68fabfe8e374467ca74,0.1,left,mid_late_stance,moderate_ice_preregistered,moderate_ice_preregistered,hard_normal,1,0.41,0.04,0.0,202608602,3.0,SOURCE_CALIBRATION_ONLY_DO_NOT_TRAIN,114a6fa42dd3d41d3d9d5419b9ca57c7dd350e343786df7345c183f1e93aa3a3,"{'x_min_m': -1.2249999999999999, 'x_max_m': 2.2249999999999996, 'y_min_m': -0.8, 'y_max_m': 0.8, 'top_z_m': 0.0}",e39766437cc3b7767ce76e552f93be43f596947d63b02c44625c47fb59c5d455,7bbea6ae7075021948243ecdf88a29fdc5a2c0a063e7d192d69723e75df9b42f,12faca93828464f1886dec79484b3064a6de57f2c1010489ef7b2384450f885c,9145d4546123182ed68a19d519066e07547c7a9c385db1f5ec2a30986e59f0f8,3000,0.001,3.000000000000169,3.3393426912553537e-16,"[3000, 20]",True,39,1707,655,0.8281195079086116,0,39,37,,,False,,0,85e03b2399fb4da57f41f0cb001474cf433be09a843628ad8ddcd8f43feccbd1,False,False,False,True,38ca90cb5eb8d4ea14380f58e0f24d550e8fdb5f77dec68fabfe8e374467ca74,True,False
cal_control_0p10_G2,v6_cal_pair_02,2,control,calibration,G2,38ca90cb5eb8d4ea14380f58e0f24d550e8fdb5f77dec68fabfe8e374467ca74,0.1,left,mid_late_stance,moderate_ice_preregistered,hard_normal,hard_normal,1,0.41,0.04,0.0,202608602,3.0,SOURCE_CALIBRATION_ONLY_DO_NOT_TRAIN,114a6fa42dd3d41d3d9d5419b9ca57c7dd350e343786df7345c183f1e93aa3a3,"{'x_min_m': -1.2249999999999999, 'x_max_m': 2.2249999999999996, 'y_min_m': -0.8, 'y_max_m': 0.8, 'top_z_m': 0.0}",e39766437cc3b7767ce76e552f93be43f596947d63b02c44625c47fb59c5d455,7bbea6ae7075021948243ecdf88a29fdc5a2c0a063e7d192d69723e75df9b42f,12faca93828464f1886dec79484b3064a6de57f2c1010489ef7b2384450f885c,9145d4546123182ed68a19d519066e07547c7a9c385db1f5ec2a30986e59f0f8,3000,0.001,3.000000000000169,3.3393426912553537e-16,"[3000, 20]",True,39,1703,0,1.0,0,39,37,,,False,,0,d5a99f0b32ac5f96c1b8f6afb1c9a2bb099f66cb16b8c51087bc9cf39884466c,False,False,False,True,38ca90cb5eb8d4ea14380f58e0f24d550e8fdb5f77dec68fabfe8e374467ca74,True,False
cal_positive_0p10_G3,v6_cal_pair_03,3,positive,calibration,G3,48230d0329c3281d43809f9a56f7acf524a936c6e74e8006284045b221cf3f0e,0.1,left,mid_late_stance,moderate_ice_preregistered,moderate_ice_preregistered,near_slip_non_event,1,0.41,0.04,0.0,202608603,3.0,SOURCE_CALIBRATION_ONLY_DO_NOT_TRAIN,3c2a98b2cb3ba28c6cd79edbd8ae94c5e39792df3aa2514be54fe0cd46f2278b,"{'x_min_m': -1.375, 'x_max_m': 2.0749999999999997, 'y_min_m': -0.8, 'y_max_m': 0.8, 'top_z_m': 0.0}",8bc607c302f3f715704c58f1da786ffb3d6b54542f25b93b844048fc42d12ab1,604700403ffe7c00e15f774dbf8a668afb523324de78c73b4f142085e1e75dd8,54d75b7463657718aee3b6f5ac30e57618e5cf92cb2e59cb761319f3099cd648,9145d4546123182ed68a19d519066e07547c7a9c385db1f5ec2a30986e59f0f8,3000,0.001,3.000000000000169,3.3393426912553537e-16,"[3000, 20]",True,39,1700,746,0.8035882352941176,0,39,37,,,False,,0,15222cf772713ce5b1150d35d05a6f81714bfb2a4b9b7c35dbc6ab52fe9214ce,False,False,False,True,48230d0329c3281d43809f9a56f7acf524a936c6e74e8006284045b221cf3f0e,True,False
cal_control_0p10_G3,v6_cal_pair_03,3,control,calibration,G3,48230d0329c3281d43809f9a56f7acf524a936c6e74e8006284045b221cf3f0e,0.1,left,mid_late_stance,moderate_ice_preregistered,near_slip_non_event,near_slip_non_event,1,0.41,0.04,0.0,202608603,3.0,SOURCE_CALIBRATION_ONLY_DO_NOT_TRAIN,3c2a98b2cb3ba28c6cd79edbd8ae94c5e39792df3aa2514be54fe0cd46f2278b,"{'x_min_m': -1.375, 'x_max_m': 2.0749999999999997, 'y_min_m': -0.8, 'y_max_m': 0.8, 'top_z_m': 0.0}",8bc607c302f3f715704c58f1da786ffb3d6b54542f25b93b844048fc42d12ab1,604700403ffe7c00e15f774dbf8a668afb523324de78c73b4f142085e1e75dd8,54d75b7463657718aee3b6f5ac30e57618e5cf92cb2e59cb761319f3099cd648,9145d4546123182ed68a19d519066e07547c7a9c385db1f5ec2a30986e59f0f8,3000,0.001,3.000000000000169,3.3393426912553537e-16,"[3000, 20]",True,39,1676,1323,0.7444212410501194,0,39,37,,,False,,0,6fc816d03044e7732871949f945eed3114f959d857ee5cab06fed6d06ea02191,False,False,False,True,48230d0329c3281d43809f9a56f7acf524a936c6e74e8006284045b221cf3f0e,True,False
cal_positive_0p15_G0,v6_cal_pair_04,4,positive,calibration,G0,a7ecd6fa3e44f49b07f3b0a0729d091f2156bc8493b171549748776c9fde5583,0.15,left,mid_late_stance,moderate_ice_preregistered,moderate_ice_preregistered,near_slip_non_event,1,0.41,0.04,0.0,202608604,3.0,SOURCE_CALIBRATION_ONLY_DO_NOT_TRAIN,c58172824fd54d0f8a54ab718fdb511c09ae70c8071b5118792d066028fb04f5,"{'x_min_m': -1.0, 'x_max_m': 2.0, 'y_min_m': -0.8, 'y_max_m': 0.8, 'top_z_m': 0.0}",58b3071a02305e9ea39c75751a7a9c67c32afb648478888eb597c404f529b717,aa72bd9eef32e97b4293d526a5a87e74ef2dd1f1853100f69b1919d863f42ad9,4cc76733330c9aec63cdca2cbc488051b52f1c2819121bc9c878237e881172fa,9145d4546123182ed68a19d519066e07547c7a9c385db1f5ec2a30986e59f0f8,3000,0.001,3.000000000000169,3.3393426912553537e-16,"[3000, 20]",True,39,1693,751,0.8022445363260483,0,39,37,,,False,,0,96c614e58b2a3b4f0cf20a08275bf58a370b77487768cde7f54dd3b7bc1fee11,False,False,False,True,a7ecd6fa3e44f49b07f3b0a0729d091f2156bc8493b171549748776c9fde5583,True,False
cal_control_0p15_G0,v6_cal_pair_04,4,control,calibration,G0,a7ecd6fa3e44f49b07f3b0a0729d091f2156bc8493b171549748776c9fde5583,0.15,left,mid_late_stance,moderate_ice_preregistered,near_slip_non_event,near_slip_non_event,1,0.41,0.04,0.0,202608604,3.0,SOURCE_CALIBRATION_ONLY_DO_NOT_TRAIN,c58172824fd54d0f8a54ab718fdb511c09ae70c8071b5118792d066028fb04f5,"{'x_min_m': -1.0, 'x_max_m': 2.0, 'y_min_m': -0.8, 'y_max_m': 0.8, 'top_z_m': 0.0}",58b3071a02305e9ea39c75751a7a9c67c32afb648478888eb597c404f529b717,aa72bd9eef32e97b4293d526a5a87e74ef2dd1f1853100f69b1919d863f42ad9,4cc76733330c9aec63cdca2cbc488051b52f1c2819121bc9c878237e881172fa,9145d4546123182ed68a19d519066e07547c7a9c385db1f5ec2a30986e59f0f8,3000,0.001,3.000000000000169,3.3393426912553537e-16,"[3000, 20]",True,39,1668,1282,0.750599520383693,0,39,37,,,False,,0,d558f4cd5d1367b4eb9d20f7a174a29c14bdb26d001b99f06ece2a135da80ce0,False,False,False,True,a7ecd6fa3e44f49b07f3b0a0729d091f2156bc8493b171549748776c9fde5583,True,False
cal_positive_0p15_G1,v6_cal_pair_05,5,positive,calibration,G1,051eaaaa756841b4390c2cb9bf5de7c4dcc96a9ccdca3afb07d8cb1b424d3396,0.15,left,mid_late_stance,moderate_ice_preregistered,moderate_ice_preregistered,hard_normal,1,0.41,0.04,0.0,202608605,3.0,SOURCE_CALIBRATION_ONLY_DO_NOT_TRAIN,34ea631ed3ae1c02b6e7acbe41b3ae9b80593d037ee66395a2ad1e5e4c3356f8,"{'x_min_m': -1.15, 'x_max_m': 1.85, 'y_min_m': -0.8, 'y_max_m': 0.8, 'top_z_m': 0.0}",61f22ae9b3067ff08b8a5a5ee242905d6f1c71930f90f9aa6e3a54c37180c5b4,35f16d3e60ecd4206c86e2454b20eef3402cc45b42c8df3f3e273fe7fbb94d0c,3a6c0004179da49802a6ed39f5aa47b681dea2e339dbfa84fa66adc572aed80a,9145d4546123182ed68a19d519066e07547c7a9c385db1f5ec2a30986e59f0f8,3000,0.001,3.000000000000169,3.3393426912553537e-16,"[3000, 20]",True,39,1692,617,0.8377659574468085,0,39,37,,,False,,0,415b2d66624b0acee9d38c6ae01c19c43b80855d20b05088c15d10a3aac48b39,False,False,False,True,051eaaaa756841b4390c2cb9bf5de7c4dcc96a9ccdca3afb07d8cb1b424d3396,True,False
cal_control_0p15_G1,v6_cal_pair_05,5,control,calibration,G1,051eaaaa756841b4390c2cb9bf5de7c4dcc96a9ccdca3afb07d8cb1b424d3396,0.15,left,mid_late_stance,moderate_ice_preregistered,hard_normal,hard_normal,1,0.41,0.04,0.0,202608605,3.0,SOURCE_CALIBRATION_ONLY_DO_NOT_TRAIN,34ea631ed3ae1c02b6e7acbe41b3ae9b80593d037ee66395a2ad1e5e4c3356f8,"{'x_min_m': -1.15, 'x_max_m': 1.85, 'y_min_m': -0.8, 'y_max_m': 0.8, 'top_z_m': 0.0}",61f22ae9b3067ff08b8a5a5ee242905d6f1c71930f90f9aa6e3a54c37180c5b4,35f16d3e60ecd4206c86e2454b20eef3402cc45b42c8df3f3e273fe7fbb94d0c,3a6c0004179da49802a6ed39f5aa47b681dea2e339dbfa84fa66adc572aed80a,9145d4546123182ed68a19d519066e07547c7a9c385db1f5ec2a30986e59f0f8,3000,0.001,3.000000000000169,3.3393426912553537e-16,"[3000, 20]",True,39,1686,0,1.0,0,39,37,,,False,,0,2e2f8a3f2c9869124f8d908b75caeb089e8ed65b98a5227cd3882187fa25c01b,False,False,False,True,051eaaaa756841b4390c2cb9bf5de7c4dcc96a9ccdca3afb07d8cb1b424d3396,True,False
cal_positive_0p15_G2,v6_cal_pair_06,6,positive,calibration,G2,38ca90cb5eb8d4ea14380f58e0f24d550e8fdb5f77dec68fabfe8e374467ca74,0.15,left,mid_late_stance,moderate_ice_preregistered,moderate_ice_preregistered,near_slip_non_event,1,0.41,0.04,0.0,202608606,3.0,SOURCE_CALIBRATION_ONLY_DO_NOT_TRAIN,417b76aa25d92e80c0a887462ad14617bc491780d3490f8db0b0c8eb97edf561,"{'x_min_m': -1.2249999999999999, 'x_max_m': 2.2249999999999996, 'y_min_m': -0.8, 'y_max_m': 0.8, 'top_z_m': 0.0}",e39766437cc3b7767ce76e552f93be43f596947d63b02c44625c47fb59c5d455,b285fa0ebdbd6b37f52888fa66d5abefd1c76375c57bd194c44cfd53bc180e6d,ad51a3570a017abe7dbf13b3319f57d96896b2f137f1d5c63919e05343265a89,9145d4546123182ed68a19d519066e07547c7a9c385db1f5ec2a30986e59f0f8,3000,0.001,3.000000000000169,3.3393426912553537e-16,"[3000, 20]",True,39,1690,636,0.8327810650887575,0,39,37,,,False,,0,2bf77272565f8f5522fe54e13ae7dcceb70565a08b962c3491bd8e39c3f2a046,False,False,False,True,38ca90cb5eb8d4ea14380f58e0f24d550e8fdb5f77dec68fabfe8e374467ca74,True,False
cal_control_0p15_G2,v6_cal_pair_06,6,control,calibration,G2,38ca90cb5eb8d4ea14380f58e0f24d550e8fdb5f77dec68fabfe8e374467ca74,0.15,left,mid_late_stance,moderate_ice_preregistered,near_slip_non_event,near_slip_non_event,1,0.41,0.04,0.0,202608606,3.0,SOURCE_CALIBRATION_ONLY_DO_NOT_TRAIN,417b76aa25d92e80c0a887462ad14617bc491780d3490f8db0b0c8eb97edf561,"{'x_min_m': -1.2249999999999999, 'x_max_m': 2.2249999999999996, 'y_min_m': -0.8, 'y_max_m': 0.8, 'top_z_m': 0.0}",e39766437cc3b7767ce76e552f93be43f596947d63b02c44625c47fb59c5d455,b285fa0ebdbd6b37f52888fa66d5abefd1c76375c57bd194c44cfd53bc180e6d,ad51a3570a017abe7dbf13b3319f57d96896b2f137f1d5c63919e05343265a89,9145d4546123182ed68a19d519066e07547c7a9c385db1f5ec2a30986e59f0f8,3000,0.001,3.000000000000169,3.3393426912553537e-16,"[3000, 20]",True,39,1667,1281,0.7508398320335934,0,39,37,,,False,,0,1a0e51794eb14904a3892dc618826b8da57cb2bafdb5ed58f49bae73626b4a58,False,False,False,True,38ca90cb5eb8d4ea14380f58e0f24d550e8fdb5f77dec68fabfe8e374467ca74,True,False
cal_positive_0p15_G3,v6_cal_pair_07,7,positive,calibration,G3,48230d0329c3281d43809f9a56f7acf524a936c6e74e8006284045b221cf3f0e,0.15,left,mid_late_stance,moderate_ice_preregistered,moderate_ice_preregistered,hard_normal,1,0.41,0.04,0.0,202608607,3.0,SOURCE_CALIBRATION_ONLY_DO_NOT_TRAIN,2b58239e5436b9542bfb13d752f0797f51cc4c8faf8def0c4435c2f0c5cb5b63,"{'x_min_m': -1.375, 'x_max_m': 2.0749999999999997, 'y_min_m': -0.8, 'y_max_m': 0.8, 'top_z_m': 0.0}",8bc607c302f3f715704c58f1da786ffb3d6b54542f25b93b844048fc42d12ab1,708838eab95d63d4492f1424d22c1fc843a4317ac2cd0f26308ba5c3d30bccfe,a43fe7ebfa1874b363592187fa4cde382057cb3c4f097035f3970f79a5409540,9145d4546123182ed68a19d519066e07547c7a9c385db1f5ec2a30986e59f0f8,3000,0.001,3.000000000000169,3.3393426912553537e-16,"[3000, 20]",True,39,1693,751,0.8022445363260483,0,39,37,,,False,,0,c8f1cc0cf3b1285038816f5f0e344ad62b318f92b258cb4512745a5baa446fc7,False,False,False,True,48230d0329c3281d43809f9a56f7acf524a936c6e74e8006284045b221cf3f0e,True,False
cal_control_0p15_G3,v6_cal_pair_07,7,control,calibration,G3,48230d0329c3281d43809f9a56f7acf524a936c6e74e8006284045b221cf3f0e,0.15,left,mid_late_stance,moderate_ice_preregistered,hard_normal,hard_normal,1,0.41,0.04,0.0,202608607,3.0,SOURCE_CALIBRATION_ONLY_DO_NOT_TRAIN,2b58239e5436b9542bfb13d752f0797f51cc4c8faf8def0c4435c2f0c5cb5b63,"{'x_min_m': -1.375, 'x_max_m': 2.0749999999999997, 'y_min_m': -0.8, 'y_max_m': 0.8, 'top_z_m': 0.0}",8bc607c302f3f715704c58f1da786ffb3d6b54542f25b93b844048fc42d12ab1,708838eab95d63d4492f1424d22c1fc843a4317ac2cd0f26308ba5c3d30bccfe,a43fe7ebfa1874b363592187fa4cde382057cb3c4f097035f3970f79a5409540,9145d4546123182ed68a19d519066e07547c7a9c385db1f5ec2a30986e59f0f8,3000,0.001,3.000000000000169,3.3393426912553537e-16,"[3000, 20]",True,39,1686,0,1.0,0,39,37,,,False,,0,03e5b008f87b69335aedea1b4708b610655c3f509b9d9f85e41580182876268c,False,False,False,True,48230d0329c3281d43809f9a56f7acf524a936c6e74e8006284045b221cf3f0e,True,False
cal_positive_0p20_G0,v6_cal_pair_08,8,positive,calibration,G0,a7ecd6fa3e44f49b07f3b0a0729d091f2156bc8493b171549748776c9fde5583,0.2,left,mid_late_stance,moderate_ice_preregistered,moderate_ice_preregistered,hard_normal,1,0.41,0.04,0.0,202608608,3.0,SOURCE_CALIBRATION_ONLY_DO_NOT_TRAIN,fb715bd70c69123565e5a77308055615287490fbec5ba730451ce78f8157d7d1,"{'x_min_m': -1.0, 'x_max_m': 2.0, 'y_min_m': -0.8, 'y_max_m': 0.8, 'top_z_m': 0.0}",58b3071a02305e9ea39c75751a7a9c67c32afb648478888eb597c404f529b717,ba0869ed6690d6c038ec8c2374eadd6e33353cb872d695c1023cd16df3a6115e,737481c4eb00eddbd670023a31431916862ad36a5e40d7b4c8b80d86fe5e215a,9145d4546123182ed68a19d519066e07547c7a9c385db1f5ec2a30986e59f0f8,3000,0.001,3.000000000000169,3.3393426912553537e-16,"[3000, 20]",True,39,1702,865,0.7715628672150412,0,39,37,,,False,,0,1d8ce66efb775ea85c621565e2e8e2a2131a6db838dbb073e745ca52d3f29bae,False,False,False,True,a7ecd6fa3e44f49b07f3b0a0729d091f2156bc8493b171549748776c9fde5583,True,False
cal_control_0p20_G0,v6_cal_pair_08,8,control,calibration,G0,a7ecd6fa3e44f49b07f3b0a0729d091f2156bc8493b171549748776c9fde5583,0.2,left,mid_late_stance,moderate_ice_preregistered,hard_normal,hard_normal,1,0.41,0.04,0.0,202608608,3.0,SOURCE_CALIBRATION_ONLY_DO_NOT_TRAIN,fb715bd70c69123565e5a77308055615287490fbec5ba730451ce78f8157d7d1,"{'x_min_m': -1.0, 'x_max_m': 2.0, 'y_min_m': -0.8, 'y_max_m': 0.8, 'top_z_m': 0.0}",58b3071a02305e9ea39c75751a7a9c67c32afb648478888eb597c404f529b717,ba0869ed6690d6c038ec8c2374eadd6e33353cb872d695c1023cd16df3a6115e,737481c4eb00eddbd670023a31431916862ad36a5e40d7b4c8b80d86fe5e215a,9145d4546123182ed68a19d519066e07547c7a9c385db1f5ec2a30986e59f0f8,3000,0.001,3.000000000000169,3.3393426912553537e-16,"[3000, 20]",True,39,1667,0,1.0,0,39,37,,,False,,0,c71a4ccc2834898099966c8cb5baadf3120fd2226dbcd4a7ddc6793ec51f18f1,False,False,False,True,a7ecd6fa3e44f49b07f3b0a0729d091f2156bc8493b171549748776c9fde5583,True,False
cal_positive_0p20_G1,v6_cal_pair_09,9,positive,calibration,G1,051eaaaa756841b4390c2cb9bf5de7c4dcc96a9ccdca3afb07d8cb1b424d3396,0.2,left,mid_late_stance,moderate_ice_preregistered,moderate_ice_preregistered,near_slip_non_event,1,0.41,0.04,0.0,202608609,3.0,SOURCE_CALIBRATION_ONLY_DO_NOT_TRAIN,2eb06783bec82908e06b4954f231da355d7feffe626f6b7c876b2a4fdbe7a4c9,"{'x_min_m': -1.15, 'x_max_m': 1.85, 'y_min_m': -0.8, 'y_max_m': 0.8, 'top_z_m': 0.0}",61f22ae9b3067ff08b8a5a5ee242905d6f1c71930f90f9aa6e3a54c37180c5b4,00561b1e4d45101c4b70b75f9588d5579dd8737e7aeb2dda71bc529f02827828,0447561eda2c66f75a463af7ae0730a389107704063d8d2e4146dd34169e6ba6,9145d4546123182ed68a19d519066e07547c7a9c385db1f5ec2a30986e59f0f8,3000,0.001,3.000000000000169,3.3393426912553537e-16,"[3000, 20]",True,39,1700,680,0.8210588235294117,0,39,37,,,False,,0,1ae3453c3e8033da6cae8a334df6a703f157fe46f680b49bd0759925d340a95c,False,False,False,True,051eaaaa756841b4390c2cb9bf5de7c4dcc96a9ccdca3afb07d8cb1b424d3396,True,False
cal_control_0p20_G1,v6_cal_pair_09,9,control,calibration,G1,051eaaaa756841b4390c2cb9bf5de7c4dcc96a9ccdca3afb07d8cb1b424d3396,0.2,left,mid_late_stance,moderate_ice_preregistered,near_slip_non_event,near_slip_non_event,1,0.41,0.04,0.0,202608609,3.0,SOURCE_CALIBRATION_ONLY_DO_NOT_TRAIN,2eb06783bec82908e06b4954f231da355d7feffe626f6b7c876b2a4fdbe7a4c9,"{'x_min_m': -1.15, 'x_max_m': 1.85, 'y_min_m': -0.8, 'y_max_m': 0.8, 'top_z_m': 0.0}",61f22ae9b3067ff08b8a5a5ee242905d6f1c71930f90f9aa6e3a54c37180c5b4,00561b1e4d45101c4b70b75f9588d5579dd8737e7aeb2dda71bc529f02827828,0447561eda2c66f75a463af7ae0730a389107704063d8d2e4146dd34169e6ba6,9145d4546123182ed68a19d519066e07547c7a9c385db1f5ec2a30986e59f0f8,3000,0.001,3.000000000000169,3.3393426912553537e-16,"[3000, 20]",True,39,1647,1241,0.7561020036429871,0,39,37,,,False,,0,77b71dbb2abde1ae916139e5557101e42eefe6f7ca1550b4ce211f3d8b107a36,False,False,False,True,051eaaaa756841b4390c2cb9bf5de7c4dcc96a9ccdca3afb07d8cb1b424d3396,True,False
cal_positive_0p20_G2,v6_cal_pair_10,10,positive,calibration,G2,38ca90cb5eb8d4ea14380f58e0f24d550e8fdb5f77dec68fabfe8e374467ca74,0.2,left,mid_late_stance,moderate_ice_preregistered,moderate_ice_preregistered,hard_normal,1,0.41,0.04,0.0,202608610,3.0,SOURCE_CALIBRATION_ONLY_DO_NOT_TRAIN,983566f1304adc946f5c726029f3dcff36c212a3a41b7566de470f17a563a44b,"{'x_min_m': -1.2249999999999999, 'x_max_m': 2.2249999999999996, 'y_min_m': -0.8, 'y_max_m': 0.8, 'top_z_m': 0.0}",e39766437cc3b7767ce76e552f93be43f596947d63b02c44625c47fb59c5d455,b2e0928ab3a267f9ef1b377352e492f103f588231c1ccfc9cd99cc4e6b4787aa,79a816785ee00cf02bdc61258fddc4a0454dec1b7d828adb2a2d2871026b3e80,9145d4546123182ed68a19d519066e07547c7a9c385db1f5ec2a30986e59f0f8,3000,0.001,3.000000000000169,3.3393426912553537e-16,"[3000, 20]",True,39,1702,807,0.7874265569917744,0,39,37,,,False,,0,62df092664fbdad63afd68034a59ab9cc47803e2a1a226763e1e33292eef4303,False,False,False,True,38ca90cb5eb8d4ea14380f58e0f24d550e8fdb5f77dec68fabfe8e374467ca74,True,False
cal_control_0p20_G2,v6_cal_pair_10,10,control,calibration,G2,38ca90cb5eb8d4ea14380f58e0f24d550e8fdb5f77dec68fabfe8e374467ca74,0.2,left,mid_late_stance,moderate_ice_preregistered,hard_normal,hard_normal,1,0.41,0.04,0.0,202608610,3.0,SOURCE_CALIBRATION_ONLY_DO_NOT_TRAIN,983566f1304adc946f5c726029f3dcff36c212a3a41b7566de470f17a563a44b,"{'x_min_m': -1.2249999999999999, 'x_max_m': 2.2249999999999996, 'y_min_m': -0.8, 'y_max_m': 0.8, 'top_z_m': 0.0}",e39766437cc3b7767ce76e552f93be43f596947d63b02c44625c47fb59c5d455,b2e0928ab3a267f9ef1b377352e492f103f588231c1ccfc9cd99cc4e6b4787aa,79a816785ee00cf02bdc61258fddc4a0454dec1b7d828adb2a2d2871026b3e80,9145d4546123182ed68a19d519066e07547c7a9c385db1f5ec2a30986e59f0f8,3000,0.001,3.000000000000169,3.3393426912553537e-16,"[3000, 20]",True,39,1667,0,1.0,0,39,37,,,False,,0,573624d7574c7e83b72045410f52c46b5e3b7eeb95f3776557595b5688236189,False,False,False,True,38ca90cb5eb8d4ea14380f58e0f24d550e8fdb5f77dec68fabfe8e374467ca74,True,False
cal_positive_0p20_G3,v6_cal_pair_11,11,positive,calibration,G3,48230d0329c3281d43809f9a56f7acf524a936c6e74e8006284045b221cf3f0e,0.2,left,mid_late_stance,moderate_ice_preregistered,moderate_ice_preregistered,near_slip_non_event,1,0.41,0.04,0.0,202608611,3.0,SOURCE_CALIBRATION_ONLY_DO_NOT_TRAIN,c08e826fe6f57b1c14d35f17df772081e63e9f529ab5a9e32263ea7f7fa120e6,"{'x_min_m': -1.375, 'x_max_m': 2.0749999999999997, 'y_min_m': -0.8, 'y_max_m': 0.8, 'top_z_m': 0.0}",8bc607c302f3f715704c58f1da786ffb3d6b54542f25b93b844048fc42d12ab1,7ad9efe31385e68adcf34aaed9cd4d866c7d8d9ade6c76224deced0895770f39,bf7979f9935d3e213db498dd069cc4c5fb5a1bea1b733656ae8544dd5ee72117,9145d4546123182ed68a19d519066e07547c7a9c385db1f5ec2a30986e59f0f8,3000,0.001,3.000000000000169,3.3393426912553537e-16,"[3000, 20]",True,39,1672,629,0.8320574162679425,0,39,37,,,False,,0,a3ee9db093d18f79afb25924b5cd79a344968680ea3b59328d015a2859b943cb,False,False,False,True,48230d0329c3281d43809f9a56f7acf524a936c6e74e8006284045b221cf3f0e,True,False
cal_control_0p20_G3,v6_cal_pair_11,11,control,calibration,G3,48230d0329c3281d43809f9a56f7acf524a936c6e74e8006284045b221cf3f0e,0.2,left,mid_late_stance,moderate_ice_preregistered,near_slip_non_event,near_slip_non_event,1,0.41,0.04,0.0,202608611,3.0,SOURCE_CALIBRATION_ONLY_DO_NOT_TRAIN,c08e826fe6f57b1c14d35f17df772081e63e9f529ab5a9e32263ea7f7fa120e6,"{'x_min_m': -1.375, 'x_max_m': 2.0749999999999997, 'y_min_m': -0.8, 'y_max_m': 0.8, 'top_z_m': 0.0}",8bc607c302f3f715704c58f1da786ffb3d6b54542f25b93b844048fc42d12ab1,7ad9efe31385e68adcf34aaed9cd4d866c7d8d9ade6c76224deced0895770f39,bf7979f9935d3e213db498dd069cc4c5fb5a1bea1b733656ae8544dd5ee72117,9145d4546123182ed68a19d519066e07547c7a9c385db1f5ec2a30986e59f0f8,3000,0.001,3.000000000000169,3.3393426912553537e-16,"[3000, 20]",True,39,1646,1270,0.7496354799513972,0,39,37,,,False,,0,2717ee231c0feaf918edf3202b88a77b33a6da3b6d78080d73175799e38fa516,False,False,False,True,48230d0329c3281d43809f9a56f7acf524a936c6e74e8006284045b221cf3f0e,True,False
