run_id,pair_id,role,target_foot,foot,actual_first_affected_foot,contact_episode_id,episode_start_sample,episode_end_sample_exclusive,touchdown_sample,physical_onset_sample,time_from_touchdown_to_onset_ms,active_physical_slip_intervals,maximum_contact_anchor_drift_m,stable_loaded_contact_valid,fall_time_s,fall_reason,first_fall_censor_boundary,post_fall_excluded_sample_count,air_mask_sample_count,touchdown_mask_sample_count,invalid_mask_sample_count,contralateral_physical_slip_contamination,variation_index,variation_id,phase_offset,phase_fraction,command_delay_s,initial_perturbation
supplemental_positive_v8_l00,v8_pair_00,positive,left,left,left,0,33,143,33,,,[],0.0017894917400553823,True,,,,0,0,10,13,False,9,V8_L00,-0.13999999999999996,0.27,0.02,"[0.0012416722727670785, 0.0005759409250333067, 0.0016629560975428685]"
supplemental_positive_v8_l00,v8_pair_00,positive,left,left,left,1,399,741,399,687,289,"[[687,740]]",0.05896137282252312,True,,,,0,0,10,18,False,9,V8_L00,-0.13999999999999996,0.27,0.02,"[0.0012416722727670785, 0.0005759409250333067, 0.0016629560975428685]"
supplemental_positive_v8_l00,v8_pair_00,positive,left,left,left,2,999,1284,999,1279,281,"[[1279,1284]]",0.0563955120742321,True,,,,0,0,10,10,False,9,V8_L00,-0.13999999999999996,0.27,0.02,"[0.0012416722727670785, 0.0005759409250333067, 0.0016629560975428685]"
supplemental_positive_v8_l00,v8_pair_00,positive,left,left,left,3,1285,1288,1285,,,[],0.0019357326673343778,False,,,,0,0,3,3,False,9,V8_L00,-0.13999999999999996,0.27,0.02,"[0.0012416722727670785, 0.0005759409250333067, 0.0016629560975428685]"
supplemental_positive_v8_l00,v8_pair_00,positive,left,left,left,4,1289,1342,1289,,,[],0.008726827800273895,True,,,,0,0,10,12,False,9,V8_L00,-0.13999999999999996,0.27,0.02,"[0.0012416722727670785, 0.0005759409250333067, 0.0016629560975428685]"
supplemental_positive_v8_l00,v8_pair_00,positive,left,left,left,5,1600,1883,1600,1882,283,"[[1882,1883]]",0.05276840552687645,True,,,,0,0,10,10,False,9,V8_L00,-0.13999999999999996,0.27,0.02,"[0.0012416722727670785, 0.0005759409250333067, 0.0016629560975428685]"
supplemental_positive_v8_l00,v8_pair_00,positive,left,left,left,6,1884,1944,1884,,,[],0.011123106814920902,True,,,,0,0,10,14,False,9,V8_L00,-0.13999999999999996,0.27,0.02,"[0.0012416722727670785, 0.0005759409250333067, 0.0016629560975428685]"
supplemental_positive_v8_l00,v8_pair_00,positive,left,left,left,7,2200,2484,2200,2482,283,"[[2482,2484]]",0.05334093049168587,True,,,,0,0,10,10,False,9,V8_L00,-0.13999999999999996,0.27,0.02,"[0.0012416722727670785, 0.0005759409250333067, 0.0016629560975428685]"
supplemental_positive_v8_l00,v8_pair_00,positive,left,left,left,8,2485,2543,2485,,,[],0.011310175061225891,True,,,,0,0,10,13,False,9,V8_L00,-0.13999999999999996,0.27,0.02,"[0.0012416722727670785, 0.0005759409250333067, 0.0016629560975428685]"
supplemental_positive_v8_l00,v8_pair_00,positive,left,left,left,9,2799,3000,2799,,,[],0.007168819196522236,True,,,,0,0,10,10,False,9,V8_L00,-0.13999999999999996,0.27,0.02,"[0.0012416722727670785, 0.0005759409250333067, 0.0016629560975428685]"
supplemental_positive_v8_l00,v8_pair_00,positive,left,right,left,0,48,425,48,,,[],0.0032265225891023874,True,,,,0,0,10,10,False,9,V8_L00,-0.13999999999999996,0.27,0.02,"[0.0012416722727670785, 0.0005759409250333067, 0.0016629560975428685]"
supplemental_positive_v8_l00,v8_pair_00,positive,left,right,left,1,706,1024,706,,,[],0.009558425284922123,True,,,,0,0,10,10,False,9,V8_L00,-0.13999999999999996,0.27,0.02,"[0.0012416722727670785, 0.0005759409250333067, 0.0016629560975428685]"
supplemental_positive_v8_l00,v8_pair_00,positive,left,right,left,2,1309,1624,1309,,,[],0.007955334149301052,True,,,,0,0,10,10,False,9,V8_L00,-0.13999999999999996,0.27,0.02,"[0.0012416722727670785, 0.0005759409250333067, 0.0016629560975428685]"
supplemental_positive_v8_l00,v8_pair_00,positive,left,right,left,3,1910,2224,1910,,,[],0.007857481017708778,True,,,,0,0,10,10,False,9,V8_L00,-0.13999999999999996,0.27,0.02,"[0.0012416722727670785, 0.0005759409250333067, 0.0016629560975428685]"
supplemental_positive_v8_l00,v8_pair_00,positive,left,right,left,4,2509,2824,2509,,,[],0.008289915509521961,True,,,,0,0,10,10,False,9,V8_L00,-0.13999999999999996,0.27,0.02,"[0.0012416722727670785, 0.0005759409250333067, 0.0016629560975428685]"
supplemental_control_v8_l00,v8_pair_00,control,left,left,none,0,33,143,33,,,[],0.0017894917400553823,True,,,,0,0,10,13,False,9,V8_L00,-0.13999999999999996,0.27,0.02,"[0.0012416722727670785, 0.0005759409250333067, 0.0016629560975428685]"
supplemental_control_v8_l00,v8_pair_00,control,left,left,none,1,399,765,399,,,[],0.004893219098448753,True,,,,0,0,10,15,False,9,V8_L00,-0.13999999999999996,0.27,0.02,"[0.0012416722727670785, 0.0005759409250333067, 0.0016629560975428685]"
supplemental_control_v8_l00,v8_pair_00,control,left,left,none,2,1026,1366,1026,,,[],0.0021957308053970337,True,,,,0,0,10,15,False,9,V8_L00,-0.13999999999999996,0.27,0.02,"[0.0012416722727670785, 0.0005759409250333067, 0.0016629560975428685]"
supplemental_control_v8_l00,v8_pair_00,control,left,left,none,3,1633,1966,1633,,,[],0.0016956118633970618,True,,,,0,0,10,15,False,9,V8_L00,-0.13999999999999996,0.27,0.02,"[0.0012416722727670785, 0.0005759409250333067, 0.0016629560975428685]"
supplemental_control_v8_l00,v8_pair_00,control,left,left,none,4,2232,2566,2232,,,[],0.0021686158142983913,True,,,,0,0,10,16,False,9,V8_L00,-0.13999999999999996,0.27,0.02,"[0.0012416722727670785, 0.0005759409250333067, 0.0016629560975428685]"
supplemental_control_v8_l00,v8_pair_00,control,left,left,none,5,2832,3000,2832,,,[],0.002016251441091299,True,,,,0,0,10,10,False,9,V8_L00,-0.13999999999999996,0.27,0.02,"[0.0012416722727670785, 0.0005759409250333067, 0.0016629560975428685]"
supplemental_control_v8_l00,v8_pair_00,control,left,right,none,0,48,425,48,,,[],0.0032265225891023874,True,,,,0,0,10,10,False,9,V8_L00,-0.13999999999999996,0.27,0.02,"[0.0012416722727670785, 0.0005759409250333067, 0.0016629560975428685]"
supplemental_control_v8_l00,v8_pair_00,control,left,right,none,1,725,1064,725,,,[],0.005485156551003456,True,,,,0,0,10,10,False,9,V8_L00,-0.13999999999999996,0.27,0.02,"[0.0012416722727670785, 0.0005759409250333067, 0.0016629560975428685]"
supplemental_control_v8_l00,v8_pair_00,control,left,right,none,2,1328,1665,1328,,,[],0.006006082519888878,True,,,,0,0,10,10,False,9,V8_L00,-0.13999999999999996,0.27,0.02,"[0.0012416722727670785, 0.0005759409250333067, 0.0016629560975428685]"
supplemental_control_v8_l00,v8_pair_00,control,left,right,none,3,1929,2265,1929,,,[],0.005906688515096903,True,,,,0,0,10,10,False,9,V8_L00,-0.13999999999999996,0.27,0.02,"[0.0012416722727670785, 0.0005759409250333067, 0.0016629560975428685]"
supplemental_control_v8_l00,v8_pair_00,control,left,right,none,4,2528,2865,2528,,,[],0.006032158154994249,True,,,,0,0,10,10,False,9,V8_L00,-0.13999999999999996,0.27,0.02,"[0.0012416722727670785, 0.0005759409250333067, 0.0016629560975428685]"
supplemental_positive_v8_l01,v8_pair_01,positive,left,left,left,0,33,143,33,,,[],0.0017891301540657878,True,,,,0,0,10,13,False,10,V8_L01,-0.13999999999999996,0.27,0.03,"[0.0013403413903868015, 9.105988184313204e-05, 0.0014643070893949088]"
supplemental_positive_v8_l01,v8_pair_01,positive,left,left,left,1,399,732,399,687,289,"[[687,732]]",0.06626404076814651,True,,,,0,0,10,17,False,10,V8_L01,-0.13999999999999996,0.27,0.03,"[0.0013403413903868015, 9.105988184313204e-05, 0.0014643070893949088]"
supplemental_positive_v8_l01,v8_pair_01,positive,left,left,left,2,999,1348,999,1282,284,"[[1282,1340]]",0.054163411259651184,True,,,,0,0,10,18,False,10,V8_L01,-0.13999999999999996,0.27,0.03,"[0.0013403413903868015, 9.105988184313204e-05, 0.0014643070893949088]"
supplemental_positive_v8_l01,v8_pair_01,positive,left,left,left,3,1604,1881,1604,,,[],0.04084530472755432,True,,,,0,0,10,10,False,10,V8_L01,-0.13999999999999996,0.27,0.03,"[0.0013403413903868015, 9.105988184313204e-05, 0.0014643070893949088]"
supplemental_positive_v8_l01,v8_pair_01,positive,left,left,left,4,1883,1946,1883,,,[],0.007608538493514061,True,,,,0,0,10,16,False,10,V8_L01,-0.13999999999999996,0.27,0.03,"[0.0013403413903868015, 9.105988184313204e-05, 0.0014643070893949088]"
supplemental_positive_v8_l01,v8_pair_01,positive,left,left,left,5,2201,2415,2201,,,[],0.008669465780258179,True,,,,0,0,10,10,False,10,V8_L01,-0.13999999999999996,0.27,0.03,"[0.0013403413903868015, 9.105988184313204e-05, 0.0014643070893949088]"
supplemental_positive_v8_l01,v8_pair_01,positive,left,left,left,6,2416,2564,2416,,,[],0.0025881235487759113,True,,,,0,0,10,14,False,10,V8_L01,-0.13999999999999996,0.27,0.03,"[0.0013403413903868015, 9.105988184313204e-05, 0.0014643070893949088]"
supplemental_positive_v8_l01,v8_pair_01,positive,left,left,left,7,2827,3000,2827,,,[],0.002645752625539899,True,,,,0,0,10,10,False,10,V8_L01,-0.13999999999999996,0.27,0.03,"[0.0013403413903868015, 9.105988184313204e-05, 0.0014643070893949088]"
supplemental_positive_v8_l01,v8_pair_01,positive,left,right,left,0,48,425,48,,,[],0.0032267910428345203,True,,,,0,0,10,10,False,10,V8_L01,-0.13999999999999996,0.27,0.03,"[0.0013403413903868015, 9.105988184313204e-05, 0.0014643070893949088]"
supplemental_positive_v8_l01,v8_pair_01,positive,left,right,left,1,706,1024,706,,,[],0.009364064782857895,True,,,,0,0,10,10,False,10,V8_L01,-0.13999999999999996,0.27,0.03,"[0.0013403413903868015, 9.105988184313204e-05, 0.0014643070893949088]"
supplemental_positive_v8_l01,v8_pair_01,positive,left,right,left,2,1312,1626,1312,,,[],0.007100855931639671,True,,,,0,0,10,10,False,10,V8_L01,-0.13999999999999996,0.27,0.03,"[0.0013403413903868015, 9.105988184313204e-05, 0.0014643070893949088]"
supplemental_positive_v8_l01,v8_pair_01,positive,left,right,left,3,1910,2225,1910,,,[],0.008159774355590343,True,,,,0,0,10,10,False,10,V8_L01,-0.13999999999999996,0.27,0.03,"[0.0013403413903868015, 9.105988184313204e-05, 0.0014643070893949088]"
supplemental_positive_v8_l01,v8_pair_01,positive,left,right,left,4,2524,2864,2524,,,[],0.005338146351277828,True,,,,0,0,10,10,False,10,V8_L01,-0.13999999999999996,0.27,0.03,"[0.0013403413903868015, 9.105988184313204e-05, 0.0014643070893949088]"
supplemental_control_v8_l01,v8_pair_01,control,left,left,none,0,33,143,33,,,[],0.0017891301540657878,True,,,,0,0,10,13,False,10,V8_L01,-0.13999999999999996,0.27,0.03,"[0.0013403413903868015, 9.105988184313204e-05, 0.0014643070893949088]"
supplemental_control_v8_l01,v8_pair_01,control,left,left,none,1,399,763,399,,,[],0.004891453310847282,True,,,,0,0,10,13,False,10,V8_L01,-0.13999999999999996,0.27,0.03,"[0.0013403413903868015, 9.105988184313204e-05, 0.0014643070893949088]"
supplemental_control_v8_l01,v8_pair_01,control,left,left,none,2,1026,1364,1026,,,[],0.0021176720038056374,True,,,,0,0,10,14,False,10,V8_L01,-0.13999999999999996,0.27,0.03,"[0.0013403413903868015, 9.105988184313204e-05, 0.0014643070893949088]"
supplemental_control_v8_l01,v8_pair_01,control,left,left,none,3,1632,1951,1632,,,[],0.0019601345993578434,True,,,,0,0,10,10,False,10,V8_L01,-0.13999999999999996,0.27,0.03,"[0.0013403413903868015, 9.105988184313204e-05, 0.0014643070893949088]"
supplemental_control_v8_l01,v8_pair_01,control,left,left,none,4,1952,1964,1952,,,[],0.0004906050744466484,False,,,,0,0,10,12,False,10,V8_L01,-0.13999999999999996,0.27,0.03,"[0.0013403413903868015, 9.105988184313204e-05, 0.0014643070893949088]"
supplemental_control_v8_l01,v8_pair_01,control,left,left,none,5,2232,2551,2232,,,[],0.0019585329573601484,True,,,,0,0,10,10,False,10,V8_L01,-0.13999999999999996,0.27,0.03,"[0.0013403413903868015, 9.105988184313204e-05, 0.0014643070893949088]"
supplemental_control_v8_l01,v8_pair_01,control,left,left,none,6,2552,2564,2552,,,[],0.0005313752335496247,False,,,,0,0,10,12,False,10,V8_L01,-0.13999999999999996,0.27,0.03,"[0.0013403413903868015, 9.105988184313204e-05, 0.0014643070893949088]"
supplemental_control_v8_l01,v8_pair_01,control,left,left,none,7,2832,3000,2832,,,[],0.0020190689247101545,True,,,,0,0,10,10,False,10,V8_L01,-0.13999999999999996,0.27,0.03,"[0.0013403413903868015, 9.105988184313204e-05, 0.0014643070893949088]"
supplemental_control_v8_l01,v8_pair_01,control,left,right,none,0,48,425,48,,,[],0.0032267910428345203,True,,,,0,0,10,10,False,10,V8_L01,-0.13999999999999996,0.27,0.03,"[0.0013403413903868015, 9.105988184313204e-05, 0.0014643070893949088]"
supplemental_control_v8_l01,v8_pair_01,control,left,right,none,1,726,1064,726,,,[],0.005454039201140404,True,,,,0,0,10,10,False,10,V8_L01,-0.13999999999999996,0.27,0.03,"[0.0013403413903868015, 9.105988184313204e-05, 0.0014643070893949088]"
supplemental_control_v8_l01,v8_pair_01,control,left,right,none,2,1328,1665,1328,,,[],0.006021436303853989,True,,,,0,0,10,10,False,10,V8_L01,-0.13999999999999996,0.27,0.03,"[0.0013403413903868015, 9.105988184313204e-05, 0.0014643070893949088]"
supplemental_control_v8_l01,v8_pair_01,control,left,right,none,3,1929,2265,1929,,,[],0.005976070184260607,True,,,,0,0,10,10,False,10,V8_L01,-0.13999999999999996,0.27,0.03,"[0.0013403413903868015, 9.105988184313204e-05, 0.0014643070893949088]"
supplemental_control_v8_l01,v8_pair_01,control,left,right,none,4,2529,2865,2529,,,[],0.00597216235473752,True,,,,0,0,10,10,False,10,V8_L01,-0.13999999999999996,0.27,0.03,"[0.0013403413903868015, 9.105988184313204e-05, 0.0014643070893949088]"
supplemental_positive_v8_l02,v8_pair_02,positive,left,left,left,0,33,140,33,,,[],0.0017885133856907487,True,,,,0,0,10,10,False,11,V8_L02,-0.13999999999999996,0.27,0.04,"[0.0008627796497288911, 0.0007808037337714456, 0.0013875321335813933]"
supplemental_positive_v8_l02,v8_pair_02,positive,left,left,left,1,398,686,398,,,[],0.05151574686169624,True,,,,0,0,10,16,False,11,V8_L02,-0.13999999999999996,0.27,0.04,"[0.0008627796497288911, 0.0007808037337714456, 0.0013875321335813933]"
supplemental_positive_v8_l02,v8_pair_02,positive,left,left,left,2,688,737,688,,,[],0.010066218674182892,True,,,,0,0,10,10,False,11,V8_L02,-0.13999999999999996,0.27,0.04,"[0.0008627796497288911, 0.0007808037337714456, 0.0013875321335813933]"
supplemental_positive_v8_l02,v8_pair_02,positive,left,left,left,3,999,1288,999,1278,280,"[[1278,1280],[1284,1288]]",0.06039825454354286,True,,,,0,0,10,12,False,11,V8_L02,-0.13999999999999996,0.27,0.04,"[0.0008627796497288911, 0.0007808037337714456, 0.0013875321335813933]"
supplemental_positive_v8_l02,v8_pair_02,positive,left,left,left,4,1289,1344,1289,,,[],0.006767225917428732,True,,,,0,0,10,14,False,11,V8_L02,-0.13999999999999996,0.27,0.04,"[0.0008627796497288911, 0.0007808037337714456, 0.0013875321335813933]"
supplemental_positive_v8_l02,v8_pair_02,positive,left,left,left,5,1600,1866,1600,,,[],0.03761211782693863,True,,,,0,0,10,10,False,11,V8_L02,-0.13999999999999996,0.27,0.04,"[0.0008627796497288911, 0.0007808037337714456, 0.0013875321335813933]"
supplemental_positive_v8_l02,v8_pair_02,positive,left,left,left,6,1867,1952,1867,,,[],0.007139590568840504,True,,,,0,0,10,10,False,11,V8_L02,-0.13999999999999996,0.27,0.04,"[0.0008627796497288911, 0.0007808037337714456, 0.0013875321335813933]"
supplemental_positive_v8_l02,v8_pair_02,positive,left,left,left,7,2205,2554,2205,,,[],0.031514689326286316,True,,,,0,0,10,10,False,11,V8_L02,-0.13999999999999996,0.27,0.04,"[0.0008627796497288911, 0.0007808037337714456, 0.0013875321335813933]"
supplemental_positive_v8_l02,v8_pair_02,positive,left,left,left,8,2806,3000,2806,,,[],0.005339157767593861,True,,,,0,0,10,10,False,11,V8_L02,-0.13999999999999996,0.27,0.04,"[0.0008627796497288911, 0.0007808037337714456, 0.0013875321335813933]"
supplemental_positive_v8_l02,v8_pair_02,positive,left,right,left,0,49,425,49,,,[],0.0032142698764801025,True,,,,0,0,10,10,False,11,V8_L02,-0.13999999999999996,0.27,0.04,"[0.0008627796497288911, 0.0007808037337714456, 0.0013875321335813933]"
supplemental_positive_v8_l02,v8_pair_02,positive,left,right,left,1,706,1024,706,,,[],0.009127350524067879,True,,,,0,0,10,10,False,11,V8_L02,-0.13999999999999996,0.27,0.04,"[0.0008627796497288911, 0.0007808037337714456, 0.0013875321335813933]"
supplemental_positive_v8_l02,v8_pair_02,positive,left,right,left,2,1309,1624,1309,,,[],0.008074556477367878,True,,,,0,0,10,10,False,11,V8_L02,-0.13999999999999996,0.27,0.04,"[0.0008627796497288911, 0.0007808037337714456, 0.0013875321335813933]"
supplemental_positive_v8_l02,v8_pair_02,positive,left,right,left,3,1913,2226,1913,,,[],0.00698518380522728,True,,,,0,0,10,10,False,11,V8_L02,-0.13999999999999996,0.27,0.04,"[0.0008627796497288911, 0.0007808037337714456, 0.0013875321335813933]"
supplemental_positive_v8_l02,v8_pair_02,positive,left,right,left,4,2514,2828,2514,,,[],0.007068605162203312,True,,,,0,0,10,10,False,11,V8_L02,-0.13999999999999996,0.27,0.04,"[0.0008627796497288911, 0.0007808037337714456, 0.0013875321335813933]"
supplemental_positive_v8_l02,v8_pair_02,positive,left,right,left,5,2840,2841,2840,,,[],0.0,False,,,,0,0,1,1,False,11,V8_L02,-0.13999999999999996,0.27,0.04,"[0.0008627796497288911, 0.0007808037337714456, 0.0013875321335813933]"
supplemental_control_v8_l02,v8_pair_02,control,left,left,none,0,33,140,33,,,[],0.0017885133856907487,True,,,,0,0,10,10,False,11,V8_L02,-0.13999999999999996,0.27,0.04,"[0.0008627796497288911, 0.0007808037337714456, 0.0013875321335813933]"
supplemental_control_v8_l02,v8_pair_02,control,left,left,none,1,398,765,398,,,[],0.005345141980797052,True,,,,0,0,10,15,False,11,V8_L02,-0.13999999999999996,0.27,0.04,"[0.0008627796497288911, 0.0007808037337714456, 0.0013875321335813933]"
supplemental_control_v8_l02,v8_pair_02,control,left,left,none,2,1026,1366,1026,,,[],0.002155739115551114,True,,,,0,0,10,15,False,11,V8_L02,-0.13999999999999996,0.27,0.04,"[0.0008627796497288911, 0.0007808037337714456, 0.0013875321335813933]"
supplemental_control_v8_l02,v8_pair_02,control,left,left,none,3,1633,1966,1633,,,[],0.0017088776221498847,True,,,,0,0,10,15,False,11,V8_L02,-0.13999999999999996,0.27,0.04,"[0.0008627796497288911, 0.0007808037337714456, 0.0013875321335813933]"
supplemental_control_v8_l02,v8_pair_02,control,left,left,none,4,2232,2566,2232,,,[],0.0021710225846618414,True,,,,0,0,10,16,False,11,V8_L02,-0.13999999999999996,0.27,0.04,"[0.0008627796497288911, 0.0007808037337714456, 0.0013875321335813933]"
supplemental_control_v8_l02,v8_pair_02,control,left,left,none,5,2832,3000,2832,,,[],0.0020172065123915672,True,,,,0,0,10,10,False,11,V8_L02,-0.13999999999999996,0.27,0.04,"[0.0008627796497288911, 0.0007808037337714456, 0.0013875321335813933]"
supplemental_control_v8_l02,v8_pair_02,control,left,right,none,0,49,425,49,,,[],0.0032142698764801025,True,,,,0,0,10,10,False,11,V8_L02,-0.13999999999999996,0.27,0.04,"[0.0008627796497288911, 0.0007808037337714456, 0.0013875321335813933]"
supplemental_control_v8_l02,v8_pair_02,control,left,right,none,1,725,1064,725,,,[],0.005409501027315855,True,,,,0,0,10,10,False,11,V8_L02,-0.13999999999999996,0.27,0.04,"[0.0008627796497288911, 0.0007808037337714456, 0.0013875321335813933]"
supplemental_control_v8_l02,v8_pair_02,control,left,right,none,2,1328,1665,1328,,,[],0.00600837217643857,True,,,,0,0,10,10,False,11,V8_L02,-0.13999999999999996,0.27,0.04,"[0.0008627796497288911, 0.0007808037337714456, 0.0013875321335813933]"
supplemental_control_v8_l02,v8_pair_02,control,left,right,none,3,1929,2265,1929,,,[],0.005908395629376173,True,,,,0,0,10,10,False,11,V8_L02,-0.13999999999999996,0.27,0.04,"[0.0008627796497288911, 0.0007808037337714456, 0.0013875321335813933]"
supplemental_control_v8_l02,v8_pair_02,control,left,right,none,4,2528,2865,2528,,,[],0.006032818462699652,True,,,,0,0,10,10,False,11,V8_L02,-0.13999999999999996,0.27,0.04,"[0.0008627796497288911, 0.0007808037337714456, 0.0013875321335813933]"
supplemental_positive_v8_l03,v8_pair_03,positive,left,left,left,0,33,140,33,,,[],0.0017886043060570955,True,,,,0,0,10,10,False,12,V8_L03,-0.13999999999999996,0.27,0.05,"[0.0005769898956369509, -0.0002809221591442534, 0.0014388559330953963]"
supplemental_positive_v8_l03,v8_pair_03,positive,left,left,left,1,398,686,398,,,[],0.05151664465665817,True,,,,0,0,10,16,False,12,V8_L03,-0.13999999999999996,0.27,0.05,"[0.0005769898956369509, -0.0002809221591442534, 0.0014388559330953963]"
supplemental_positive_v8_l03,v8_pair_03,positive,left,left,left,2,688,737,688,,,[],0.010066376999020576,True,,,,0,0,10,10,False,12,V8_L03,-0.13999999999999996,0.27,0.05,"[0.0005769898956369509, -0.0002809221591442534, 0.0014388559330953963]"
supplemental_positive_v8_l03,v8_pair_03,positive,left,left,left,3,999,1288,999,1278,280,"[[1278,1280],[1284,1288]]",0.06039799377322197,True,,,,0,0,10,12,False,12,V8_L03,-0.13999999999999996,0.27,0.05,"[0.0005769898956369509, -0.0002809221591442534, 0.0014388559330953963]"
supplemental_positive_v8_l03,v8_pair_03,positive,left,left,left,4,1289,1344,1289,,,[],0.006767041049897671,True,,,,0,0,10,14,False,12,V8_L03,-0.13999999999999996,0.27,0.05,"[0.0005769898956369509, -0.0002809221591442534, 0.0014388559330953963]"
supplemental_positive_v8_l03,v8_pair_03,positive,left,left,left,5,1600,1866,1600,,,[],0.03761207312345505,True,,,,0,0,10,10,False,12,V8_L03,-0.13999999999999996,0.27,0.05,"[0.0005769898956369509, -0.0002809221591442534, 0.0014388559330953963]"
supplemental_positive_v8_l03,v8_pair_03,positive,left,left,left,6,1867,1952,1867,,,[],0.007139626424759626,True,,,,0,0,10,10,False,12,V8_L03,-0.13999999999999996,0.27,0.05,"[0.0005769898956369509, -0.0002809221591442534, 0.0014388559330953963]"
supplemental_positive_v8_l03,v8_pair_03,positive,left,left,left,7,2205,2554,2205,,,[],0.03151463344693184,True,,,,0,0,10,10,False,12,V8_L03,-0.13999999999999996,0.27,0.05,"[0.0005769898956369509, -0.0002809221591442534, 0.0014388559330953963]"
supplemental_positive_v8_l03,v8_pair_03,positive,left,left,left,8,2806,3000,2806,,,[],0.005339094903320074,True,,,,0,0,10,10,False,12,V8_L03,-0.13999999999999996,0.27,0.05,"[0.0005769898956369509, -0.0002809221591442534, 0.0014388559330953963]"
supplemental_positive_v8_l03,v8_pair_03,positive,left,right,left,0,49,425,49,,,[],0.0032141872216016054,True,,,,0,0,10,10,False,12,V8_L03,-0.13999999999999996,0.27,0.05,"[0.0005769898956369509, -0.0002809221591442534, 0.0014388559330953963]"
supplemental_positive_v8_l03,v8_pair_03,positive,left,right,left,1,706,1024,706,,,[],0.009127543307840824,True,,,,0,0,10,10,False,12,V8_L03,-0.13999999999999996,0.27,0.05,"[0.0005769898956369509, -0.0002809221591442534, 0.0014388559330953963]"
supplemental_positive_v8_l03,v8_pair_03,positive,left,right,left,2,1309,1624,1309,,,[],0.008074481971561909,True,,,,0,0,10,10,False,12,V8_L03,-0.13999999999999996,0.27,0.05,"[0.0005769898956369509, -0.0002809221591442534, 0.0014388559330953963]"
supplemental_positive_v8_l03,v8_pair_03,positive,left,right,left,3,1913,2226,1913,,,[],0.0069852001033723354,True,,,,0,0,10,10,False,12,V8_L03,-0.13999999999999996,0.27,0.05,"[0.0005769898956369509, -0.0002809221591442534, 0.0014388559330953963]"
supplemental_positive_v8_l03,v8_pair_03,positive,left,right,left,4,2514,2828,2514,,,[],0.0070686060935258865,True,,,,0,0,10,10,False,12,V8_L03,-0.13999999999999996,0.27,0.05,"[0.0005769898956369509, -0.0002809221591442534, 0.0014388559330953963]"
supplemental_control_v8_l03,v8_pair_03,control,left,left,none,0,33,140,33,,,[],0.0017886043060570955,True,,,,0,0,10,10,False,12,V8_L03,-0.13999999999999996,0.27,0.05,"[0.0005769898956369509, -0.0002809221591442534, 0.0014388559330953963]"
supplemental_control_v8_l03,v8_pair_03,control,left,left,none,1,398,748,398,,,[],0.00534013519063592,True,,,,0,0,10,10,False,12,V8_L03,-0.13999999999999996,0.27,0.05,"[0.0005769898956369509, -0.0002809221591442534, 0.0014388559330953963]"
supplemental_control_v8_l03,v8_pair_03,control,left,left,none,2,749,763,749,,,[],0.0008342882501892745,True,,,,0,0,10,13,False,12,V8_L03,-0.13999999999999996,0.27,0.05,"[0.0005769898956369509, -0.0002809221591442534, 0.0014388559330953963]"
supplemental_control_v8_l03,v8_pair_03,control,left,left,none,3,1025,1364,1025,,,[],0.002342413878068328,True,,,,0,0,10,14,False,12,V8_L03,-0.13999999999999996,0.27,0.05,"[0.0005769898956369509, -0.0002809221591442534, 0.0014388559330953963]"
supplemental_control_v8_l03,v8_pair_03,control,left,left,none,4,1632,1951,1632,,,[],0.002015880309045315,True,,,,0,0,10,10,False,12,V8_L03,-0.13999999999999996,0.27,0.05,"[0.0005769898956369509, -0.0002809221591442534, 0.0014388559330953963]"
supplemental_control_v8_l03,v8_pair_03,control,left,left,none,5,1952,1964,1952,,,[],0.000492095306981355,False,,,,0,0,10,12,False,12,V8_L03,-0.13999999999999996,0.27,0.05,"[0.0005769898956369509, -0.0002809221591442534, 0.0014388559330953963]"
supplemental_control_v8_l03,v8_pair_03,control,left,left,none,6,2232,2551,2232,,,[],0.0019751640502363443,True,,,,0,0,10,10,False,12,V8_L03,-0.13999999999999996,0.27,0.05,"[0.0005769898956369509, -0.0002809221591442534, 0.0014388559330953963]"
supplemental_control_v8_l03,v8_pair_03,control,left,left,none,7,2552,2564,2552,,,[],0.0005343927186913788,False,,,,0,0,10,12,False,12,V8_L03,-0.13999999999999996,0.27,0.05,"[0.0005769898956369509, -0.0002809221591442534, 0.0014388559330953963]"
supplemental_control_v8_l03,v8_pair_03,control,left,left,none,8,2832,3000,2832,,,[],0.002017309656366706,True,,,,0,0,10,10,False,12,V8_L03,-0.13999999999999996,0.27,0.05,"[0.0005769898956369509, -0.0002809221591442534, 0.0014388559330953963]"
supplemental_control_v8_l03,v8_pair_03,control,left,right,none,0,49,425,49,,,[],0.0032141872216016054,True,,,,0,0,10,10,False,12,V8_L03,-0.13999999999999996,0.27,0.05,"[0.0005769898956369509, -0.0002809221591442534, 0.0014388559330953963]"
supplemental_control_v8_l03,v8_pair_03,control,left,right,none,1,726,1064,726,,,[],0.00537918834015727,True,,,,0,0,10,10,False,12,V8_L03,-0.13999999999999996,0.27,0.05,"[0.0005769898956369509, -0.0002809221591442534, 0.0014388559330953963]"
supplemental_control_v8_l03,v8_pair_03,control,left,right,none,2,1329,1665,1329,,,[],0.005610545631498098,True,,,,0,0,10,10,False,12,V8_L03,-0.13999999999999996,0.27,0.05,"[0.0005769898956369509, -0.0002809221591442534, 0.0014388559330953963]"
supplemental_control_v8_l03,v8_pair_03,control,left,right,none,3,1929,2265,1929,,,[],0.005974531639367342,True,,,,0,0,10,10,False,12,V8_L03,-0.13999999999999996,0.27,0.05,"[0.0005769898956369509, -0.0002809221591442534, 0.0014388559330953963]"
supplemental_control_v8_l03,v8_pair_03,control,left,right,none,4,2529,2865,2529,,,[],0.005969243124127388,True,,,,0,0,10,10,False,12,V8_L03,-0.13999999999999996,0.27,0.05,"[0.0005769898956369509, -0.0002809221591442534, 0.0014388559330953963]"
supplemental_positive_v8_l04,v8_pair_04,positive,left,left,none,0,39,89,39,,,[],0.0007093122112564743,True,,,,0,0,10,19,False,13,V8_L04,0.0,0.41,0.02,"[0.00029682268200740235, 8.824183071989475e-05, 0.0016814933667546276]"
supplemental_positive_v8_l04,v8_pair_04,positive,left,left,none,1,303,666,303,,,[],0.03902474790811539,True,,,,0,0,10,19,False,13,V8_L04,0.0,0.41,0.02,"[0.00029682268200740235, 8.824183071989475e-05, 0.0016814933667546276]"
supplemental_positive_v8_l04,v8_pair_04,positive,left,left,none,2,923,1168,923,,,[],0.01899089105427265,True,,,,0,0,10,10,False,13,V8_L04,0.0,0.41,0.02,"[0.00029682268200740235, 8.824183071989475e-05, 0.0016814933667546276]"
supplemental_positive_v8_l04,v8_pair_04,positive,left,left,none,3,1169,1270,1169,,,[],0.004212301690131426,True,,,,0,0,10,15,False,13,V8_L04,0.0,0.41,0.02,"[0.00029682268200740235, 8.824183071989475e-05, 0.0016814933667546276]"
supplemental_positive_v8_l04,v8_pair_04,positive,left,left,none,4,1529,1776,1529,,,[],0.01714738830924034,True,,,,0,0,10,10,False,13,V8_L04,0.0,0.41,0.02,"[0.00029682268200740235, 8.824183071989475e-05, 0.0016814933667546276]"
supplemental_positive_v8_l04,v8_pair_04,positive,left,left,none,5,1777,1866,1777,,,[],0.0038550400640815496,True,,,,0,0,10,16,False,13,V8_L04,0.0,0.41,0.02,"[0.00029682268200740235, 8.824183071989475e-05, 0.0016814933667546276]"
supplemental_positive_v8_l04,v8_pair_04,positive,left,left,none,6,2129,2345,2129,,,[],0.006619063671678305,True,,,,0,0,10,10,False,13,V8_L04,0.0,0.41,0.02,"[0.00029682268200740235, 8.824183071989475e-05, 0.0016814933667546276]"
supplemental_positive_v8_l04,v8_pair_04,positive,left,left,none,7,2346,2474,2346,,,[],0.0022716675885021687,True,,,,0,0,10,10,False,13,V8_L04,0.0,0.41,0.02,"[0.00029682268200740235, 8.824183071989475e-05, 0.0016814933667546276]"
supplemental_positive_v8_l04,v8_pair_04,positive,left,left,none,8,2737,3000,2737,,,[],0.022062497213482857,True,,,,0,0,10,10,False,13,V8_L04,0.0,0.41,0.02,"[0.00029682268200740235, 8.824183071989475e-05, 0.0016814933667546276]"
supplemental_positive_v8_l04,v8_pair_04,positive,left,right,none,0,37,327,37,,,[],0.0029768517706543207,True,,,,0,0,10,10,False,13,V8_L04,0.0,0.41,0.02,"[0.00029682268200740235, 8.824183071989475e-05, 0.0016814933667546276]"
supplemental_positive_v8_l04,v8_pair_04,positive,left,right,none,1,628,946,628,,,[],0.0071079665794968605,True,,,,0,0,10,10,False,13,V8_L04,0.0,0.41,0.02,"[0.00029682268200740235, 8.824183071989475e-05, 0.0016814933667546276]"
supplemental_positive_v8_l04,v8_pair_04,positive,left,right,none,2,1232,1552,1232,,,[],0.0066156573593616486,True,,,,0,0,10,10,False,13,V8_L04,0.0,0.41,0.02,"[0.00029682268200740235, 8.824183071989475e-05, 0.0016814933667546276]"
supplemental_positive_v8_l04,v8_pair_04,positive,left,right,none,3,1558,1561,1558,,,[],0.0004036479804199189,False,,,,0,0,3,3,False,13,V8_L04,0.0,0.41,0.02,"[0.00029682268200740235, 8.824183071989475e-05, 0.0016814933667546276]"
supplemental_positive_v8_l04,v8_pair_04,positive,left,right,none,4,1829,2151,1829,,,[],0.007455510552972555,True,,,,0,0,10,10,False,13,V8_L04,0.0,0.41,0.02,"[0.00029682268200740235, 8.824183071989475e-05, 0.0016814933667546276]"
supplemental_positive_v8_l04,v8_pair_04,positive,left,right,none,5,2157,2160,2157,,,[],0.0004206959274597466,False,,,,0,0,3,3,False,13,V8_L04,0.0,0.41,0.02,"[0.00029682268200740235, 8.824183071989475e-05, 0.0016814933667546276]"
supplemental_positive_v8_l04,v8_pair_04,positive,left,right,none,6,2434,2766,2434,,,[],0.006567096337676048,True,,,,0,0,10,10,False,13,V8_L04,0.0,0.41,0.02,"[0.00029682268200740235, 8.824183071989475e-05, 0.0016814933667546276]"
supplemental_control_v8_l04,v8_pair_04,control,left,left,none,0,39,89,39,,,[],0.0007093122112564743,True,,,,0,0,10,19,False,13,V8_L04,0.0,0.41,0.02,"[0.00029682268200740235, 8.824183071989475e-05, 0.0016814933667546276]"
supplemental_control_v8_l04,v8_pair_04,control,left,left,none,1,303,684,303,,,[],0.007899192161858082,True,,,,0,0,10,14,False,13,V8_L04,0.0,0.41,0.02,"[0.00029682268200740235, 8.824183071989475e-05, 0.0016814933667546276]"
supplemental_control_v8_l04,v8_pair_04,control,left,left,none,2,947,1290,947,,,[],0.0020555786322802305,True,,,,0,0,10,10,False,13,V8_L04,0.0,0.41,0.02,"[0.00029682268200740235, 8.824183071989475e-05, 0.0016814933667546276]"
supplemental_control_v8_l04,v8_pair_04,control,left,left,none,3,1555,1885,1555,,,[],0.001715517253614962,True,,,,0,0,10,14,False,13,V8_L04,0.0,0.41,0.02,"[0.00029682268200740235, 8.824183071989475e-05, 0.0016814933667546276]"
supplemental_control_v8_l04,v8_pair_04,control,left,left,none,4,2152,2484,2152,,,[],0.0019175540655851364,True,,,,0,0,10,14,False,13,V8_L04,0.0,0.41,0.02,"[0.00029682268200740235, 8.824183071989475e-05, 0.0016814933667546276]"
supplemental_control_v8_l04,v8_pair_04,control,left,left,none,5,2749,3000,2749,,,[],0.002344326116144657,True,,,,0,0,10,10,False,13,V8_L04,0.0,0.41,0.02,"[0.00029682268200740235, 8.824183071989475e-05, 0.0016814933667546276]"
supplemental_control_v8_l04,v8_pair_04,control,left,right,none,0,37,327,37,,,[],0.0029768517706543207,True,,,,0,0,10,10,False,13,V8_L04,0.0,0.41,0.02,"[0.00029682268200740235, 8.824183071989475e-05, 0.0016814933667546276]"
supplemental_control_v8_l04,v8_pair_04,control,left,right,none,1,643,984,643,,,[],0.0046593849547207355,True,,,,0,0,10,10,False,13,V8_L04,0.0,0.41,0.02,"[0.00029682268200740235, 8.824183071989475e-05, 0.0016814933667546276]"
supplemental_control_v8_l04,v8_pair_04,control,left,right,none,2,1252,1590,1252,,,[],0.004886387847363949,True,,,,0,0,10,10,False,13,V8_L04,0.0,0.41,0.02,"[0.00029682268200740235, 8.824183071989475e-05, 0.0016814933667546276]"
supplemental_control_v8_l04,v8_pair_04,control,left,right,none,3,1596,1600,1596,,,[],0.00038005688111297786,False,,,,0,0,4,4,False,13,V8_L04,0.0,0.41,0.02,"[0.00029682268200740235, 8.824183071989475e-05, 0.0016814933667546276]"
supplemental_control_v8_l04,v8_pair_04,control,left,right,none,4,1847,2185,1847,,,[],0.005720007233321667,True,,,,0,0,10,10,False,13,V8_L04,0.0,0.41,0.02,"[0.00029682268200740235, 8.824183071989475e-05, 0.0016814933667546276]"
supplemental_control_v8_l04,v8_pair_04,control,left,right,none,5,2445,2784,2445,,,[],0.006285565439611673,True,,,,0,0,10,10,False,13,V8_L04,0.0,0.41,0.02,"[0.00029682268200740235, 8.824183071989475e-05, 0.0016814933667546276]"
supplemental_positive_v8_l05,v8_pair_05,positive,left,left,none,0,39,89,39,,,[],0.0007094400934875011,True,,,,0,0,10,19,False,14,V8_L05,0.0,0.41,0.03,"[0.0015607421679779076, -0.0005621800735247805, 0.0012841729139735185]"
supplemental_positive_v8_l05,v8_pair_05,positive,left,left,none,1,303,534,303,,,[],0.01598840206861496,True,,,,0,0,10,11,False,14,V8_L05,0.0,0.41,0.03,"[0.0015607421679779076, -0.0005621800735247805, 0.0012841729139735185]"
supplemental_positive_v8_l05,v8_pair_05,positive,left,left,none,2,535,679,535,,,[],0.003686079755425453,True,,,,0,0,10,10,False,14,V8_L05,0.0,0.41,0.03,"[0.0015607421679779076, -0.0005621800735247805, 0.0012841729139735185]"
supplemental_positive_v8_l05,v8_pair_05,positive,left,left,none,3,935,1251,935,,,[],0.042811889201402664,True,,,,0,0,10,10,False,14,V8_L05,0.0,0.41,0.03,"[0.0015607421679779076, -0.0005621800735247805, 0.0012841729139735185]"
supplemental_positive_v8_l05,v8_pair_05,positive,left,left,none,4,1253,1262,1253,,,[],0.0018527416978031397,False,,,,0,0,9,9,False,14,V8_L05,0.0,0.41,0.03,"[0.0015607421679779076, -0.0005621800735247805, 0.0012841729139735185]"
supplemental_positive_v8_l05,v8_pair_05,positive,left,left,none,5,1528,1802,1528,,,[],0.031432945281267166,True,,,,0,0,10,10,False,14,V8_L05,0.0,0.41,0.03,"[0.0015607421679779076, -0.0005621800735247805, 0.0012841729139735185]"
supplemental_positive_v8_l05,v8_pair_05,positive,left,left,none,6,1803,1861,1803,,,[],0.005719627253711224,True,,,,0,0,10,11,False,14,V8_L05,0.0,0.41,0.03,"[0.0015607421679779076, -0.0005621800735247805, 0.0012841729139735185]"
supplemental_positive_v8_l05,v8_pair_05,positive,left,left,none,7,2121,2354,2121,,,[],0.015047714114189148,True,,,,0,0,10,10,False,14,V8_L05,0.0,0.41,0.03,"[0.0015607421679779076, -0.0005621800735247805, 0.0012841729139735185]"
supplemental_positive_v8_l05,v8_pair_05,positive,left,left,none,8,2355,2473,2355,,,[],0.0034568412229418755,True,,,,0,0,10,10,False,14,V8_L05,0.0,0.41,0.03,"[0.0015607421679779076, -0.0005621800735247805, 0.0012841729139735185]"
supplemental_positive_v8_l05,v8_pair_05,positive,left,left,none,9,2732,3000,2732,,,[],0.008585494942963123,True,,,,0,0,10,10,False,14,V8_L05,0.0,0.41,0.03,"[0.0015607421679779076, -0.0005621800735247805, 0.0012841729139735185]"
supplemental_positive_v8_l05,v8_pair_05,positive,left,right,none,0,37,327,37,,,[],0.0029777036979794502,True,,,,0,0,10,10,False,14,V8_L05,0.0,0.41,0.03,"[0.0015607421679779076, -0.0005621800735247805, 0.0012841729139735185]"
supplemental_positive_v8_l05,v8_pair_05,positive,left,right,none,1,636,966,636,,,[],0.005670791957527399,True,,,,0,0,10,10,False,14,V8_L05,0.0,0.41,0.03,"[0.0015607421679779076, -0.0005621800735247805, 0.0012841729139735185]"
supplemental_positive_v8_l05,v8_pair_05,positive,left,right,none,2,1236,1554,1236,,,[],0.007767240516841412,True,,,,0,0,10,10,False,14,V8_L05,0.0,0.41,0.03,"[0.0015607421679779076, -0.0005621800735247805, 0.0012841729139735185]"
supplemental_positive_v8_l05,v8_pair_05,positive,left,right,none,3,1827,2145,1827,,,[],0.007634966634213924,True,,,,0,0,10,10,False,14,V8_L05,0.0,0.41,0.03,"[0.0015607421679779076, -0.0005621800735247805, 0.0012841729139735185]"
supplemental_positive_v8_l05,v8_pair_05,positive,left,right,none,4,2433,2763,2433,,,[],0.006133474875241518,True,,,,0,0,10,10,False,14,V8_L05,0.0,0.41,0.03,"[0.0015607421679779076, -0.0005621800735247805, 0.0012841729139735185]"
supplemental_control_v8_l05,v8_pair_05,control,left,left,none,0,39,89,39,,,[],0.0007094400934875011,True,,,,0,0,10,19,False,14,V8_L05,0.0,0.41,0.03,"[0.0015607421679779076, -0.0005621800735247805, 0.0012841729139735185]"
supplemental_control_v8_l05,v8_pair_05,control,left,left,none,1,303,681,303,,,[],0.007913936860859394,True,,,,0,0,10,11,False,14,V8_L05,0.0,0.41,0.03,"[0.0015607421679779076, -0.0005621800735247805, 0.0012841729139735185]"
supplemental_control_v8_l05,v8_pair_05,control,left,left,none,2,946,1283,946,,,[],0.0021926837507635355,True,,,,0,0,10,13,False,14,V8_L05,0.0,0.41,0.03,"[0.0015607421679779076, -0.0005621800735247805, 0.0012841729139735185]"
supplemental_control_v8_l05,v8_pair_05,control,left,left,none,3,1556,1881,1556,,,[],0.0015462092123925686,True,,,,0,0,10,11,False,14,V8_L05,0.0,0.41,0.03,"[0.0015607421679779076, -0.0005621800735247805, 0.0012841729139735185]"
supplemental_control_v8_l05,v8_pair_05,control,left,left,none,4,2153,2480,2153,,,[],0.0018965315539389849,True,,,,0,0,10,10,False,14,V8_L05,0.0,0.41,0.03,"[0.0015607421679779076, -0.0005621800735247805, 0.0012841729139735185]"
supplemental_control_v8_l05,v8_pair_05,control,left,left,none,5,2750,3000,2750,,,[],0.0021613948047161102,True,,,,0,0,10,10,False,14,V8_L05,0.0,0.41,0.03,"[0.0015607421679779076, -0.0005621800735247805, 0.0012841729139735185]"
supplemental_control_v8_l05,v8_pair_05,control,left,right,none,0,37,327,37,,,[],0.0029777036979794502,True,,,,0,0,10,10,False,14,V8_L05,0.0,0.41,0.03,"[0.0015607421679779076, -0.0005621800735247805, 0.0012841729139735185]"
supplemental_control_v8_l05,v8_pair_05,control,left,right,none,1,643,984,643,,,[],0.004978045355528593,True,,,,0,0,10,10,False,14,V8_L05,0.0,0.41,0.03,"[0.0015607421679779076, -0.0005621800735247805, 0.0012841729139735185]"
supplemental_control_v8_l05,v8_pair_05,control,left,right,none,2,1253,1592,1253,,,[],0.004784899298101664,True,,,,0,0,10,10,False,14,V8_L05,0.0,0.41,0.03,"[0.0015607421679779076, -0.0005621800735247805, 0.0012841729139735185]"
supplemental_control_v8_l05,v8_pair_05,control,left,right,none,3,1596,1601,1596,,,[],0.0003623127122409642,False,,,,0,0,5,5,False,14,V8_L05,0.0,0.41,0.03,"[0.0015607421679779076, -0.0005621800735247805, 0.0012841729139735185]"
supplemental_control_v8_l05,v8_pair_05,control,left,right,none,4,1848,2186,1848,,,[],0.00560827786102891,True,,,,0,0,10,10,False,14,V8_L05,0.0,0.41,0.03,"[0.0015607421679779076, -0.0005621800735247805, 0.0012841729139735185]"
supplemental_control_v8_l05,v8_pair_05,control,left,right,none,5,2447,2785,2447,,,[],0.005758869461715221,True,,,,0,0,10,10,False,14,V8_L05,0.0,0.41,0.03,"[0.0015607421679779076, -0.0005621800735247805, 0.0012841729139735185]"
supplemental_positive_v8_l06,v8_pair_06,positive,left,left,left,0,39,89,39,,,[],0.0006857530097477138,True,,,,0,0,10,19,False,15,V8_L06,0.0,0.41,0.04,"[0.0002914733933655866, 0.0008732290826420532, 0.0016863007545616553]"
supplemental_positive_v8_l06,v8_pair_06,positive,left,left,left,1,304,591,304,584,281,"[[584,591]]",0.05823312699794769,True,,,,0,0,10,14,False,15,V8_L06,0.0,0.41,0.04,"[0.0002914733933655866, 0.0008732290826420532, 0.0016863007545616553]"
supplemental_positive_v8_l06,v8_pair_06,positive,left,left,left,2,592,654,592,,,[],0.011769658885896206,True,,,,0,0,10,10,False,15,V8_L06,0.0,0.41,0.04,"[0.0002914733933655866, 0.0008732290826420532, 0.0016863007545616553]"
supplemental_positive_v8_l06,v8_pair_06,positive,left,left,left,3,913,1194,913,,,[],0.05113851651549339,True,,,,0,0,10,10,False,15,V8_L06,0.0,0.41,0.04,"[0.0002914733933655866, 0.0008732290826420532, 0.0016863007545616553]"
supplemental_positive_v8_l06,v8_pair_06,positive,left,left,left,4,1195,1260,1195,,,[],0.010120118036866188,True,,,,0,0,10,10,False,15,V8_L06,0.0,0.41,0.04,"[0.0002914733933655866, 0.0008732290826420532, 0.0016863007545616553]"
supplemental_positive_v8_l06,v8_pair_06,positive,left,left,left,5,1518,1785,1518,,,[],0.03742473945021629,True,,,,0,0,10,10,False,15,V8_L06,0.0,0.41,0.04,"[0.0002914733933655866, 0.0008732290826420532, 0.0016863007545616553]"
supplemental_positive_v8_l06,v8_pair_06,positive,left,left,left,6,1786,1864,1786,,,[],0.007306420709937811,True,,,,0,0,10,14,False,15,V8_L06,0.0,0.41,0.04,"[0.0002914733933655866, 0.0008732290826420532, 0.0016863007545616553]"
supplemental_positive_v8_l06,v8_pair_06,positive,left,left,left,7,2119,2378,2119,,,[],0.029536865651607513,True,,,,0,0,10,10,False,15,V8_L06,0.0,0.41,0.04,"[0.0002914733933655866, 0.0008732290826420532, 0.0016863007545616553]"
supplemental_positive_v8_l06,v8_pair_06,positive,left,left,left,8,2379,2464,2379,,,[],0.00607953779399395,True,,,,0,0,10,14,False,15,V8_L06,0.0,0.41,0.04,"[0.0002914733933655866, 0.0008732290826420532, 0.0016863007545616553]"
supplemental_positive_v8_l06,v8_pair_06,positive,left,left,left,9,2721,2936,2721,,,[],0.007861226797103882,True,,,,0,0,10,10,False,15,V8_L06,0.0,0.41,0.04,"[0.0002914733933655866, 0.0008732290826420532, 0.0016863007545616553]"
supplemental_positive_v8_l06,v8_pair_06,positive,left,left,left,10,2937,3000,2937,,,[],0.0021758705843240023,True,,,,0,0,10,10,False,15,V8_L06,0.0,0.41,0.04,"[0.0002914733933655866, 0.0008732290826420532, 0.0016863007545616553]"
supplemental_positive_v8_l06,v8_pair_06,positive,left,right,left,0,37,328,37,,,[],0.003012329339981079,True,,,,0,0,10,10,False,15,V8_L06,0.0,0.41,0.04,"[0.0002914733933655866, 0.0008732290826420532, 0.0016863007545616553]"
supplemental_positive_v8_l06,v8_pair_06,positive,left,right,left,1,620,942,620,,,[],0.009272901341319084,True,,,,0,0,10,10,False,15,V8_L06,0.0,0.41,0.04,"[0.0002914733933655866, 0.0008732290826420532, 0.0016863007545616553]"
supplemental_positive_v8_l06,v8_pair_06,positive,left,right,left,2,1225,1544,1225,,,[],0.007467524614185095,True,,,,0,0,10,10,False,15,V8_L06,0.0,0.41,0.04,"[0.0002914733933655866, 0.0008732290826420532, 0.0016863007545616553]"
supplemental_positive_v8_l06,v8_pair_06,positive,left,right,left,3,1828,2145,1828,,,[],0.0070829675532877445,True,,,,0,0,10,10,False,15,V8_L06,0.0,0.41,0.04,"[0.0002914733933655866, 0.0008732290826420532, 0.0016863007545616553]"
supplemental_positive_v8_l06,v8_pair_06,positive,left,right,left,4,2427,2745,2427,,,[],0.0073782275430858135,True,,,,0,0,10,10,False,15,V8_L06,0.0,0.41,0.04,"[0.0002914733933655866, 0.0008732290826420532, 0.0016863007545616553]"
supplemental_control_v8_l06,v8_pair_06,control,left,left,none,0,39,89,39,,,[],0.0006857530097477138,True,,,,0,0,10,19,False,15,V8_L06,0.0,0.41,0.04,"[0.0002914733933655866, 0.0008732290826420532, 0.0016863007545616553]"
supplemental_control_v8_l06,v8_pair_06,control,left,left,none,1,304,683,304,,,[],0.007999087683856487,True,,,,0,0,10,13,False,15,V8_L06,0.0,0.41,0.04,"[0.0002914733933655866, 0.0008732290826420532, 0.0016863007545616553]"
supplemental_control_v8_l06,v8_pair_06,control,left,left,none,2,946,1290,946,,,[],0.0020966501906514168,True,,,,0,0,10,10,False,15,V8_L06,0.0,0.41,0.04,"[0.0002914733933655866, 0.0008732290826420532, 0.0016863007545616553]"
supplemental_control_v8_l06,v8_pair_06,control,left,left,none,3,1555,1885,1555,,,[],0.0017166536999866366,True,,,,0,0,10,14,False,15,V8_L06,0.0,0.41,0.04,"[0.0002914733933655866, 0.0008732290826420532, 0.0016863007545616553]"
supplemental_control_v8_l06,v8_pair_06,control,left,left,none,4,2152,2484,2152,,,[],0.0019125373801216483,True,,,,0,0,10,14,False,15,V8_L06,0.0,0.41,0.04,"[0.0002914733933655866, 0.0008732290826420532, 0.0016863007545616553]"
supplemental_control_v8_l06,v8_pair_06,control,left,left,none,5,2749,3000,2749,,,[],0.002341849496588111,True,,,,0,0,10,10,False,15,V8_L06,0.0,0.41,0.04,"[0.0002914733933655866, 0.0008732290826420532, 0.0016863007545616553]"
supplemental_control_v8_l06,v8_pair_06,control,left,right,none,0,37,328,37,,,[],0.003012329339981079,True,,,,0,0,10,10,False,15,V8_L06,0.0,0.41,0.04,"[0.0002914733933655866, 0.0008732290826420532, 0.0016863007545616553]"
supplemental_control_v8_l06,v8_pair_06,control,left,right,none,1,642,984,642,,,[],0.004986416082829237,True,,,,0,0,10,10,False,15,V8_L06,0.0,0.41,0.04,"[0.0002914733933655866, 0.0008732290826420532, 0.0016863007545616553]"
supplemental_control_v8_l06,v8_pair_06,control,left,right,none,2,1251,1590,1251,,,[],0.005277379881590605,True,,,,0,0,10,10,False,15,V8_L06,0.0,0.41,0.04,"[0.0002914733933655866, 0.0008732290826420532, 0.0016863007545616553]"
supplemental_control_v8_l06,v8_pair_06,control,left,right,none,3,1597,1601,1597,,,[],0.00039626884972676635,False,,,,0,0,4,4,False,15,V8_L06,0.0,0.41,0.04,"[0.0002914733933655866, 0.0008732290826420532, 0.0016863007545616553]"
supplemental_control_v8_l06,v8_pair_06,control,left,right,none,4,1847,2185,1847,,,[],0.005716849118471146,True,,,,0,0,10,10,False,15,V8_L06,0.0,0.41,0.04,"[0.0002914733933655866, 0.0008732290826420532, 0.0016863007545616553]"
supplemental_control_v8_l06,v8_pair_06,control,left,right,none,5,2445,2784,2445,,,[],0.006305613089352846,True,,,,0,0,10,10,False,15,V8_L06,0.0,0.41,0.04,"[0.0002914733933655866, 0.0008732290826420532, 0.0016863007545616553]"
supplemental_positive_v8_l07,v8_pair_07,positive,left,left,none,0,39,89,39,,,[],0.0006856162799522281,True,,,,0,0,10,19,False,16,V8_L07,0.0,0.41,0.05,"[0.0016625161407072039, -0.0005734190612621388, 0.0011374837996894864]"
supplemental_positive_v8_l07,v8_pair_07,positive,left,left,none,1,304,563,304,,,[],0.03249671310186386,True,,,,0,0,10,12,False,16,V8_L07,0.0,0.41,0.05,"[0.0016625161407072039, -0.0005734190612621388, 0.0011374837996894864]"
supplemental_positive_v8_l07,v8_pair_07,positive,left,left,none,2,564,665,564,,,[],0.006522870622575283,True,,,,0,0,10,15,False,16,V8_L07,0.0,0.41,0.05,"[0.0016625161407072039, -0.0005734190612621388, 0.0011374837996894864]"
supplemental_positive_v8_l07,v8_pair_07,positive,left,left,none,3,921,1171,921,,,[],0.023028839379549026,True,,,,0,0,10,10,False,16,V8_L07,0.0,0.41,0.05,"[0.0016625161407072039, -0.0005734190612621388, 0.0011374837996894864]"
supplemental_positive_v8_l07,v8_pair_07,positive,left,left,none,4,1172,1267,1172,,,[],0.005107732955366373,True,,,,0,0,10,17,False,16,V8_L07,0.0,0.41,0.05,"[0.0016625161407072039, -0.0005734190612621388, 0.0011374837996894864]"
supplemental_positive_v8_l07,v8_pair_07,positive,left,left,none,5,1526,1770,1526,,,[],0.017519665881991386,True,,,,0,0,10,10,False,16,V8_L07,0.0,0.41,0.05,"[0.0016625161407072039, -0.0005734190612621388, 0.0011374837996894864]"
supplemental_positive_v8_l07,v8_pair_07,positive,left,left,none,6,1771,1866,1771,,,[],0.0041814628057181835,True,,,,0,0,10,16,False,16,V8_L07,0.0,0.41,0.05,"[0.0016625161407072039, -0.0005734190612621388, 0.0011374837996894864]"
supplemental_positive_v8_l07,v8_pair_07,positive,left,left,none,7,2128,2382,2128,,,[],0.021623410284519196,True,,,,0,0,10,10,False,16,V8_L07,0.0,0.41,0.05,"[0.0016625161407072039, -0.0005734190612621388, 0.0011374837996894864]"
supplemental_positive_v8_l07,v8_pair_07,positive,left,left,none,8,2383,2463,2383,,,[],0.004663282074034214,True,,,,0,0,10,13,False,16,V8_L07,0.0,0.41,0.05,"[0.0016625161407072039, -0.0005734190612621388, 0.0011374837996894864]"
supplemental_positive_v8_l07,v8_pair_07,positive,left,left,none,9,2725,2940,2725,,,[],0.007565043400973082,True,,,,0,0,10,10,False,16,V8_L07,0.0,0.41,0.05,"[0.0016625161407072039, -0.0005734190612621388, 0.0011374837996894864]"
supplemental_positive_v8_l07,v8_pair_07,positive,left,left,none,10,2941,3000,2941,,,[],0.0021090160589665174,True,,,,0,0,10,10,False,16,V8_L07,0.0,0.41,0.05,"[0.0016625161407072039, -0.0005734190612621388, 0.0011374837996894864]"
supplemental_positive_v8_l07,v8_pair_07,positive,left,right,none,0,37,328,37,,,[],0.0030133312102407217,True,,,,0,0,10,10,False,16,V8_L07,0.0,0.41,0.05,"[0.0016625161407072039, -0.0005734190612621388, 0.0011374837996894864]"
supplemental_positive_v8_l07,v8_pair_07,positive,left,right,none,1,627,945,627,,,[],0.007282136939466,True,,,,0,0,10,10,False,16,V8_L07,0.0,0.41,0.05,"[0.0016625161407072039, -0.0005734190612621388, 0.0011374837996894864]"
supplemental_positive_v8_l07,v8_pair_07,positive,left,right,none,2,1230,1548,1230,,,[],0.006995379459112883,True,,,,0,0,10,10,False,16,V8_L07,0.0,0.41,0.05,"[0.0016625161407072039, -0.0005734190612621388, 0.0011374837996894864]"
supplemental_positive_v8_l07,v8_pair_07,positive,left,right,none,3,1829,2150,1829,,,[],0.007560296915471554,True,,,,0,0,10,10,False,16,V8_L07,0.0,0.41,0.05,"[0.0016625161407072039, -0.0005734190612621388, 0.0011374837996894864]"
supplemental_positive_v8_l07,v8_pair_07,positive,left,right,none,4,2158,2161,2158,,,[],0.0004924790118820965,False,,,,0,0,3,3,False,16,V8_L07,0.0,0.41,0.05,"[0.0016625161407072039, -0.0005734190612621388, 0.0011374837996894864]"
supplemental_positive_v8_l07,v8_pair_07,positive,left,right,none,5,2426,2746,2426,,,[],0.008427508175373077,True,,,,0,0,10,10,False,16,V8_L07,0.0,0.41,0.05,"[0.0016625161407072039, -0.0005734190612621388, 0.0011374837996894864]"
supplemental_control_v8_l07,v8_pair_07,control,left,left,none,0,39,89,39,,,[],0.0006856162799522281,True,,,,0,0,10,19,False,16,V8_L07,0.0,0.41,0.05,"[0.0016625161407072039, -0.0005734190612621388, 0.0011374837996894864]"
supplemental_control_v8_l07,v8_pair_07,control,left,left,none,1,304,666,304,,,[],0.008015596307814121,True,,,,0,0,10,10,False,16,V8_L07,0.0,0.41,0.05,"[0.0016625161407072039, -0.0005734190612621388, 0.0011374837996894864]"
supplemental_control_v8_l07,v8_pair_07,control,left,left,none,2,667,680,667,,,[],0.0007695055101066828,True,,,,0,0,10,10,False,16,V8_L07,0.0,0.41,0.05,"[0.0016625161407072039, -0.0005734190612621388, 0.0011374837996894864]"
supplemental_control_v8_l07,v8_pair_07,control,left,left,none,3,945,1282,945,,,[],0.0021939787548035383,True,,,,0,0,10,12,False,16,V8_L07,0.0,0.41,0.05,"[0.0016625161407072039, -0.0005734190612621388, 0.0011374837996894864]"
supplemental_control_v8_l07,v8_pair_07,control,left,left,none,4,1556,1882,1556,,,[],0.0015652456786483526,True,,,,0,0,10,11,False,16,V8_L07,0.0,0.41,0.05,"[0.0016625161407072039, -0.0005734190612621388, 0.0011374837996894864]"
supplemental_control_v8_l07,v8_pair_07,control,left,left,none,5,2152,2474,2152,,,[],0.0021051550284028053,True,,,,0,0,10,10,False,16,V8_L07,0.0,0.41,0.05,"[0.0016625161407072039, -0.0005734190612621388, 0.0011374837996894864]"
supplemental_control_v8_l07,v8_pair_07,control,left,left,none,6,2475,2482,2475,,,[],0.00026757732848636806,False,,,,0,0,7,7,False,16,V8_L07,0.0,0.41,0.05,"[0.0016625161407072039, -0.0005734190612621388, 0.0011374837996894864]"
supplemental_control_v8_l07,v8_pair_07,control,left,left,none,7,2750,3000,2750,,,[],0.0022951122373342514,True,,,,0,0,10,10,False,16,V8_L07,0.0,0.41,0.05,"[0.0016625161407072039, -0.0005734190612621388, 0.0011374837996894864]"
supplemental_control_v8_l07,v8_pair_07,control,left,right,none,0,37,328,37,,,[],0.0030133312102407217,True,,,,0,0,10,10,False,16,V8_L07,0.0,0.41,0.05,"[0.0016625161407072039, -0.0005734190612621388, 0.0011374837996894864]"
supplemental_control_v8_l07,v8_pair_07,control,left,right,none,1,643,984,643,,,[],0.004983299877494574,True,,,,0,0,10,10,False,16,V8_L07,0.0,0.41,0.05,"[0.0016625161407072039, -0.0005734190612621388, 0.0011374837996894864]"
supplemental_control_v8_l07,v8_pair_07,control,left,right,none,2,1252,1591,1252,,,[],0.005138736218214035,True,,,,0,0,10,10,False,16,V8_L07,0.0,0.41,0.05,"[0.0016625161407072039, -0.0005734190612621388, 0.0011374837996894864]"
supplemental_control_v8_l07,v8_pair_07,control,left,right,none,3,1596,1601,1596,,,[],0.0004259945417288691,False,,,,0,0,5,5,False,16,V8_L07,0.0,0.41,0.05,"[0.0016625161407072039, -0.0005734190612621388, 0.0011374837996894864]"
supplemental_control_v8_l07,v8_pair_07,control,left,right,none,4,1848,2186,1848,,,[],0.005602041259407997,True,,,,0,0,10,10,False,16,V8_L07,0.0,0.41,0.05,"[0.0016625161407072039, -0.0005734190612621388, 0.0011374837996894864]"
supplemental_control_v8_l07,v8_pair_07,control,left,right,none,5,2447,2785,2447,,,[],0.005780029110610485,True,,,,0,0,10,10,False,16,V8_L07,0.0,0.41,0.05,"[0.0016625161407072039, -0.0005734190612621388, 0.0011374837996894864]"
supplemental_positive_v8_l08,v8_pair_08,positive,left,left,none,0,228,505,228,,,[],0.0399315282702446,True,,,,0,0,10,13,False,17,V8_L08,0.14000000000000007,0.55,0.02,"[0.00037756762786769196, 0.00038885088932019067, 0.0010385405289600746]"
supplemental_positive_v8_l08,v8_pair_08,positive,left,left,none,1,506,581,506,,,[],0.008909398689866066,True,,,,0,0,10,11,False,17,V8_L08,0.14000000000000007,0.55,0.02,"[0.00037756762786769196, 0.00038885088932019067, 0.0010385405289600746]"
supplemental_positive_v8_l08,v8_pair_08,positive,left,left,none,2,836,1051,836,,,[],0.007857969962060452,True,,,,0,0,10,10,False,17,V8_L08,0.14000000000000007,0.55,0.02,"[0.00037756762786769196, 0.00038885088932019067, 0.0010385405289600746]"
supplemental_positive_v8_l08,v8_pair_08,positive,left,left,none,3,1052,1200,1052,,,[],0.0024550561793148518,True,,,,0,0,10,10,False,17,V8_L08,0.14000000000000007,0.55,0.02,"[0.00037756762786769196, 0.00038885088932019067, 0.0010385405289600746]"
supplemental_positive_v8_l08,v8_pair_08,positive,left,left,none,4,1460,1767,1460,,,[],0.03310360759496689,True,,,,0,0,10,10,False,17,V8_L08,0.14000000000000007,0.55,0.02,"[0.00037756762786769196, 0.00038885088932019067, 0.0010385405289600746]"
supplemental_positive_v8_l08,v8_pair_08,positive,left,left,none,5,1769,1782,1769,,,[],0.0025293256621807814,True,,,,0,0,10,10,False,17,V8_L08,0.14000000000000007,0.55,0.02,"[0.00037756762786769196, 0.00038885088932019067, 0.0010385405289600746]"
supplemental_positive_v8_l08,v8_pair_08,positive,left,left,none,6,2051,2293,2051,,,[],0.013508261181414127,True,,,,0,0,10,10,False,17,V8_L08,0.14000000000000007,0.55,0.02,"[0.00037756762786769196, 0.00038885088932019067, 0.0010385405289600746]"
supplemental_positive_v8_l08,v8_pair_08,positive,left,left,none,7,2294,2385,2294,,,[],0.0028480112086981535,True,,,,0,0,10,15,False,17,V8_L08,0.14000000000000007,0.55,0.02,"[0.00037756762786769196, 0.00038885088932019067, 0.0010385405289600746]"
supplemental_positive_v8_l08,v8_pair_08,positive,left,left,none,8,2648,2986,2648,,,[],0.009179365821182728,True,,,,0,0,10,16,False,17,V8_L08,0.14000000000000007,0.55,0.02,"[0.00037756762786769196, 0.00038885088932019067, 0.0010385405289600746]"
supplemental_positive_v8_l08,v8_pair_08,positive,left,right,none,0,32,260,32,,,[],0.0027881888672709465,True,,,,0,0,10,10,False,17,V8_L08,0.14000000000000007,0.55,0.02,"[0.00037756762786769196, 0.00038885088932019067, 0.0010385405289600746]"
supplemental_positive_v8_l08,v8_pair_08,positive,left,right,none,1,541,864,541,,,[],0.006758433301001787,True,,,,0,0,10,10,False,17,V8_L08,0.14000000000000007,0.55,0.02,"[0.00037756762786769196, 0.00038885088932019067, 0.0010385405289600746]"
supplemental_positive_v8_l08,v8_pair_08,positive,left,right,none,2,1158,1490,1158,,,[],0.004812667611986399,True,,,,0,0,10,10,False,17,V8_L08,0.14000000000000007,0.55,0.02,"[0.00037756762786769196, 0.00038885088932019067, 0.0010385405289600746]"
supplemental_positive_v8_l08,v8_pair_08,positive,left,right,none,3,1499,1501,1499,,,[],0.00020305736688897014,False,,,,0,0,2,2,False,17,V8_L08,0.14000000000000007,0.55,0.02,"[0.00037756762786769196, 0.00038885088932019067, 0.0010385405289600746]"
supplemental_positive_v8_l08,v8_pair_08,positive,left,right,none,4,1754,2082,1754,,,[],0.0070777046494185925,True,,,,0,0,10,10,False,17,V8_L08,0.14000000000000007,0.55,0.02,"[0.00037756762786769196, 0.00038885088932019067, 0.0010385405289600746]"
supplemental_positive_v8_l08,v8_pair_08,positive,left,right,none,5,2347,2672,2347,,,[],0.006614395882934332,True,,,,0,0,10,10,False,17,V8_L08,0.14000000000000007,0.55,0.02,"[0.00037756762786769196, 0.00038885088932019067, 0.0010385405289600746]"
supplemental_positive_v8_l08,v8_pair_08,positive,left,right,none,6,2679,2681,2679,,,[],0.0002163823664886877,False,,,,0,0,2,2,False,17,V8_L08,0.14000000000000007,0.55,0.02,"[0.00037756762786769196, 0.00038885088932019067, 0.0010385405289600746]"
supplemental_positive_v8_l08,v8_pair_08,positive,left,right,none,7,2949,3000,2949,,,[],0.006656601559370756,True,,,,0,0,10,10,False,17,V8_L08,0.14000000000000007,0.55,0.02,"[0.00037756762786769196, 0.00038885088932019067, 0.0010385405289600746]"
supplemental_control_v8_l08,v8_pair_08,control,left,left,none,0,228,600,228,,,[],0.007964869029819965,True,,,,0,0,10,10,False,17,V8_L08,0.14000000000000007,0.55,0.02,"[0.00037756762786769196, 0.00038885088932019067, 0.0010385405289600746]"
supplemental_control_v8_l08,v8_pair_08,control,left,left,none,1,858,1207,858,,,[],0.0015795808285474777,True,,,,0,0,10,16,False,17,V8_L08,0.14000000000000007,0.55,0.02,"[0.00037756762786769196, 0.00038885088932019067, 0.0010385405289600746]"
supplemental_control_v8_l08,v8_pair_08,control,left,left,none,2,1475,1805,1475,,,[],0.0016252906061708927,True,,,,0,0,10,14,False,17,V8_L08,0.14000000000000007,0.55,0.02,"[0.00037756762786769196, 0.00038885088932019067, 0.0010385405289600746]"
supplemental_control_v8_l08,v8_pair_08,control,left,left,none,3,2070,2402,2070,,,[],0.002006347058340907,True,,,,0,0,10,12,False,17,V8_L08,0.14000000000000007,0.55,0.02,"[0.00037756762786769196, 0.00038885088932019067, 0.0010385405289600746]"
supplemental_control_v8_l08,v8_pair_08,control,left,left,none,4,2666,3000,2666,,,[],0.002338340738788247,True,,,,0,0,10,10,False,17,V8_L08,0.14000000000000007,0.55,0.02,"[0.00037756762786769196, 0.00038885088932019067, 0.0010385405289600746]"
supplemental_control_v8_l08,v8_pair_08,control,left,right,none,0,32,260,32,,,[],0.0027881888672709465,True,,,,0,0,10,10,False,17,V8_L08,0.14000000000000007,0.55,0.02,"[0.00037756762786769196, 0.00038885088932019067, 0.0010385405289600746]"
supplemental_control_v8_l08,v8_pair_08,control,left,right,none,1,557,895,557,,,[],0.004066111519932747,True,,,,0,0,10,10,False,17,V8_L08,0.14000000000000007,0.55,0.02,"[0.00037756762786769196, 0.00038885088932019067, 0.0010385405289600746]"
supplemental_control_v8_l08,v8_pair_08,control,left,right,none,2,896,901,896,,,[],0.0002969752240460366,False,,,,0,0,5,5,False,17,V8_L08,0.14000000000000007,0.55,0.02,"[0.00037756762786769196, 0.00038885088932019067, 0.0010385405289600746]"
supplemental_control_v8_l08,v8_pair_08,control,left,right,none,3,1169,1513,1169,,,[],0.004485432058572769,True,,,,0,0,10,10,False,17,V8_L08,0.14000000000000007,0.55,0.02,"[0.00037756762786769196, 0.00038885088932019067, 0.0010385405289600746]"
supplemental_control_v8_l08,v8_pair_08,control,left,right,none,4,1517,1522,1517,,,[],0.00036244382499717176,False,,,,0,0,5,5,False,17,V8_L08,0.14000000000000007,0.55,0.02,"[0.00037756762786769196, 0.00038885088932019067, 0.0010385405289600746]"
supplemental_control_v8_l08,v8_pair_08,control,left,right,none,5,1764,2105,1764,,,[],0.005956993903964758,True,,,,0,0,10,10,False,17,V8_L08,0.14000000000000007,0.55,0.02,"[0.00037756762786769196, 0.00038885088932019067, 0.0010385405289600746]"
supplemental_control_v8_l08,v8_pair_08,control,left,right,none,6,2362,2704,2362,,,[],0.00594362523406744,True,,,,0,0,10,10,False,17,V8_L08,0.14000000000000007,0.55,0.02,"[0.00037756762786769196, 0.00038885088932019067, 0.0010385405289600746]"
supplemental_control_v8_l08,v8_pair_08,control,left,right,none,7,2960,3000,2960,,,[],0.006015249993652105,True,,,,0,0,10,10,False,17,V8_L08,0.14000000000000007,0.55,0.02,"[0.00037756762786769196, 0.00038885088932019067, 0.0010385405289600746]"
supplemental_positive_v8_l09,v8_pair_09,positive,left,left,left,0,228,505,228,,,[],0.03993486985564232,True,,,,0,0,10,13,False,18,V8_L09,0.14000000000000007,0.55,0.03,"[0.0007072125986332194, -0.0005213253876359261, 0.001211291254116341]"
supplemental_positive_v8_l09,v8_pair_09,positive,left,left,left,1,506,581,506,,,[],0.008910038508474827,True,,,,0,0,10,11,False,18,V8_L09,0.14000000000000007,0.55,0.03,"[0.0007072125986332194, -0.0005213253876359261, 0.001211291254116341]"
supplemental_positive_v8_l09,v8_pair_09,positive,left,left,left,2,836,1051,836,,,[],0.007859521545469761,True,,,,0,0,10,10,False,18,V8_L09,0.14000000000000007,0.55,0.03,"[0.0007072125986332194, -0.0005213253876359261, 0.001211291254116341]"
supplemental_positive_v8_l09,v8_pair_09,positive,left,left,left,3,1052,1200,1052,,,[],0.0024551686365157366,True,,,,0,0,10,10,False,18,V8_L09,0.14000000000000007,0.55,0.03,"[0.0007072125986332194, -0.0005213253876359261, 0.001211291254116341]"
supplemental_positive_v8_l09,v8_pair_09,positive,left,left,left,4,1460,1776,1460,,,[],0.036098968237638474,True,,,,0,0,10,10,False,18,V8_L09,0.14000000000000007,0.55,0.03,"[0.0007072125986332194, -0.0005213253876359261, 0.001211291254116341]"
supplemental_positive_v8_l09,v8_pair_09,positive,left,left,left,5,1777,1781,1777,,,[],0.0007135541527532041,False,,,,0,0,4,4,False,18,V8_L09,0.14000000000000007,0.55,0.03,"[0.0007072125986332194, -0.0005213253876359261, 0.001211291254116341]"
supplemental_positive_v8_l09,v8_pair_09,positive,left,left,left,6,2051,2365,2051,,,[],0.047041039913892746,True,,,,0,0,10,10,False,18,V8_L09,0.14000000000000007,0.55,0.03,"[0.0007072125986332194, -0.0005213253876359261, 0.001211291254116341]"
supplemental_positive_v8_l09,v8_pair_09,positive,left,left,left,7,2641,2953,2641,2933,293,"[[2933,2941],[2944,2953]]",0.06741463392972946,True,,,,0,0,10,11,False,18,V8_L09,0.14000000000000007,0.55,0.03,"[0.0007072125986332194, -0.0005213253876359261, 0.001211291254116341]"
supplemental_positive_v8_l09,v8_pair_09,positive,left,left,left,8,2954,2963,2954,,,[],0.0034714199136942625,False,,,,0,0,9,9,False,18,V8_L09,0.14000000000000007,0.55,0.03,"[0.0007072125986332194, -0.0005213253876359261, 0.001211291254116341]"
supplemental_positive_v8_l09,v8_pair_09,positive,left,right,left,0,32,260,32,,,[],0.002788133919239044,True,,,,0,0,10,10,False,18,V8_L09,0.14000000000000007,0.55,0.03,"[0.0007072125986332194, -0.0005213253876359261, 0.001211291254116341]"
supplemental_positive_v8_l09,v8_pair_09,positive,left,right,left,1,541,864,541,,,[],0.00675970409065485,True,,,,0,0,10,10,False,18,V8_L09,0.14000000000000007,0.55,0.03,"[0.0007072125986332194, -0.0005213253876359261, 0.001211291254116341]"
supplemental_positive_v8_l09,v8_pair_09,positive,left,right,left,2,1158,1489,1158,,,[],0.004812808241695166,True,,,,0,0,10,10,False,18,V8_L09,0.14000000000000007,0.55,0.03,"[0.0007072125986332194, -0.0005213253876359261, 0.001211291254116341]"
supplemental_positive_v8_l09,v8_pair_09,positive,left,right,left,3,1497,1500,1497,,,[],0.0003666109114419669,False,,,,0,0,3,3,False,18,V8_L09,0.14000000000000007,0.55,0.03,"[0.0007072125986332194, -0.0005213253876359261, 0.001211291254116341]"
supplemental_positive_v8_l09,v8_pair_09,positive,left,right,left,4,1754,2083,1754,,,[],0.0070675937458872795,True,,,,0,0,10,10,False,18,V8_L09,0.14000000000000007,0.55,0.03,"[0.0007072125986332194, -0.0005213253876359261, 0.001211291254116341]"
supplemental_positive_v8_l09,v8_pair_09,positive,left,right,left,5,2343,2665,2343,,,[],0.007719508372247219,True,,,,0,0,10,10,False,18,V8_L09,0.14000000000000007,0.55,0.03,"[0.0007072125986332194, -0.0005213253876359261, 0.001211291254116341]"
supplemental_positive_v8_l09,v8_pair_09,positive,left,right,left,6,2939,3000,2939,,,[],0.008465485647320747,True,,,,0,0,10,10,False,18,V8_L09,0.14000000000000007,0.55,0.03,"[0.0007072125986332194, -0.0005213253876359261, 0.001211291254116341]"
supplemental_control_v8_l09,v8_pair_09,control,left,left,none,0,228,589,228,,,[],0.008003700524568558,True,,,,0,0,10,10,False,18,V8_L09,0.14000000000000007,0.55,0.03,"[0.0007072125986332194, -0.0005213253876359261, 0.001211291254116341]"
supplemental_control_v8_l09,v8_pair_09,control,left,left,none,1,858,1202,858,,,[],0.0014745501102879643,True,,,,0,0,10,12,False,18,V8_L09,0.14000000000000007,0.55,0.03,"[0.0007072125986332194, -0.0005213253876359261, 0.001211291254116341]"
supplemental_control_v8_l09,v8_pair_09,control,left,left,none,2,1476,1801,1476,,,[],0.0016044353833422065,True,,,,0,0,10,10,False,18,V8_L09,0.14000000000000007,0.55,0.03,"[0.0007072125986332194, -0.0005213253876359261, 0.001211291254116341]"
supplemental_control_v8_l09,v8_pair_09,control,left,left,none,3,2072,2396,2072,,,[],0.0019107905682176352,True,,,,0,0,10,10,False,18,V8_L09,0.14000000000000007,0.55,0.03,"[0.0007072125986332194, -0.0005213253876359261, 0.001211291254116341]"
supplemental_control_v8_l09,v8_pair_09,control,left,left,none,4,2397,2401,2397,,,[],0.0001649313053349033,False,,,,0,0,4,4,False,18,V8_L09,0.14000000000000007,0.55,0.03,"[0.0007072125986332194, -0.0005213253876359261, 0.001211291254116341]"
supplemental_control_v8_l09,v8_pair_09,control,left,left,none,5,2667,2985,2667,,,[],0.002347272355109453,True,,,,0,0,10,10,False,18,V8_L09,0.14000000000000007,0.55,0.03,"[0.0007072125986332194, -0.0005213253876359261, 0.001211291254116341]"
supplemental_control_v8_l09,v8_pair_09,control,left,left,none,6,2986,2995,2986,,,[],0.0004219446564093232,False,,,,0,0,9,9,False,18,V8_L09,0.14000000000000007,0.55,0.03,"[0.0007072125986332194, -0.0005213253876359261, 0.001211291254116341]"
supplemental_control_v8_l09,v8_pair_09,control,left,left,none,7,2997,3000,2997,,,[],0.0001754601253196597,False,,,,0,0,3,3,False,18,V8_L09,0.14000000000000007,0.55,0.03,"[0.0007072125986332194, -0.0005213253876359261, 0.001211291254116341]"
supplemental_control_v8_l09,v8_pair_09,control,left,right,none,0,32,260,32,,,[],0.002788133919239044,True,,,,0,0,10,10,False,18,V8_L09,0.14000000000000007,0.55,0.03,"[0.0007072125986332194, -0.0005213253876359261, 0.001211291254116341]"
supplemental_control_v8_l09,v8_pair_09,control,left,right,none,1,558,894,558,,,[],0.004050846211612225,True,,,,0,0,10,10,False,18,V8_L09,0.14000000000000007,0.55,0.03,"[0.0007072125986332194, -0.0005213253876359261, 0.001211291254116341]"
supplemental_control_v8_l09,v8_pair_09,control,left,right,none,2,896,901,896,,,[],0.00031816918635740876,False,,,,0,0,5,5,False,18,V8_L09,0.14000000000000007,0.55,0.03,"[0.0007072125986332194, -0.0005213253876359261, 0.001211291254116341]"
supplemental_control_v8_l09,v8_pair_09,control,left,right,none,3,1170,1522,1170,,,[],0.004733749199658632,True,,,,0,0,10,12,False,18,V8_L09,0.14000000000000007,0.55,0.03,"[0.0007072125986332194, -0.0005213253876359261, 0.001211291254116341]"
supplemental_control_v8_l09,v8_pair_09,control,left,right,none,4,1765,2106,1765,,,[],0.005775441415607929,True,,,,0,0,10,10,False,18,V8_L09,0.14000000000000007,0.55,0.03,"[0.0007072125986332194, -0.0005213253876359261, 0.001211291254116341]"
supplemental_control_v8_l09,v8_pair_09,control,left,right,none,5,2364,2704,2364,,,[],0.005696591455489397,True,,,,0,0,10,10,False,18,V8_L09,0.14000000000000007,0.55,0.03,"[0.0007072125986332194, -0.0005213253876359261, 0.001211291254116341]"
supplemental_control_v8_l09,v8_pair_09,control,left,right,none,6,2961,3000,2961,,,[],0.006316812708973885,True,,,,0,0,10,10,False,18,V8_L09,0.14000000000000007,0.55,0.03,"[0.0007072125986332194, -0.0005213253876359261, 0.001211291254116341]"
supplemental_positive_v8_l10,v8_pair_10,positive,left,left,none,0,228,581,228,,,[],0.04648249223828316,True,,,,0,0,10,14,False,19,V8_L10,0.14000000000000007,0.55,0.04,"[0.0011538363251778058, -0.0008809371015160004, 0.0017153280242699375]"
supplemental_positive_v8_l10,v8_pair_10,positive,left,left,none,1,837,1097,837,,,[],0.028788860887289047,True,,,,0,0,10,10,False,19,V8_L10,0.14000000000000007,0.55,0.04,"[0.0011538363251778058, -0.0008809371015160004, 0.0017153280242699375]"
supplemental_positive_v8_l10,v8_pair_10,positive,left,left,none,2,1098,1184,1098,,,[],0.00559151591733098,True,,,,0,0,10,14,False,19,V8_L10,0.14000000000000007,0.55,0.04,"[0.0011538363251778058, -0.0008809371015160004, 0.0017153280242699375]"
supplemental_positive_v8_l10,v8_pair_10,positive,left,left,none,3,1440,1655,1440,,,[],0.007237715180963278,True,,,,0,0,10,10,False,19,V8_L10,0.14000000000000007,0.55,0.04,"[0.0011538363251778058, -0.0008809371015160004, 0.0017153280242699375]"
supplemental_positive_v8_l10,v8_pair_10,positive,left,left,none,4,1656,1793,1656,,,[],0.0023435656912624836,True,,,,0,0,10,10,False,19,V8_L10,0.14000000000000007,0.55,0.04,"[0.0011538363251778058, -0.0008809371015160004, 0.0017153280242699375]"
supplemental_positive_v8_l10,v8_pair_10,positive,left,left,none,5,2053,2332,2053,,,[],0.027652394026517868,True,,,,0,0,10,10,False,19,V8_L10,0.14000000000000007,0.55,0.04,"[0.0011538363251778058, -0.0008809371015160004, 0.0017153280242699375]"
supplemental_positive_v8_l10,v8_pair_10,positive,left,left,none,6,2333,2378,2333,,,[],0.004591584205627441,True,,,,0,0,10,10,False,19,V8_L10,0.14000000000000007,0.55,0.04,"[0.0011538363251778058, -0.0008809371015160004, 0.0017153280242699375]"
supplemental_positive_v8_l10,v8_pair_10,positive,left,left,none,7,2645,2861,2645,,,[],0.006997283548116684,True,,,,0,0,10,10,False,19,V8_L10,0.14000000000000007,0.55,0.04,"[0.0011538363251778058, -0.0008809371015160004, 0.0017153280242699375]"
supplemental_positive_v8_l10,v8_pair_10,positive,left,left,none,8,2862,2993,2862,,,[],0.002354377182200551,True,,,,0,0,10,10,False,19,V8_L10,0.14000000000000007,0.55,0.04,"[0.0011538363251778058, -0.0008809371015160004, 0.0017153280242699375]"
supplemental_positive_v8_l10,v8_pair_10,positive,left,right,none,0,32,260,32,,,[],0.00278009963221848,True,,,,0,0,10,10,False,19,V8_L10,0.14000000000000007,0.55,0.04,"[0.0011538363251778058, -0.0008809371015160004, 0.0017153280242699375]"
supplemental_positive_v8_l10,v8_pair_10,positive,left,right,none,1,541,864,541,,,[],0.006968445144593716,True,,,,0,0,10,10,False,19,V8_L10,0.14000000000000007,0.55,0.04,"[0.0011538363251778058, -0.0008809371015160004, 0.0017153280242699375]"
supplemental_positive_v8_l10,v8_pair_10,positive,left,right,none,2,1146,1465,1146,,,[],0.007423328701406717,True,,,,0,0,10,10,False,19,V8_L10,0.14000000000000007,0.55,0.04,"[0.0011538363251778058, -0.0008809371015160004, 0.0017153280242699375]"
supplemental_positive_v8_l10,v8_pair_10,positive,left,right,none,3,1753,2085,1753,,,[],0.005705481860786676,True,,,,0,0,10,10,False,19,V8_L10,0.14000000000000007,0.55,0.04,"[0.0011538363251778058, -0.0008809371015160004, 0.0017153280242699375]"
supplemental_positive_v8_l10,v8_pair_10,positive,left,right,none,4,2347,2666,2347,,,[],0.008306099101901054,True,,,,0,0,10,10,False,19,V8_L10,0.14000000000000007,0.55,0.04,"[0.0011538363251778058, -0.0008809371015160004, 0.0017153280242699375]"
supplemental_positive_v8_l10,v8_pair_10,positive,left,right,none,5,2953,3000,2953,,,[],0.005908627528697252,True,,,,0,0,10,10,False,19,V8_L10,0.14000000000000007,0.55,0.04,"[0.0011538363251778058, -0.0008809371015160004, 0.0017153280242699375]"
supplemental_control_v8_l10,v8_pair_10,control,left,left,none,0,228,600,228,,,[],0.00791926123201847,True,,,,0,0,10,10,False,19,V8_L10,0.14000000000000007,0.55,0.04,"[0.0011538363251778058, -0.0008809371015160004, 0.0017153280242699375]"
supplemental_control_v8_l10,v8_pair_10,control,left,left,none,1,858,1208,858,,,[],0.0016058647306635976,True,,,,0,0,10,17,False,19,V8_L10,0.14000000000000007,0.55,0.04,"[0.0011538363251778058, -0.0008809371015160004, 0.0017153280242699375]"
supplemental_control_v8_l10,v8_pair_10,control,left,left,none,2,1475,1805,1475,,,[],0.0017454447224736214,True,,,,0,0,10,14,False,19,V8_L10,0.14000000000000007,0.55,0.04,"[0.0011538363251778058, -0.0008809371015160004, 0.0017153280242699375]"
supplemental_control_v8_l10,v8_pair_10,control,left,left,none,3,2071,2403,2071,,,[],0.001928559853695333,True,,,,0,0,10,13,False,19,V8_L10,0.14000000000000007,0.55,0.04,"[0.0011538363251778058, -0.0008809371015160004, 0.0017153280242699375]"
supplemental_control_v8_l10,v8_pair_10,control,left,left,none,4,2667,3000,2667,,,[],0.0021081326995044947,True,,,,0,0,10,10,False,19,V8_L10,0.14000000000000007,0.55,0.04,"[0.0011538363251778058, -0.0008809371015160004, 0.0017153280242699375]"
supplemental_control_v8_l10,v8_pair_10,control,left,right,none,0,32,260,32,,,[],0.00278009963221848,True,,,,0,0,10,10,False,19,V8_L10,0.14000000000000007,0.55,0.04,"[0.0011538363251778058, -0.0008809371015160004, 0.0017153280242699375]"
supplemental_control_v8_l10,v8_pair_10,control,left,right,none,1,557,901,557,,,[],0.004261245019733906,True,,,,0,0,10,10,False,19,V8_L10,0.14000000000000007,0.55,0.04,"[0.0011538363251778058, -0.0008809371015160004, 0.0017153280242699375]"
supplemental_control_v8_l10,v8_pair_10,control,left,right,none,2,1169,1518,1169,,,[],0.004732165019959211,True,,,,0,0,10,10,False,19,V8_L10,0.14000000000000007,0.55,0.04,"[0.0011538363251778058, -0.0008809371015160004, 0.0017153280242699375]"
supplemental_control_v8_l10,v8_pair_10,control,left,right,none,3,1520,1521,,,,[],0.0,False,,,,0,0,1,1,False,19,V8_L10,0.14000000000000007,0.55,0.04,"[0.0011538363251778058, -0.0008809371015160004, 0.0017153280242699375]"
supplemental_control_v8_l10,v8_pair_10,control,left,right,none,4,1764,2105,1764,,,[],0.0059324270114302635,True,,,,0,0,10,10,False,19,V8_L10,0.14000000000000007,0.55,0.04,"[0.0011538363251778058, -0.0008809371015160004, 0.0017153280242699375]"
supplemental_control_v8_l10,v8_pair_10,control,left,right,none,5,2362,2704,2362,,,[],0.006258317269384861,True,,,,0,0,10,10,False,19,V8_L10,0.14000000000000007,0.55,0.04,"[0.0011538363251778058, -0.0008809371015160004, 0.0017153280242699375]"
supplemental_control_v8_l10,v8_pair_10,control,left,right,none,6,2960,3000,2960,,,[],0.006022952031344175,True,,,,0,0,10,10,False,19,V8_L10,0.14000000000000007,0.55,0.04,"[0.0011538363251778058, -0.0008809371015160004, 0.0017153280242699375]"
supplemental_positive_v8_l11,v8_pair_11,positive,left,left,none,0,228,507,228,,,[],0.04075094312429428,True,,,,0,0,10,15,False,20,V8_L11,0.14000000000000007,0.55,0.05,"[0.0005431639151010129, 0.0003732728942865125, 0.0007558428719539496]"
supplemental_positive_v8_l11,v8_pair_11,positive,left,left,none,1,508,580,508,,,[],0.009513943456113338,True,,,,0,0,10,10,False,20,V8_L11,0.14000000000000007,0.55,0.05,"[0.0005431639151010129, 0.0003732728942865125, 0.0007558428719539496]"
supplemental_positive_v8_l11,v8_pair_11,positive,left,left,none,2,836,1201,836,,,[],0.010517950169742107,True,,,,0,0,10,11,False,20,V8_L11,0.14000000000000007,0.55,0.05,"[0.0005431639151010129, 0.0003732728942865125, 0.0007558428719539496]"
supplemental_positive_v8_l11,v8_pair_11,positive,left,left,none,3,1460,1765,1460,,,[],0.031531840562820435,True,,,,0,0,10,10,False,20,V8_L11,0.14000000000000007,0.55,0.05,"[0.0005431639151010129, 0.0003732728942865125, 0.0007558428719539496]"
supplemental_positive_v8_l11,v8_pair_11,positive,left,left,none,4,1767,1782,1767,,,[],0.002735330257564783,True,,,,0,0,10,10,False,20,V8_L11,0.14000000000000007,0.55,0.05,"[0.0005431639151010129, 0.0003732728942865125, 0.0007558428719539496]"
supplemental_positive_v8_l11,v8_pair_11,positive,left,left,none,5,2052,2270,2052,,,[],0.006830182857811451,True,,,,0,0,10,10,False,20,V8_L11,0.14000000000000007,0.55,0.05,"[0.0005431639151010129, 0.0003732728942865125, 0.0007558428719539496]"
supplemental_positive_v8_l11,v8_pair_11,positive,left,left,none,6,2271,2390,2271,,,[],0.0017621475271880627,True,,,,0,0,10,10,False,20,V8_L11,0.14000000000000007,0.55,0.05,"[0.0005431639151010129, 0.0003732728942865125, 0.0007558428719539496]"
supplemental_positive_v8_l11,v8_pair_11,positive,left,left,none,7,2652,2962,2652,,,[],0.047508422285318375,True,,,,0,0,10,12,False,20,V8_L11,0.14000000000000007,0.55,0.05,"[0.0005431639151010129, 0.0003732728942865125, 0.0007558428719539496]"
supplemental_positive_v8_l11,v8_pair_11,positive,left,right,none,0,32,260,32,,,[],0.0027803825214505196,True,,,,0,0,10,10,False,20,V8_L11,0.14000000000000007,0.55,0.05,"[0.0005431639151010129, 0.0003732728942865125, 0.0007558428719539496]"
supplemental_positive_v8_l11,v8_pair_11,positive,left,right,none,1,541,863,541,,,[],0.006841904949396849,True,,,,0,0,10,10,False,20,V8_L11,0.14000000000000007,0.55,0.05,"[0.0005431639151010129, 0.0003732728942865125, 0.0007558428719539496]"
supplemental_positive_v8_l11,v8_pair_11,positive,left,right,none,2,1158,1490,1158,,,[],0.0047943140380084515,True,,,,0,0,10,10,False,20,V8_L11,0.14000000000000007,0.55,0.05,"[0.0005431639151010129, 0.0003732728942865125, 0.0007558428719539496]"
supplemental_positive_v8_l11,v8_pair_11,positive,left,right,none,3,1497,1501,1497,,,[],0.0005042630364187062,False,,,,0,0,4,4,False,20,V8_L11,0.14000000000000007,0.55,0.05,"[0.0005431639151010129, 0.0003732728942865125, 0.0007558428719539496]"
supplemental_positive_v8_l11,v8_pair_11,positive,left,right,none,4,1754,2083,1754,,,[],0.006998967844992876,True,,,,0,0,10,10,False,20,V8_L11,0.14000000000000007,0.55,0.05,"[0.0005431639151010129, 0.0003732728942865125, 0.0007558428719539496]"
supplemental_positive_v8_l11,v8_pair_11,positive,left,right,none,5,2351,2684,2351,,,[],0.006307937670499086,True,,,,0,0,10,10,False,20,V8_L11,0.14000000000000007,0.55,0.05,"[0.0005431639151010129, 0.0003732728942865125, 0.0007558428719539496]"
supplemental_positive_v8_l11,v8_pair_11,positive,left,right,none,6,2944,3000,2944,,,[],0.008999565616250038,True,,,,0,0,10,10,False,20,V8_L11,0.14000000000000007,0.55,0.05,"[0.0005431639151010129, 0.0003732728942865125, 0.0007558428719539496]"
supplemental_control_v8_l11,v8_pair_11,control,left,left,none,0,228,582,228,,,[],0.007958417758345604,True,,,,0,0,10,10,False,20,V8_L11,0.14000000000000007,0.55,0.05,"[0.0005431639151010129, 0.0003732728942865125, 0.0007558428719539496]"
supplemental_control_v8_l11,v8_pair_11,control,left,left,none,1,583,589,583,,,[],0.00026394642191007733,False,,,,0,0,6,6,False,20,V8_L11,0.14000000000000007,0.55,0.05,"[0.0005431639151010129, 0.0003732728942865125, 0.0007558428719539496]"
supplemental_control_v8_l11,v8_pair_11,control,left,left,none,2,594,595,594,,,[],0.0,False,,,,0,0,1,1,False,20,V8_L11,0.14000000000000007,0.55,0.05,"[0.0005431639151010129, 0.0003732728942865125, 0.0007558428719539496]"
supplemental_control_v8_l11,v8_pair_11,control,left,left,none,3,858,1202,858,,,[],0.0015244507230818272,True,,,,0,0,10,12,False,20,V8_L11,0.14000000000000007,0.55,0.05,"[0.0005431639151010129, 0.0003732728942865125, 0.0007558428719539496]"
supplemental_control_v8_l11,v8_pair_11,control,left,left,none,4,1476,1800,1476,,,[],0.0017486570868641138,True,,,,0,0,10,10,False,20,V8_L11,0.14000000000000007,0.55,0.05,"[0.0005431639151010129, 0.0003732728942865125, 0.0007558428719539496]"
supplemental_control_v8_l11,v8_pair_11,control,left,left,none,5,2072,2401,2072,,,[],0.0020906771533191204,True,,,,0,0,10,11,False,20,V8_L11,0.14000000000000007,0.55,0.05,"[0.0005431639151010129, 0.0003732728942865125, 0.0007558428719539496]"
supplemental_control_v8_l11,v8_pair_11,control,left,left,none,6,2668,2985,2668,,,[],0.0021384202409535646,True,,,,0,0,10,10,False,20,V8_L11,0.14000000000000007,0.55,0.05,"[0.0005431639151010129, 0.0003732728942865125, 0.0007558428719539496]"
supplemental_control_v8_l11,v8_pair_11,control,left,left,none,7,2986,2995,2986,,,[],0.0004152132023591548,False,,,,0,0,9,9,False,20,V8_L11,0.14000000000000007,0.55,0.05,"[0.0005431639151010129, 0.0003732728942865125, 0.0007558428719539496]"
supplemental_control_v8_l11,v8_pair_11,control,left,left,none,8,2997,2998,2997,,,[],0.0,False,,,,0,0,1,1,False,20,V8_L11,0.14000000000000007,0.55,0.05,"[0.0005431639151010129, 0.0003732728942865125, 0.0007558428719539496]"
supplemental_control_v8_l11,v8_pair_11,control,left,right,none,0,32,260,32,,,[],0.0027803825214505196,True,,,,0,0,10,10,False,20,V8_L11,0.14000000000000007,0.55,0.05,"[0.0005431639151010129, 0.0003732728942865125, 0.0007558428719539496]"
supplemental_control_v8_l11,v8_pair_11,control,left,right,none,1,558,900,558,,,[],0.004173646681010723,True,,,,0,0,10,10,False,20,V8_L11,0.14000000000000007,0.55,0.05,"[0.0005431639151010129, 0.0003732728942865125, 0.0007558428719539496]"
supplemental_control_v8_l11,v8_pair_11,control,left,right,none,2,1170,1524,1170,,,[],0.004843749105930328,True,,,,0,0,10,14,False,20,V8_L11,0.14000000000000007,0.55,0.05,"[0.0005431639151010129, 0.0003732728942865125, 0.0007558428719539496]"
supplemental_control_v8_l11,v8_pair_11,control,left,right,none,3,1766,2107,1766,,,[],0.005420632194727659,True,,,,0,0,10,10,False,20,V8_L11,0.14000000000000007,0.55,0.05,"[0.0005431639151010129, 0.0003732728942865125, 0.0007558428719539496]"
supplemental_control_v8_l11,v8_pair_11,control,left,right,none,4,2364,2704,2364,,,[],0.005999536253511906,True,,,,0,0,10,10,False,20,V8_L11,0.14000000000000007,0.55,0.05,"[0.0005431639151010129, 0.0003732728942865125, 0.0007558428719539496]"
supplemental_control_v8_l11,v8_pair_11,control,left,right,none,5,2961,3000,2961,,,[],0.006301336921751499,True,,,,0,0,10,10,False,20,V8_L11,0.14000000000000007,0.55,0.05,"[0.0005431639151010129, 0.0003732728942865125, 0.0007558428719539496]"
