run_id,pair_id,pair_index,role,block,calibration_arm,speed_mps,target_foot,target_phase,severity,material_profile,control_type,variation_index,phase_fraction,command_delay_s,lateral_offset_m,seed,duration_s,disposition,pair_fingerprint,patch,collision_geometry_sha256,initial_qpos_sha256,initial_qvel_sha256,initial_policy_observation_sha256,sample_count,first_sample_time_s,last_sample_time_s,sample_spacing_max_error_s,fusion20_shape,finite_fusion20,first_patch_contact_sample,patch_active_contact_sample_count,intervention_configured_physics_steps,effective_patch_friction_mean,patch_base_double_contact_count,left_first_loaded_touchdown_sample,right_first_loaded_touchdown_sample,first_fall_sample,first_fall_time_s,fall_occurred,fall_reason,post_fall_excluded_sample_count,full_trace_sha256,discarded,replaced,silently_relabelled,development_only,g0_geometry_sha256,profile_calibration_only_do_not_train,training_use_assigned
positive_0p10_left_early_loading_v0_M1,v7_pair_000,0,positive,moderate_v2_reacquisition,,0.1,left,early_loading,moderate_v2,moderate_v2_M1,hard_normal,0,0.07,0.0,-0.004,202608900,3.0,DEVELOPMENT_ONLY,95e3fbde1006e9ddd2687d0eae3777101021a8c2136755a3aa4737c049124c76,"{'x_min_m': -1.0, 'x_max_m': 2.0, 'y_min_m': -0.8, 'y_max_m': 0.8, 'top_z_m': 0.0}",58b3071a02305e9ea39c75751a7a9c67c32afb648478888eb597c404f529b717,c6914df78110521288a51f3d827b495fc5f022cb8b99ff600f86eec0e59cfa50,739f5217f3e8e9801933e65a7dd1e68d25692cd5acd6dd85c01756ca0769b145,e8db233ba68753692a7ca9d542ffa00754cdd2d0c4f2c428ef2644dfc559214a,3000,0.001,3.000000000000169,3.3393426912553537e-16,"[3000, 20]",True,36,1016,6000,0.08749999999999998,0,36,43,2423,2.423999999999977,True,fallen_base_height,577,ce33ae038e1c28d6f8e6b39be0c702702024557ca83ad29ea5f3541a35f9c80c,False,False,False,True,a7ecd6fa3e44f49b07f3b0a0729d091f2156bc8493b171549748776c9fde5583,False,False
control_0p10_left_early_loading_v0_M1,v7_pair_000,0,control,moderate_v2_reacquisition,,0.1,left,early_loading,moderate_v2,hard_normal,hard_normal,0,0.07,0.0,-0.004,202608900,3.0,DEVELOPMENT_ONLY,95e3fbde1006e9ddd2687d0eae3777101021a8c2136755a3aa4737c049124c76,"{'x_min_m': -1.0, 'x_max_m': 2.0, 'y_min_m': -0.8, 'y_max_m': 0.8, 'top_z_m': 0.0}",58b3071a02305e9ea39c75751a7a9c67c32afb648478888eb597c404f529b717,c6914df78110521288a51f3d827b495fc5f022cb8b99ff600f86eec0e59cfa50,739f5217f3e8e9801933e65a7dd1e68d25692cd5acd6dd85c01756ca0769b145,e8db233ba68753692a7ca9d542ffa00754cdd2d0c4f2c428ef2644dfc559214a,3000,0.001,3.000000000000169,3.3393426912553537e-16,"[3000, 20]",True,36,1607,0,1.0,0,36,43,,,False,,0,18c2d23a5eb068a275d76e00e9c754ed3cecc807eac3462d0635c5677b86b20c,False,False,False,True,a7ecd6fa3e44f49b07f3b0a0729d091f2156bc8493b171549748776c9fde5583,False,False
positive_0p10_left_early_loading_v1_M1,v7_pair_001,1,positive,moderate_v2_reacquisition,,0.1,left,early_loading,moderate_v2,moderate_v2_M1,near_slip_non_event,1,0.41,0.04,0.0,202608901,3.0,DEVELOPMENT_ONLY,0b4da428ef9e25cf4beb3bbf07694b47960c8b1610811d936cc11903eab162d7,"{'x_min_m': -1.0, 'x_max_m': 2.0, 'y_min_m': -0.8, 'y_max_m': 0.8, 'top_z_m': 0.0}",58b3071a02305e9ea39c75751a7a9c67c32afb648478888eb597c404f529b717,494b0db08b0034d34c6a253231dda4af5589da31cbfa4c59d6a7911698bee6f2,08e3401f959bf759090f7f04a75d1b3ab782a67c25cd13e2da6be6f1e55daf9d,9145d4546123182ed68a19d519066e07547c7a9c385db1f5ec2a30986e59f0f8,3000,0.001,3.000000000000169,3.3393426912553537e-16,"[3000, 20]",True,39,1513,6000,0.08750000000000001,0,39,37,2152,2.1529999999998863,True,fallen_base_height,848,347a246c505e44758585569e247c88b17791c898e23e94ca5e93b66a6ba56906,False,False,False,True,a7ecd6fa3e44f49b07f3b0a0729d091f2156bc8493b171549748776c9fde5583,False,False
control_0p10_left_early_loading_v1_M1,v7_pair_001,1,control,moderate_v2_reacquisition,,0.1,left,early_loading,moderate_v2,near_slip_non_event,near_slip_non_event,1,0.41,0.04,0.0,202608901,3.0,DEVELOPMENT_ONLY,0b4da428ef9e25cf4beb3bbf07694b47960c8b1610811d936cc11903eab162d7,"{'x_min_m': -1.0, 'x_max_m': 2.0, 'y_min_m': -0.8, 'y_max_m': 0.8, 'top_z_m': 0.0}",58b3071a02305e9ea39c75751a7a9c67c32afb648478888eb597c404f529b717,494b0db08b0034d34c6a253231dda4af5589da31cbfa4c59d6a7911698bee6f2,08e3401f959bf759090f7f04a75d1b3ab782a67c25cd13e2da6be6f1e55daf9d,9145d4546123182ed68a19d519066e07547c7a9c385db1f5ec2a30986e59f0f8,3000,0.001,3.000000000000169,3.3393426912553537e-16,"[3000, 20]",True,39,1681,6000,0.35000000000000003,0,39,37,,,False,,0,4c7d9f35d260ec5e32734c550c359e0a1318a75b12db05bd927a727f7b3a9259,False,False,False,True,a7ecd6fa3e44f49b07f3b0a0729d091f2156bc8493b171549748776c9fde5583,False,False
positive_0p10_left_early_loading_v2_M1,v7_pair_002,2,positive,moderate_v2_reacquisition,,0.1,left,early_loading,moderate_v2,moderate_v2_M1,hard_normal,2,0.83,0.08,0.004,202608902,3.0,DEVELOPMENT_ONLY,9b6f248379f1db42d28bee6f5f344f7bb1750745004973eb043a0f6f46957a8d,"{'x_min_m': -1.0, 'x_max_m': 2.0, 'y_min_m': -0.8, 'y_max_m': 0.8, 'top_z_m': 0.0}",58b3071a02305e9ea39c75751a7a9c67c32afb648478888eb597c404f529b717,c09168c4afbdc76cfa911f5f38e71e3b37058de8dbf2d953b5bf73a390a53b2e,1b6944bed7bcc15d67286bc959f3688b1893da3b8c5b953fe59e3d6c9aaf40a0,2dee8a77f195705bee7a231aaf858fad80e20a68a76c91445fcbc4dfb3ec8014,3000,0.001,3.000000000000169,3.3393426912553537e-16,"[3000, 20]",True,44,1753,6000,0.0875,0,44,34,2036,2.0369999999998476,True,fallen_base_height,964,7c2cd2c416e8f2f8be7b3240726a40da9b14a022f7137bb14977c31fd8ff9c63,False,False,False,True,a7ecd6fa3e44f49b07f3b0a0729d091f2156bc8493b171549748776c9fde5583,False,False
control_0p10_left_early_loading_v2_M1,v7_pair_002,2,control,moderate_v2_reacquisition,,0.1,left,early_loading,moderate_v2,hard_normal,hard_normal,2,0.83,0.08,0.004,202608902,3.0,DEVELOPMENT_ONLY,9b6f248379f1db42d28bee6f5f344f7bb1750745004973eb043a0f6f46957a8d,"{'x_min_m': -1.0, 'x_max_m': 2.0, 'y_min_m': -0.8, 'y_max_m': 0.8, 'top_z_m': 0.0}",58b3071a02305e9ea39c75751a7a9c67c32afb648478888eb597c404f529b717,c09168c4afbdc76cfa911f5f38e71e3b37058de8dbf2d953b5bf73a390a53b2e,1b6944bed7bcc15d67286bc959f3688b1893da3b8c5b953fe59e3d6c9aaf40a0,2dee8a77f195705bee7a231aaf858fad80e20a68a76c91445fcbc4dfb3ec8014,3000,0.001,3.000000000000169,3.3393426912553537e-16,"[3000, 20]",True,44,1714,0,1.0,0,44,34,,,False,,0,9924d6d7fdc88d996dba9ea034df285058a43f7d9deebcb367564ff8d9d4accf,False,False,False,True,a7ecd6fa3e44f49b07f3b0a0729d091f2156bc8493b171549748776c9fde5583,False,False
positive_0p10_left_mid_loading_early_stance_v0_M1,v7_pair_003,3,positive,moderate_v2_reacquisition,,0.1,left,mid_loading_early_stance,moderate_v2,moderate_v2_M1,near_slip_non_event,0,0.07,0.0,-0.004,202608903,3.0,DEVELOPMENT_ONLY,cd5740265a52d574439a86e2402be9e751c87bac54a5e13d9df4c2e28bc00ed8,"{'x_min_m': -1.0, 'x_max_m': 2.0, 'y_min_m': -0.8, 'y_max_m': 0.8, 'top_z_m': 0.0}",58b3071a02305e9ea39c75751a7a9c67c32afb648478888eb597c404f529b717,578050ad6196d98eb1c5bbcd487ac39e7784bebc0a3b77f893c5b21cf0da7440,b81d1f640e5b4d79ddd62fccffafa4bf09301639ea042f103c17c4591dec5c34,e8db233ba68753692a7ca9d542ffa00754cdd2d0c4f2c428ef2644dfc559214a,3000,0.001,3.000000000000169,3.3393426912553537e-16,"[3000, 20]",True,36,1579,1377,0.6052960734642179,0,36,43,,,False,,0,9480798a55277714114dc37725806caa700593e88f977b249e66d80c8e6e15c8,False,False,False,True,a7ecd6fa3e44f49b07f3b0a0729d091f2156bc8493b171549748776c9fde5583,False,False
control_0p10_left_mid_loading_early_stance_v0_M1,v7_pair_003,3,control,moderate_v2_reacquisition,,0.1,left,mid_loading_early_stance,moderate_v2,near_slip_non_event,near_slip_non_event,0,0.07,0.0,-0.004,202608903,3.0,DEVELOPMENT_ONLY,cd5740265a52d574439a86e2402be9e751c87bac54a5e13d9df4c2e28bc00ed8,"{'x_min_m': -1.0, 'x_max_m': 2.0, 'y_min_m': -0.8, 'y_max_m': 0.8, 'top_z_m': 0.0}",58b3071a02305e9ea39c75751a7a9c67c32afb648478888eb597c404f529b717,578050ad6196d98eb1c5bbcd487ac39e7784bebc0a3b77f893c5b21cf0da7440,b81d1f640e5b4d79ddd62fccffafa4bf09301639ea042f103c17c4591dec5c34,e8db233ba68753692a7ca9d542ffa00754cdd2d0c4f2c428ef2644dfc559214a,3000,0.001,3.000000000000169,3.3393426912553537e-16,"[3000, 20]",True,36,1576,2324,0.521986040609137,0,36,43,,,False,,0,a0c3630368822dab0146e1b7a8cde615c983b4ac9a764f61fd6fddbc2ecb8670,False,False,False,True,a7ecd6fa3e44f49b07f3b0a0729d091f2156bc8493b171549748776c9fde5583,False,False
positive_0p10_left_mid_loading_early_stance_v1_M1,v7_pair_004,4,positive,moderate_v2_reacquisition,,0.1,left,mid_loading_early_stance,moderate_v2,moderate_v2_M1,hard_normal,1,0.41,0.04,0.0,202608904,3.0,DEVELOPMENT_ONLY,90ec3aa5e05cce8aaa9cb32e1a2ec2e6d96077dccbac2d806a95a992d20fa1d1,"{'x_min_m': -1.0, 'x_max_m': 2.0, 'y_min_m': -0.8, 'y_max_m': 0.8, 'top_z_m': 0.0}",58b3071a02305e9ea39c75751a7a9c67c32afb648478888eb597c404f529b717,2a8e51822911fbff28b82165755caedaa474cf26367323083b3897aaf054b853,518560ec3a09ba366a7b1f6040ad3c292abc78ed0e2e2ae60fa9b769d950bc24,9145d4546123182ed68a19d519066e07547c7a9c385db1f5ec2a30986e59f0f8,3000,0.001,3.000000000000169,3.3393426912553537e-16,"[3000, 20]",True,39,1689,1357,0.6380254588513914,0,39,37,,,False,,0,98526dfb74487a51dade4b45bcf156a999c41403bda957b0a6b5e8f227b0700e,False,False,False,True,a7ecd6fa3e44f49b07f3b0a0729d091f2156bc8493b171549748776c9fde5583,False,False
control_0p10_left_mid_loading_early_stance_v1_M1,v7_pair_004,4,control,moderate_v2_reacquisition,,0.1,left,mid_loading_early_stance,moderate_v2,hard_normal,hard_normal,1,0.41,0.04,0.0,202608904,3.0,DEVELOPMENT_ONLY,90ec3aa5e05cce8aaa9cb32e1a2ec2e6d96077dccbac2d806a95a992d20fa1d1,"{'x_min_m': -1.0, 'x_max_m': 2.0, 'y_min_m': -0.8, 'y_max_m': 0.8, 'top_z_m': 0.0}",58b3071a02305e9ea39c75751a7a9c67c32afb648478888eb597c404f529b717,2a8e51822911fbff28b82165755caedaa474cf26367323083b3897aaf054b853,518560ec3a09ba366a7b1f6040ad3c292abc78ed0e2e2ae60fa9b769d950bc24,9145d4546123182ed68a19d519066e07547c7a9c385db1f5ec2a30986e59f0f8,3000,0.001,3.000000000000169,3.3393426912553537e-16,"[3000, 20]",True,39,1704,0,1.0,0,39,37,,,False,,0,d039a5b79f8b17b4f651dcf5ef166b76a12b649a812eb8888f9eee2950c17cae,False,False,False,True,a7ecd6fa3e44f49b07f3b0a0729d091f2156bc8493b171549748776c9fde5583,False,False
positive_0p10_left_mid_loading_early_stance_v2_M1,v7_pair_005,5,positive,moderate_v2_reacquisition,,0.1,left,mid_loading_early_stance,moderate_v2,moderate_v2_M1,near_slip_non_event,2,0.83,0.08,0.004,202608905,3.0,DEVELOPMENT_ONLY,196986919806eaadce7d76509264b545ec24d4b0db85b98f68d0dcbbb6633a00,"{'x_min_m': -1.0, 'x_max_m': 2.0, 'y_min_m': -0.8, 'y_max_m': 0.8, 'top_z_m': 0.0}",58b3071a02305e9ea39c75751a7a9c67c32afb648478888eb597c404f529b717,f01ed9bb4f834c81074c0fcf2c5410fd25ee5d1e4e11502bf4b03399e6064984,5de4ab40d95de85233c3b32ce697fad67d8754af33f50fca70697d6d280da474,2dee8a77f195705bee7a231aaf858fad80e20a68a76c91445fcbc4dfb3ec8014,3000,0.001,3.000000000000169,3.3393426912553537e-16,"[3000, 20]",True,44,1637,1463,0.594754123396457,0,44,34,,,False,,0,076e37b08187eb50d9245dc1e91f26ff1bf563fac7027276d806a41793d04c0f,False,False,False,True,a7ecd6fa3e44f49b07f3b0a0729d091f2156bc8493b171549748776c9fde5583,False,False
control_0p10_left_mid_loading_early_stance_v2_M1,v7_pair_005,5,control,moderate_v2_reacquisition,,0.1,left,mid_loading_early_stance,moderate_v2,near_slip_non_event,near_slip_non_event,2,0.83,0.08,0.004,202608905,3.0,DEVELOPMENT_ONLY,196986919806eaadce7d76509264b545ec24d4b0db85b98f68d0dcbbb6633a00,"{'x_min_m': -1.0, 'x_max_m': 2.0, 'y_min_m': -0.8, 'y_max_m': 0.8, 'top_z_m': 0.0}",58b3071a02305e9ea39c75751a7a9c67c32afb648478888eb597c404f529b717,f01ed9bb4f834c81074c0fcf2c5410fd25ee5d1e4e11502bf4b03399e6064984,5de4ab40d95de85233c3b32ce697fad67d8754af33f50fca70697d6d280da474,2dee8a77f195705bee7a231aaf858fad80e20a68a76c91445fcbc4dfb3ec8014,3000,0.001,3.000000000000169,3.3393426912553537e-16,"[3000, 20]",True,44,1676,2599,0.4969868735083532,0,44,34,,,False,,0,869b33da303710282ab471f05319e1098e74904956a5330c3c1f6455567ca32e,False,False,False,True,a7ecd6fa3e44f49b07f3b0a0729d091f2156bc8493b171549748776c9fde5583,False,False
positive_0p10_left_mid_late_stance_v0_M1,v7_pair_006,6,positive,moderate_v2_reacquisition,,0.1,left,mid_late_stance,moderate_v2,moderate_v2_M1,hard_normal,0,0.07,0.0,-0.004,202608906,3.0,DEVELOPMENT_ONLY,7233e98110014fdb691e5aa2a08d82a6d591401e7f183e34bfb5e43c28f76218,"{'x_min_m': -1.0, 'x_max_m': 2.0, 'y_min_m': -0.8, 'y_max_m': 0.8, 'top_z_m': 0.0}",58b3071a02305e9ea39c75751a7a9c67c32afb648478888eb597c404f529b717,aad8b628b23502787f84336f5288ba5296ed24df30c9725bbc056e8fb1a06b0b,29ed517e1cc1844ef7a4bcbb603b5a2a5b6141e7f278e32e4d45ac29a683bed7,e8db233ba68753692a7ca9d542ffa00754cdd2d0c4f2c428ef2644dfc559214a,3000,0.001,3.000000000000169,3.3393426912553537e-16,"[3000, 20]",True,36,1600,764,0.78328125,0,36,43,,,False,,0,df24d633c136dcb65d3e8ac4e1df33c26b74a8eb582ca159adc5e88211376c09,False,False,False,True,a7ecd6fa3e44f49b07f3b0a0729d091f2156bc8493b171549748776c9fde5583,False,False
control_0p10_left_mid_late_stance_v0_M1,v7_pair_006,6,control,moderate_v2_reacquisition,,0.1,left,mid_late_stance,moderate_v2,hard_normal,hard_normal,0,0.07,0.0,-0.004,202608906,3.0,DEVELOPMENT_ONLY,7233e98110014fdb691e5aa2a08d82a6d591401e7f183e34bfb5e43c28f76218,"{'x_min_m': -1.0, 'x_max_m': 2.0, 'y_min_m': -0.8, 'y_max_m': 0.8, 'top_z_m': 0.0}",58b3071a02305e9ea39c75751a7a9c67c32afb648478888eb597c404f529b717,aad8b628b23502787f84336f5288ba5296ed24df30c9725bbc056e8fb1a06b0b,29ed517e1cc1844ef7a4bcbb603b5a2a5b6141e7f278e32e4d45ac29a683bed7,e8db233ba68753692a7ca9d542ffa00754cdd2d0c4f2c428ef2644dfc559214a,3000,0.001,3.000000000000169,3.3393426912553537e-16,"[3000, 20]",True,36,1607,0,1.0,0,36,43,,,False,,0,36fb734fb77590baf1bda930452ff6a7b76c0177176013d9f1b07c0bc216d657,False,False,False,True,a7ecd6fa3e44f49b07f3b0a0729d091f2156bc8493b171549748776c9fde5583,False,False
positive_0p10_left_mid_late_stance_v1_M1,v7_pair_007,7,positive,moderate_v2_reacquisition,,0.1,left,mid_late_stance,moderate_v2,moderate_v2_M1,near_slip_non_event,1,0.41,0.04,0.0,202608907,3.0,DEVELOPMENT_ONLY,f31bd61d32e2effbe2cf642d5ff0b4f8505a4701b48cff86b93b5e11e6f529c2,"{'x_min_m': -1.0, 'x_max_m': 2.0, 'y_min_m': -0.8, 'y_max_m': 0.8, 'top_z_m': 0.0}",58b3071a02305e9ea39c75751a7a9c67c32afb648478888eb597c404f529b717,e17d270a9b5c56384e2ba0af23cf6923563cb1b5ed63e39f25d29e35dd17c7e9,81ffaf23230f4e1e874c72a0f0f0a3a8c7283d85b3be93fe9521fe236de32975,9145d4546123182ed68a19d519066e07547c7a9c385db1f5ec2a30986e59f0f8,3000,0.001,3.000000000000169,3.3393426912553537e-16,"[3000, 20]",True,39,1725,665,0.8249057971014493,0,39,37,,,False,,0,f46e4892f5b36af1b529e3bff5a070b57304aad0738e796f0d5d5da689764a0f,False,False,False,True,a7ecd6fa3e44f49b07f3b0a0729d091f2156bc8493b171549748776c9fde5583,False,False
control_0p10_left_mid_late_stance_v1_M1,v7_pair_007,7,control,moderate_v2_reacquisition,,0.1,left,mid_late_stance,moderate_v2,near_slip_non_event,near_slip_non_event,1,0.41,0.04,0.0,202608907,3.0,DEVELOPMENT_ONLY,f31bd61d32e2effbe2cf642d5ff0b4f8505a4701b48cff86b93b5e11e6f529c2,"{'x_min_m': -1.0, 'x_max_m': 2.0, 'y_min_m': -0.8, 'y_max_m': 0.8, 'top_z_m': 0.0}",58b3071a02305e9ea39c75751a7a9c67c32afb648478888eb597c404f529b717,e17d270a9b5c56384e2ba0af23cf6923563cb1b5ed63e39f25d29e35dd17c7e9,81ffaf23230f4e1e874c72a0f0f0a3a8c7283d85b3be93fe9521fe236de32975,9145d4546123182ed68a19d519066e07547c7a9c385db1f5ec2a30986e59f0f8,3000,0.001,3.000000000000169,3.3393426912553537e-16,"[3000, 20]",True,39,1678,1323,0.7443384982121574,0,39,37,,,False,,0,9f024b1f52b78a6f6487c853091c5c1b5c83034b93e4a0e8ab04cacd681e551b,False,False,False,True,a7ecd6fa3e44f49b07f3b0a0729d091f2156bc8493b171549748776c9fde5583,False,False
positive_0p10_left_mid_late_stance_v2_M1,v7_pair_008,8,positive,moderate_v2_reacquisition,,0.1,left,mid_late_stance,moderate_v2,moderate_v2_M1,hard_normal,2,0.83,0.08,0.004,202608908,3.0,DEVELOPMENT_ONLY,0160bef64ebf7d01acb74be32e96921c61aad5a9895bcb9040f5cde167181201,"{'x_min_m': -1.0, 'x_max_m': 2.0, 'y_min_m': -0.8, 'y_max_m': 0.8, 'top_z_m': 0.0}",58b3071a02305e9ea39c75751a7a9c67c32afb648478888eb597c404f529b717,85be6273991a6dd4a3fd8649f0f37db999118364976a1cce4d64a7c4ac61e139,85e2e70f945e73d2f49e56c97eea087d22bc42958c9d009bfa0dd7f8c57155c2,2dee8a77f195705bee7a231aaf858fad80e20a68a76c91445fcbc4dfb3ec8014,3000,0.001,3.000000000000169,3.3393426912553537e-16,"[3000, 20]",True,44,1678,718,0.8058626340882002,0,44,34,,,False,,0,bfc8ee6d2748cf8e7224e6f6f546de9b6db6974bb6a27a9224c4f8ca253526d2,False,False,False,True,a7ecd6fa3e44f49b07f3b0a0729d091f2156bc8493b171549748776c9fde5583,False,False
control_0p10_left_mid_late_stance_v2_M1,v7_pair_008,8,control,moderate_v2_reacquisition,,0.1,left,mid_late_stance,moderate_v2,hard_normal,hard_normal,2,0.83,0.08,0.004,202608908,3.0,DEVELOPMENT_ONLY,0160bef64ebf7d01acb74be32e96921c61aad5a9895bcb9040f5cde167181201,"{'x_min_m': -1.0, 'x_max_m': 2.0, 'y_min_m': -0.8, 'y_max_m': 0.8, 'top_z_m': 0.0}",58b3071a02305e9ea39c75751a7a9c67c32afb648478888eb597c404f529b717,85be6273991a6dd4a3fd8649f0f37db999118364976a1cce4d64a7c4ac61e139,85e2e70f945e73d2f49e56c97eea087d22bc42958c9d009bfa0dd7f8c57155c2,2dee8a77f195705bee7a231aaf858fad80e20a68a76c91445fcbc4dfb3ec8014,3000,0.001,3.000000000000169,3.3393426912553537e-16,"[3000, 20]",True,44,1714,0,1.0,0,44,34,,,False,,0,b14df7d0355f01fc8c2bf6b43bc2c464a0e6ba2262c4bce3dfcd8868a2fcc409,False,False,False,True,a7ecd6fa3e44f49b07f3b0a0729d091f2156bc8493b171549748776c9fde5583,False,False
positive_0p10_right_early_loading_v0_M1,v7_pair_009,9,positive,moderate_v2_reacquisition,,0.1,right,early_loading,moderate_v2,moderate_v2_M1,near_slip_non_event,0,0.07,0.0,-0.004,202608909,3.0,DEVELOPMENT_ONLY,183386926c3eacd90d1606bbd2e5f2b2620745c2787d79c9fe689064b426ba05,"{'x_min_m': -1.0, 'x_max_m': 2.0, 'y_min_m': -0.8, 'y_max_m': 0.8, 'top_z_m': 0.0}",58b3071a02305e9ea39c75751a7a9c67c32afb648478888eb597c404f529b717,c59f6f4b949cd8ac060d0ca4ab8e50518f3de260cfb8a884cb36520ad0fcce0f,5e1a126e0129bfc4e719b7545ce444a957a1a439a4ef242bb867136a994a446d,e8db233ba68753692a7ca9d542ffa00754cdd2d0c4f2c428ef2644dfc559214a,3000,0.001,3.000000000000169,3.3393426912553537e-16,"[3000, 20]",True,43,839,6000,0.0875,0,36,43,1617,1.6179999999998773,True,fallen_base_height,1383,acd4af649337143b9fbded244f5d7d0bd232aabb2b21450ba885e7c59ed39c59,False,False,False,True,a7ecd6fa3e44f49b07f3b0a0729d091f2156bc8493b171549748776c9fde5583,False,False
control_0p10_right_early_loading_v0_M1,v7_pair_009,9,control,moderate_v2_reacquisition,,0.1,right,early_loading,moderate_v2,near_slip_non_event,near_slip_non_event,0,0.07,0.0,-0.004,202608909,3.0,DEVELOPMENT_ONLY,183386926c3eacd90d1606bbd2e5f2b2620745c2787d79c9fe689064b426ba05,"{'x_min_m': -1.0, 'x_max_m': 2.0, 'y_min_m': -0.8, 'y_max_m': 0.8, 'top_z_m': 0.0}",58b3071a02305e9ea39c75751a7a9c67c32afb648478888eb597c404f529b717,c59f6f4b949cd8ac060d0ca4ab8e50518f3de260cfb8a884cb36520ad0fcce0f,5e1a126e0129bfc4e719b7545ce444a957a1a439a4ef242bb867136a994a446d,e8db233ba68753692a7ca9d542ffa00754cdd2d0c4f2c428ef2644dfc559214a,3000,0.001,3.000000000000169,3.3393426912553537e-16,"[3000, 20]",True,43,1787,6000,0.35,0,36,43,,,False,,0,62e20ecc62d527b23708f5758d5e21cda73016a55eebe442e330705fe08654ac,False,False,False,True,a7ecd6fa3e44f49b07f3b0a0729d091f2156bc8493b171549748776c9fde5583,False,False
positive_0p10_right_early_loading_v1_M1,v7_pair_010,10,positive,moderate_v2_reacquisition,,0.1,right,early_loading,moderate_v2,moderate_v2_M1,hard_normal,1,0.41,0.04,0.0,202608910,3.0,DEVELOPMENT_ONLY,1cfd1628c5a64ecb9bb8f65018d226e67c49b40ea9e8965b4bdf65d5661e469e,"{'x_min_m': -1.0, 'x_max_m': 2.0, 'y_min_m': -0.8, 'y_max_m': 0.8, 'top_z_m': 0.0}",58b3071a02305e9ea39c75751a7a9c67c32afb648478888eb597c404f529b717,96f719b20af9d1cc8b9a063d87a782e7cb8b5d9bf6a108b6392fb2fc555034ba,8937eaee549165e9a56722053380bcca59d0be7003fafb0ae40cd805028d65ad,9145d4546123182ed68a19d519066e07547c7a9c385db1f5ec2a30986e59f0f8,3000,0.001,3.000000000000169,3.3393426912553537e-16,"[3000, 20]",True,37,882,6000,0.0875,0,39,37,1787,1.7879999999998586,True,fallen_base_height,1213,2a319217ca3f8fe41828dfefaadbc2e058a16e8c151d1455c28fd09059780e6e,False,False,False,True,a7ecd6fa3e44f49b07f3b0a0729d091f2156bc8493b171549748776c9fde5583,False,False
control_0p10_right_early_loading_v1_M1,v7_pair_010,10,control,moderate_v2_reacquisition,,0.1,right,early_loading,moderate_v2,hard_normal,hard_normal,1,0.41,0.04,0.0,202608910,3.0,DEVELOPMENT_ONLY,1cfd1628c5a64ecb9bb8f65018d226e67c49b40ea9e8965b4bdf65d5661e469e,"{'x_min_m': -1.0, 'x_max_m': 2.0, 'y_min_m': -0.8, 'y_max_m': 0.8, 'top_z_m': 0.0}",58b3071a02305e9ea39c75751a7a9c67c32afb648478888eb597c404f529b717,96f719b20af9d1cc8b9a063d87a782e7cb8b5d9bf6a108b6392fb2fc555034ba,8937eaee549165e9a56722053380bcca59d0be7003fafb0ae40cd805028d65ad,9145d4546123182ed68a19d519066e07547c7a9c385db1f5ec2a30986e59f0f8,3000,0.001,3.000000000000169,3.3393426912553537e-16,"[3000, 20]",True,37,1659,0,1.0,0,39,37,,,False,,0,425bb3f3e1f30316603d5794373da2361aa618b0a1082bc581674c32f878a01e,False,False,False,True,a7ecd6fa3e44f49b07f3b0a0729d091f2156bc8493b171549748776c9fde5583,False,False
positive_0p10_right_early_loading_v2_M1,v7_pair_011,11,positive,moderate_v2_reacquisition,,0.1,right,early_loading,moderate_v2,moderate_v2_M1,near_slip_non_event,2,0.83,0.08,0.004,202608911,3.0,DEVELOPMENT_ONLY,563b9459bf54bb22cac86b3014be648fbee6c29cb7f27b3414b0644d82e81b4f,"{'x_min_m': -1.0, 'x_max_m': 2.0, 'y_min_m': -0.8, 'y_max_m': 0.8, 'top_z_m': 0.0}",58b3071a02305e9ea39c75751a7a9c67c32afb648478888eb597c404f529b717,49760b0ea194f961dcffe6947bccb87d5b4b06259f3834a198914a0846d992ac,77129f82a55a082031f90d6082b54d38f40bdf1b31beae42e93afb836316b28b,2dee8a77f195705bee7a231aaf858fad80e20a68a76c91445fcbc4dfb3ec8014,3000,0.001,3.000000000000169,3.3393426912553537e-16,"[3000, 20]",True,34,851,6000,0.0875,0,44,34,1766,1.766999999999861,True,fallen_base_height,1234,20e6bb2f5ff078473fb6cec970560a81efda9cadfb612b834f6174069f1c95dc,False,False,False,True,a7ecd6fa3e44f49b07f3b0a0729d091f2156bc8493b171549748776c9fde5583,False,False
control_0p10_right_early_loading_v2_M1,v7_pair_011,11,control,moderate_v2_reacquisition,,0.1,right,early_loading,moderate_v2,near_slip_non_event,near_slip_non_event,2,0.83,0.08,0.004,202608911,3.0,DEVELOPMENT_ONLY,563b9459bf54bb22cac86b3014be648fbee6c29cb7f27b3414b0644d82e81b4f,"{'x_min_m': -1.0, 'x_max_m': 2.0, 'y_min_m': -0.8, 'y_max_m': 0.8, 'top_z_m': 0.0}",58b3071a02305e9ea39c75751a7a9c67c32afb648478888eb597c404f529b717,49760b0ea194f961dcffe6947bccb87d5b4b06259f3834a198914a0846d992ac,77129f82a55a082031f90d6082b54d38f40bdf1b31beae42e93afb836316b28b,2dee8a77f195705bee7a231aaf858fad80e20a68a76c91445fcbc4dfb3ec8014,3000,0.001,3.000000000000169,3.3393426912553537e-16,"[3000, 20]",True,34,1712,6000,0.35,0,44,34,,,False,,0,e4b304f90a970394aba64f3394dd3c8e5d402dc3f46af7b6c4c2293712776e77,False,False,False,True,a7ecd6fa3e44f49b07f3b0a0729d091f2156bc8493b171549748776c9fde5583,False,False
positive_0p10_right_mid_loading_early_stance_v0_M1,v7_pair_012,12,positive,moderate_v2_reacquisition,,0.1,right,mid_loading_early_stance,moderate_v2,moderate_v2_M1,hard_normal,0,0.07,0.0,-0.004,202608912,3.0,DEVELOPMENT_ONLY,91ee61082326ab1f3250fc5b9f3f1f84a67dcb2d469128a039ffd50eba523957,"{'x_min_m': -1.0, 'x_max_m': 2.0, 'y_min_m': -0.8, 'y_max_m': 0.8, 'top_z_m': 0.0}",58b3071a02305e9ea39c75751a7a9c67c32afb648478888eb597c404f529b717,79c5534fc6012e5459cadd1582700901f41125340cde3e8087e59fc5ec4e7476,7c7bea1f86f1907d46966ecd833b19654ebfe85ec2408df25a7a517963e52220,e8db233ba68753692a7ca9d542ffa00754cdd2d0c4f2c428ef2644dfc559214a,3000,0.001,3.000000000000169,3.3393426912553537e-16,"[3000, 20]",True,43,1677,1358,0.6332587954680978,0,36,43,,,False,,0,ecf276634c8fabd2d7ada1952ceaed06b6f343cd5ecbe3e67e9a983a892190c8,False,False,False,True,a7ecd6fa3e44f49b07f3b0a0729d091f2156bc8493b171549748776c9fde5583,False,False
control_0p10_right_mid_loading_early_stance_v0_M1,v7_pair_012,12,control,moderate_v2_reacquisition,,0.1,right,mid_loading_early_stance,moderate_v2,hard_normal,hard_normal,0,0.07,0.0,-0.004,202608912,3.0,DEVELOPMENT_ONLY,91ee61082326ab1f3250fc5b9f3f1f84a67dcb2d469128a039ffd50eba523957,"{'x_min_m': -1.0, 'x_max_m': 2.0, 'y_min_m': -0.8, 'y_max_m': 0.8, 'top_z_m': 0.0}",58b3071a02305e9ea39c75751a7a9c67c32afb648478888eb597c404f529b717,79c5534fc6012e5459cadd1582700901f41125340cde3e8087e59fc5ec4e7476,7c7bea1f86f1907d46966ecd833b19654ebfe85ec2408df25a7a517963e52220,e8db233ba68753692a7ca9d542ffa00754cdd2d0c4f2c428ef2644dfc559214a,3000,0.001,3.000000000000169,3.3393426912553537e-16,"[3000, 20]",True,43,1805,0,1.0,0,36,43,,,False,,0,d6907c06aa5a1cd82a62d8ac0eafa454e6b1ccf75cc8b8c2fb2773841ba2608c,False,False,False,True,a7ecd6fa3e44f49b07f3b0a0729d091f2156bc8493b171549748776c9fde5583,False,False
positive_0p10_right_mid_loading_early_stance_v1_M1,v7_pair_013,13,positive,moderate_v2_reacquisition,,0.1,right,mid_loading_early_stance,moderate_v2,moderate_v2_M1,near_slip_non_event,1,0.41,0.04,0.0,202608913,3.0,DEVELOPMENT_ONLY,dae8292d444cbe3774412dee205404ccae5550d25d2c79ddd9698c70ba1db496,"{'x_min_m': -1.0, 'x_max_m': 2.0, 'y_min_m': -0.8, 'y_max_m': 0.8, 'top_z_m': 0.0}",58b3071a02305e9ea39c75751a7a9c67c32afb648478888eb597c404f529b717,235e4c5be346a54b9b473e1c9a2dbd85c4f470d6f84183b7f940a4b23d94b853,cbb25cbd77c015e11b390c1d1d196702dae6cff8ee09df2685850a4815137a3a,9145d4546123182ed68a19d519066e07547c7a9c385db1f5ec2a30986e59f0f8,3000,0.001,3.000000000000169,3.3393426912553537e-16,"[3000, 20]",True,37,1570,1272,0.6338375796178345,0,39,37,,,False,,0,8e809ca24319c8f09f773329aa6c376255052a272de58c7cefa8e6a493a73fac,False,False,False,True,a7ecd6fa3e44f49b07f3b0a0729d091f2156bc8493b171549748776c9fde5583,False,False
control_0p10_right_mid_loading_early_stance_v1_M1,v7_pair_013,13,control,moderate_v2_reacquisition,,0.1,right,mid_loading_early_stance,moderate_v2,near_slip_non_event,near_slip_non_event,1,0.41,0.04,0.0,202608913,3.0,DEVELOPMENT_ONLY,dae8292d444cbe3774412dee205404ccae5550d25d2c79ddd9698c70ba1db496,"{'x_min_m': -1.0, 'x_max_m': 2.0, 'y_min_m': -0.8, 'y_max_m': 0.8, 'top_z_m': 0.0}",58b3071a02305e9ea39c75751a7a9c67c32afb648478888eb597c404f529b717,235e4c5be346a54b9b473e1c9a2dbd85c4f470d6f84183b7f940a4b23d94b853,cbb25cbd77c015e11b390c1d1d196702dae6cff8ee09df2685850a4815137a3a,9145d4546123182ed68a19d519066e07547c7a9c385db1f5ec2a30986e59f0f8,3000,0.001,3.000000000000169,3.3393426912553537e-16,"[3000, 20]",True,37,1653,2515,0.5061101028433151,0,39,37,,,False,,0,333917ba48f3801e7b4be87affae085ddc54033cec512fcafabdf27b6f4c788d,False,False,False,True,a7ecd6fa3e44f49b07f3b0a0729d091f2156bc8493b171549748776c9fde5583,False,False
positive_0p10_right_mid_loading_early_stance_v2_M1,v7_pair_014,14,positive,moderate_v2_reacquisition,,0.1,right,mid_loading_early_stance,moderate_v2,moderate_v2_M1,hard_normal,2,0.83,0.08,0.004,202608914,3.0,DEVELOPMENT_ONLY,2d139db1b3f2c0dbf0dd244221d8bd6aab23e51b6287782d5a920a1a1b856dcf,"{'x_min_m': -1.0, 'x_max_m': 2.0, 'y_min_m': -0.8, 'y_max_m': 0.8, 'top_z_m': 0.0}",58b3071a02305e9ea39c75751a7a9c67c32afb648478888eb597c404f529b717,75c13796d0151fc294da2c6045c5b7cb1e8372e5cbcc6d687996cd1d06bf4d89,3b65a5fedcd0b8a097442f720abe026b85ad02283ff34e6ef77ea15ad83f60e3,2dee8a77f195705bee7a231aaf858fad80e20a68a76c91445fcbc4dfb3ec8014,3000,0.001,3.000000000000169,3.3393426912553537e-16,"[3000, 20]",True,34,1643,1328,0.6340003043213633,0,44,34,,,False,,0,b3a1516db6ac344a5413b6eb7778b6b9cc8a91d990d41dc78f1cc2f18815579f,False,False,False,True,a7ecd6fa3e44f49b07f3b0a0729d091f2156bc8493b171549748776c9fde5583,False,False
control_0p10_right_mid_loading_early_stance_v2_M1,v7_pair_014,14,control,moderate_v2_reacquisition,,0.1,right,mid_loading_early_stance,moderate_v2,hard_normal,hard_normal,2,0.83,0.08,0.004,202608914,3.0,DEVELOPMENT_ONLY,2d139db1b3f2c0dbf0dd244221d8bd6aab23e51b6287782d5a920a1a1b856dcf,"{'x_min_m': -1.0, 'x_max_m': 2.0, 'y_min_m': -0.8, 'y_max_m': 0.8, 'top_z_m': 0.0}",58b3071a02305e9ea39c75751a7a9c67c32afb648478888eb597c404f529b717,75c13796d0151fc294da2c6045c5b7cb1e8372e5cbcc6d687996cd1d06bf4d89,3b65a5fedcd0b8a097442f720abe026b85ad02283ff34e6ef77ea15ad83f60e3,2dee8a77f195705bee7a231aaf858fad80e20a68a76c91445fcbc4dfb3ec8014,3000,0.001,3.000000000000169,3.3393426912553537e-16,"[3000, 20]",True,34,1725,0,1.0,0,44,34,,,False,,0,d049351dbb2a13a770d97d22f5308d9116057d097c31a72285abdacf25e58edd,False,False,False,True,a7ecd6fa3e44f49b07f3b0a0729d091f2156bc8493b171549748776c9fde5583,False,False
positive_0p10_right_mid_late_stance_v0_M1,v7_pair_015,15,positive,moderate_v2_reacquisition,,0.1,right,mid_late_stance,moderate_v2,moderate_v2_M1,near_slip_non_event,0,0.07,0.0,-0.004,202608915,3.0,DEVELOPMENT_ONLY,6d311366675b23a073c9fdfc4110631eb769f309cc0e1a5cefa55080d7d222d1,"{'x_min_m': -1.0, 'x_max_m': 2.0, 'y_min_m': -0.8, 'y_max_m': 0.8, 'top_z_m': 0.0}",58b3071a02305e9ea39c75751a7a9c67c32afb648478888eb597c404f529b717,dfb2819fbbb139522d2f2fe29a8508885ad31315b20b0067e752d3abf20d97db,5f78c29ab92d14caa08e3ddfcc29180a49a39c5ca76b5ff464d780e01e2d0ca5,e8db233ba68753692a7ca9d542ffa00754cdd2d0c4f2c428ef2644dfc559214a,3000,0.001,3.000000000000169,3.3393426912553537e-16,"[3000, 20]",True,43,1726,821,0.7837702780996523,0,36,43,,,False,,0,2236c6c04b2f481d78cfb60941e6d27597468bcabaf4017d6c0064299e19bff2,False,False,False,True,a7ecd6fa3e44f49b07f3b0a0729d091f2156bc8493b171549748776c9fde5583,False,False
control_0p10_right_mid_late_stance_v0_M1,v7_pair_015,15,control,moderate_v2_reacquisition,,0.1,right,mid_late_stance,moderate_v2,near_slip_non_event,near_slip_non_event,0,0.07,0.0,-0.004,202608915,3.0,DEVELOPMENT_ONLY,6d311366675b23a073c9fdfc4110631eb769f309cc0e1a5cefa55080d7d222d1,"{'x_min_m': -1.0, 'x_max_m': 2.0, 'y_min_m': -0.8, 'y_max_m': 0.8, 'top_z_m': 0.0}",58b3071a02305e9ea39c75751a7a9c67c32afb648478888eb597c404f529b717,dfb2819fbbb139522d2f2fe29a8508885ad31315b20b0067e752d3abf20d97db,5f78c29ab92d14caa08e3ddfcc29180a49a39c5ca76b5ff464d780e01e2d0ca5,e8db233ba68753692a7ca9d542ffa00754cdd2d0c4f2c428ef2644dfc559214a,3000,0.001,3.000000000000169,3.3393426912553537e-16,"[3000, 20]",True,43,1808,1575,0.7177820796460177,0,36,43,,,False,,0,2bbc014c30e8aa69d20e2741e17e07b0f7822a4e1c807f08c8dcae48c3e03dc7,False,False,False,True,a7ecd6fa3e44f49b07f3b0a0729d091f2156bc8493b171549748776c9fde5583,False,False
positive_0p10_right_mid_late_stance_v1_M1,v7_pair_016,16,positive,moderate_v2_reacquisition,,0.1,right,mid_late_stance,moderate_v2,moderate_v2_M1,hard_normal,1,0.41,0.04,0.0,202608916,3.0,DEVELOPMENT_ONLY,1b0897096b9b49762d5cba6864e636eea3353c45287fb8845973d0470611f38b,"{'x_min_m': -1.0, 'x_max_m': 2.0, 'y_min_m': -0.8, 'y_max_m': 0.8, 'top_z_m': 0.0}",58b3071a02305e9ea39c75751a7a9c67c32afb648478888eb597c404f529b717,4a68666fc282ea5c12ca2eccd1b5a2775dca9b97d59df8199c11b1fdd0f902fa,f80213179b4da762540924a9a1f1bc247f19876622d98ae1ebdccb4b448892f8,9145d4546123182ed68a19d519066e07547c7a9c385db1f5ec2a30986e59f0f8,3000,0.001,3.000000000000169,3.3393426912553537e-16,"[3000, 20]",True,37,1599,726,0.7939884302689181,0,39,37,,,False,,0,accd5b1bc60b2e9aa587bb627e8295a0d70ce7197aa350f228687946385fbcb3,False,False,False,True,a7ecd6fa3e44f49b07f3b0a0729d091f2156bc8493b171549748776c9fde5583,False,False
control_0p10_right_mid_late_stance_v1_M1,v7_pair_016,16,control,moderate_v2_reacquisition,,0.1,right,mid_late_stance,moderate_v2,hard_normal,hard_normal,1,0.41,0.04,0.0,202608916,3.0,DEVELOPMENT_ONLY,1b0897096b9b49762d5cba6864e636eea3353c45287fb8845973d0470611f38b,"{'x_min_m': -1.0, 'x_max_m': 2.0, 'y_min_m': -0.8, 'y_max_m': 0.8, 'top_z_m': 0.0}",58b3071a02305e9ea39c75751a7a9c67c32afb648478888eb597c404f529b717,4a68666fc282ea5c12ca2eccd1b5a2775dca9b97d59df8199c11b1fdd0f902fa,f80213179b4da762540924a9a1f1bc247f19876622d98ae1ebdccb4b448892f8,9145d4546123182ed68a19d519066e07547c7a9c385db1f5ec2a30986e59f0f8,3000,0.001,3.000000000000169,3.3393426912553537e-16,"[3000, 20]",True,37,1658,0,1.0,0,39,37,,,False,,0,7386865a00d426a835b368c63d5727de548b21d3c525b84846cf56f48da6c80c,False,False,False,True,a7ecd6fa3e44f49b07f3b0a0729d091f2156bc8493b171549748776c9fde5583,False,False
positive_0p10_right_mid_late_stance_v2_M1,v7_pair_017,17,positive,moderate_v2_reacquisition,,0.1,right,mid_late_stance,moderate_v2,moderate_v2_M1,near_slip_non_event,2,0.83,0.08,0.004,202608917,3.0,DEVELOPMENT_ONLY,ccb0392508f57bb37821a0c1942dce8a352a8633a75043efa054581dd1050277,"{'x_min_m': -1.0, 'x_max_m': 2.0, 'y_min_m': -0.8, 'y_max_m': 0.8, 'top_z_m': 0.0}",58b3071a02305e9ea39c75751a7a9c67c32afb648478888eb597c404f529b717,2ed55520ef13c44446972a78677decf4becd61c294defdc1d963c2b93b52b28e,5141f4cf5e21bb5aa4adb980b7fc6ca617b2cf9eccf343ceb04b4effaba7f4ec,2dee8a77f195705bee7a231aaf858fad80e20a68a76c91445fcbc4dfb3ec8014,3000,0.001,3.000000000000169,3.3393426912553537e-16,"[3000, 20]",True,34,1692,711,0.8107047872340426,0,44,34,,,False,,0,2d2e9b8f3ddd18efb6884fef6331e83aa99ccc91793fce38ccddeada438b8306,False,False,False,True,a7ecd6fa3e44f49b07f3b0a0729d091f2156bc8493b171549748776c9fde5583,False,False
control_0p10_right_mid_late_stance_v2_M1,v7_pair_017,17,control,moderate_v2_reacquisition,,0.1,right,mid_late_stance,moderate_v2,near_slip_non_event,near_slip_non_event,2,0.83,0.08,0.004,202608917,3.0,DEVELOPMENT_ONLY,ccb0392508f57bb37821a0c1942dce8a352a8633a75043efa054581dd1050277,"{'x_min_m': -1.0, 'x_max_m': 2.0, 'y_min_m': -0.8, 'y_max_m': 0.8, 'top_z_m': 0.0}",58b3071a02305e9ea39c75751a7a9c67c32afb648478888eb597c404f529b717,2ed55520ef13c44446972a78677decf4becd61c294defdc1d963c2b93b52b28e,5141f4cf5e21bb5aa4adb980b7fc6ca617b2cf9eccf343ceb04b4effaba7f4ec,2dee8a77f195705bee7a231aaf858fad80e20a68a76c91445fcbc4dfb3ec8014,3000,0.001,3.000000000000169,3.3393426912553537e-16,"[3000, 20]",True,34,1722,1256,0.763704994192799,0,44,34,,,False,,0,54e9777b5b5d222d135e46cc4ac44dfb54e0d6fabbdc634fbbdc63b862168c37,False,False,False,True,a7ecd6fa3e44f49b07f3b0a0729d091f2156bc8493b171549748776c9fde5583,False,False
positive_0p15_left_early_loading_v0_M1,v7_pair_018,18,positive,moderate_v2_reacquisition,,0.15,left,early_loading,moderate_v2,moderate_v2_M1,near_slip_non_event,0,0.07,0.0,-0.004,202608918,3.0,DEVELOPMENT_ONLY,c7ed0c48bc8cca571a70e4dccdf0a16e6c2f022c117a24968dd9f82f74a34ab5,"{'x_min_m': -1.0, 'x_max_m': 2.0, 'y_min_m': -0.8, 'y_max_m': 0.8, 'top_z_m': 0.0}",58b3071a02305e9ea39c75751a7a9c67c32afb648478888eb597c404f529b717,54f8dc905587e682eedf2e5428c2d82b51f8fce599ee1d70ff2032c59828eac5,3091d693f1c31cb86a02baa72f7d21f309860c6c2ca44ff000382859381ed672,9ee48bea5827e4627fac28df305aa69160d5abcef13312f5aef6335c91abc06e,3000,0.001,3.000000000000169,3.3393426912553537e-16,"[3000, 20]",True,37,1081,6000,0.08750000000000001,0,37,42,2307,2.307999999999938,True,fallen_base_height,693,a9c27de8df06b8871a052ed6a6082a7c1fa6e61a041d10b0ff86ef8fdecf8c99,False,False,False,True,a7ecd6fa3e44f49b07f3b0a0729d091f2156bc8493b171549748776c9fde5583,False,False
control_0p15_left_early_loading_v0_M1,v7_pair_018,18,control,moderate_v2_reacquisition,,0.15,left,early_loading,moderate_v2,near_slip_non_event,near_slip_non_event,0,0.07,0.0,-0.004,202608918,3.0,DEVELOPMENT_ONLY,c7ed0c48bc8cca571a70e4dccdf0a16e6c2f022c117a24968dd9f82f74a34ab5,"{'x_min_m': -1.0, 'x_max_m': 2.0, 'y_min_m': -0.8, 'y_max_m': 0.8, 'top_z_m': 0.0}",58b3071a02305e9ea39c75751a7a9c67c32afb648478888eb597c404f529b717,54f8dc905587e682eedf2e5428c2d82b51f8fce599ee1d70ff2032c59828eac5,3091d693f1c31cb86a02baa72f7d21f309860c6c2ca44ff000382859381ed672,9ee48bea5827e4627fac28df305aa69160d5abcef13312f5aef6335c91abc06e,3000,0.001,3.000000000000169,3.3393426912553537e-16,"[3000, 20]",True,37,1573,6000,0.35,0,37,42,,,False,,0,2d9eff0c6adca00715ec4a82527b313e14eb7531044f1db56d2c1a3d5fc05859,False,False,False,True,a7ecd6fa3e44f49b07f3b0a0729d091f2156bc8493b171549748776c9fde5583,False,False
positive_0p15_left_early_loading_v1_M1,v7_pair_019,19,positive,moderate_v2_reacquisition,,0.15,left,early_loading,moderate_v2,moderate_v2_M1,hard_normal,1,0.41,0.04,0.0,202608919,3.0,DEVELOPMENT_ONLY,7c6da69b11abac238e819b378473cffa5966ddf5b5b702bdee3ea2c7361ee9d6,"{'x_min_m': -1.0, 'x_max_m': 2.0, 'y_min_m': -0.8, 'y_max_m': 0.8, 'top_z_m': 0.0}",58b3071a02305e9ea39c75751a7a9c67c32afb648478888eb597c404f529b717,ee618f289874a2e07cee45e284719183862a4d8f2269ced0bee686e3cb9c5201,d388ef28a8cba760d393b535d3a1536d6c8edc5f380a350efeeb67eb4611afee,9145d4546123182ed68a19d519066e07547c7a9c385db1f5ec2a30986e59f0f8,3000,0.001,3.000000000000169,3.3393426912553537e-16,"[3000, 20]",True,39,1247,6000,0.08750000000000001,0,39,37,2009,2.0099999999998386,True,fallen_base_height,991,fa06ed9c034c217f8c2915ef8c8e9557465f1a465944f74e5ed0a753af39c683,False,False,False,True,a7ecd6fa3e44f49b07f3b0a0729d091f2156bc8493b171549748776c9fde5583,False,False
control_0p15_left_early_loading_v1_M1,v7_pair_019,19,control,moderate_v2_reacquisition,,0.15,left,early_loading,moderate_v2,hard_normal,hard_normal,1,0.41,0.04,0.0,202608919,3.0,DEVELOPMENT_ONLY,7c6da69b11abac238e819b378473cffa5966ddf5b5b702bdee3ea2c7361ee9d6,"{'x_min_m': -1.0, 'x_max_m': 2.0, 'y_min_m': -0.8, 'y_max_m': 0.8, 'top_z_m': 0.0}",58b3071a02305e9ea39c75751a7a9c67c32afb648478888eb597c404f529b717,ee618f289874a2e07cee45e284719183862a4d8f2269ced0bee686e3cb9c5201,d388ef28a8cba760d393b535d3a1536d6c8edc5f380a350efeeb67eb4611afee,9145d4546123182ed68a19d519066e07547c7a9c385db1f5ec2a30986e59f0f8,3000,0.001,3.000000000000169,3.3393426912553537e-16,"[3000, 20]",True,39,1686,0,1.0,0,39,37,,,False,,0,a87b2e344de0df6be043a44599044e2c9368d7e6d8c7ecef2b08a65076cde927,False,False,False,True,a7ecd6fa3e44f49b07f3b0a0729d091f2156bc8493b171549748776c9fde5583,False,False
positive_0p15_left_early_loading_v2_M1,v7_pair_020,20,positive,moderate_v2_reacquisition,,0.15,left,early_loading,moderate_v2,moderate_v2_M1,near_slip_non_event,2,0.83,0.08,0.004,202608920,3.0,DEVELOPMENT_ONLY,6b05a6a019788c5df024e2b20103f91667879f6b29223273320e3c481d12c697,"{'x_min_m': -1.0, 'x_max_m': 2.0, 'y_min_m': -0.8, 'y_max_m': 0.8, 'top_z_m': 0.0}",58b3071a02305e9ea39c75751a7a9c67c32afb648478888eb597c404f529b717,34b7b5a46577dd57c2d46c1385bb2b8082df583cab635dbdac7435f49fe43450,fd23723014bfcf8a31481867faaa7e26009f997cf7fbc4317d151ebdef00f30e,2dee8a77f195705bee7a231aaf858fad80e20a68a76c91445fcbc4dfb3ec8014,3000,0.001,3.000000000000169,3.3393426912553537e-16,"[3000, 20]",True,44,1549,6000,0.08750000000000001,0,44,34,2111,2.1119999999998726,True,fallen_base_height,889,7bb945e478ceb90bb3dd718d313d141c0bf6ee8995d65516380dea7d8667e03b,False,False,False,True,a7ecd6fa3e44f49b07f3b0a0729d091f2156bc8493b171549748776c9fde5583,False,False
control_0p15_left_early_loading_v2_M1,v7_pair_020,20,control,moderate_v2_reacquisition,,0.15,left,early_loading,moderate_v2,near_slip_non_event,near_slip_non_event,2,0.83,0.08,0.004,202608920,3.0,DEVELOPMENT_ONLY,6b05a6a019788c5df024e2b20103f91667879f6b29223273320e3c481d12c697,"{'x_min_m': -1.0, 'x_max_m': 2.0, 'y_min_m': -0.8, 'y_max_m': 0.8, 'top_z_m': 0.0}",58b3071a02305e9ea39c75751a7a9c67c32afb648478888eb597c404f529b717,34b7b5a46577dd57c2d46c1385bb2b8082df583cab635dbdac7435f49fe43450,fd23723014bfcf8a31481867faaa7e26009f997cf7fbc4317d151ebdef00f30e,2dee8a77f195705bee7a231aaf858fad80e20a68a76c91445fcbc4dfb3ec8014,3000,0.001,3.000000000000169,3.3393426912553537e-16,"[3000, 20]",True,44,1671,6000,0.3499999999999999,0,44,34,,,False,,0,b8e82df5a5a0e69087809901f8c21aa6a2ad500c8cf472fb1d0040a27f4737b6,False,False,False,True,a7ecd6fa3e44f49b07f3b0a0729d091f2156bc8493b171549748776c9fde5583,False,False
positive_0p15_left_mid_loading_early_stance_v0_M1,v7_pair_021,21,positive,moderate_v2_reacquisition,,0.15,left,mid_loading_early_stance,moderate_v2,moderate_v2_M1,hard_normal,0,0.07,0.0,-0.004,202608921,3.0,DEVELOPMENT_ONLY,66f35b60c4d803145cc1650190c8ca069205faf60e2a3b69c71c0895811597c0,"{'x_min_m': -1.0, 'x_max_m': 2.0, 'y_min_m': -0.8, 'y_max_m': 0.8, 'top_z_m': 0.0}",58b3071a02305e9ea39c75751a7a9c67c32afb648478888eb597c404f529b717,7b3fc995934da62ee741bb2ec1a057b0aa14ee85f926bab2e46aec7fab5b707b,4ffb9d7f8b1b838373acfac1d91aa6150f5db34eee69d8c2b1f845e7e4ae0497,9ee48bea5827e4627fac28df305aa69160d5abcef13312f5aef6335c91abc06e,3000,0.001,3.000000000000169,3.3393426912553537e-16,"[3000, 20]",True,37,1592,1248,0.6457757537688442,0,37,43,,,False,,0,09ead140c7c4a5c46e5397862a0fdbe6ee65c09d5b082fc05a8eb68ca960de10,False,False,False,True,a7ecd6fa3e44f49b07f3b0a0729d091f2156bc8493b171549748776c9fde5583,False,False
control_0p15_left_mid_loading_early_stance_v0_M1,v7_pair_021,21,control,moderate_v2_reacquisition,,0.15,left,mid_loading_early_stance,moderate_v2,hard_normal,hard_normal,0,0.07,0.0,-0.004,202608921,3.0,DEVELOPMENT_ONLY,66f35b60c4d803145cc1650190c8ca069205faf60e2a3b69c71c0895811597c0,"{'x_min_m': -1.0, 'x_max_m': 2.0, 'y_min_m': -0.8, 'y_max_m': 0.8, 'top_z_m': 0.0}",58b3071a02305e9ea39c75751a7a9c67c32afb648478888eb597c404f529b717,7b3fc995934da62ee741bb2ec1a057b0aa14ee85f926bab2e46aec7fab5b707b,4ffb9d7f8b1b838373acfac1d91aa6150f5db34eee69d8c2b1f845e7e4ae0497,9ee48bea5827e4627fac28df305aa69160d5abcef13312f5aef6335c91abc06e,3000,0.001,3.000000000000169,3.3393426912553537e-16,"[3000, 20]",True,37,1585,0,1.0,0,37,43,,,False,,0,9b4ef184b807909e0b255f8def2c271faf2e092fad8f39ebec1370ce1f874437,False,False,False,True,a7ecd6fa3e44f49b07f3b0a0729d091f2156bc8493b171549748776c9fde5583,False,False
positive_0p15_left_mid_loading_early_stance_v1_M1,v7_pair_022,22,positive,moderate_v2_reacquisition,,0.15,left,mid_loading_early_stance,moderate_v2,moderate_v2_M1,near_slip_non_event,1,0.41,0.04,0.0,202608922,3.0,DEVELOPMENT_ONLY,8d3d6f6b3b20b6dd16732993a594875eda967816c22a98aebc9f999b7b40a764,"{'x_min_m': -1.0, 'x_max_m': 2.0, 'y_min_m': -0.8, 'y_max_m': 0.8, 'top_z_m': 0.0}",58b3071a02305e9ea39c75751a7a9c67c32afb648478888eb597c404f529b717,b0c877e9805dc0435735be5e9b64804c104de2aa0cba6920523773f7592ed389,7e143bcd8d9a4de895c4f48b2ffa23914e69ccaf0318b9d20dafbbe5356b6054,9145d4546123182ed68a19d519066e07547c7a9c385db1f5ec2a30986e59f0f8,3000,0.001,3.000000000000169,3.3393426912553537e-16,"[3000, 20]",True,39,1683,1222,0.6730614973262034,0,39,37,,,False,,0,a8eaa1341c15495c8df244197ff0246caf331691144ab2ba25b3a7fde6d1d13f,False,False,False,True,a7ecd6fa3e44f49b07f3b0a0729d091f2156bc8493b171549748776c9fde5583,False,False
control_0p15_left_mid_loading_early_stance_v1_M1,v7_pair_022,22,control,moderate_v2_reacquisition,,0.15,left,mid_loading_early_stance,moderate_v2,near_slip_non_event,near_slip_non_event,1,0.41,0.04,0.0,202608922,3.0,DEVELOPMENT_ONLY,8d3d6f6b3b20b6dd16732993a594875eda967816c22a98aebc9f999b7b40a764,"{'x_min_m': -1.0, 'x_max_m': 2.0, 'y_min_m': -0.8, 'y_max_m': 0.8, 'top_z_m': 0.0}",58b3071a02305e9ea39c75751a7a9c67c32afb648478888eb597c404f529b717,b0c877e9805dc0435735be5e9b64804c104de2aa0cba6920523773f7592ed389,7e143bcd8d9a4de895c4f48b2ffa23914e69ccaf0318b9d20dafbbe5356b6054,9145d4546123182ed68a19d519066e07547c7a9c385db1f5ec2a30986e59f0f8,3000,0.001,3.000000000000169,3.3393426912553537e-16,"[3000, 20]",True,39,1664,2503,0.5117187499999999,0,39,37,,,False,,0,87200693201a350ef316f7acee32eff895920bb2ff1a439333eda7e67daa521f,False,False,False,True,a7ecd6fa3e44f49b07f3b0a0729d091f2156bc8493b171549748776c9fde5583,False,False
positive_0p15_left_mid_loading_early_stance_v2_M1,v7_pair_023,23,positive,moderate_v2_reacquisition,,0.15,left,mid_loading_early_stance,moderate_v2,moderate_v2_M1,hard_normal,2,0.83,0.08,0.004,202608923,3.0,DEVELOPMENT_ONLY,57a67c59f80d98ac90ea4ffb8140256ee3462d64d768b9e2ebb4f6803d35a0e5,"{'x_min_m': -1.0, 'x_max_m': 2.0, 'y_min_m': -0.8, 'y_max_m': 0.8, 'top_z_m': 0.0}",58b3071a02305e9ea39c75751a7a9c67c32afb648478888eb597c404f529b717,b6fe389cb6e0bda1dc2d57749f54f1c14ee5ae667133e1cb163c0cab0a16adad,690fc5b892a3ff4be17677069cb329117e17ea6e54a59682d0f68e72080238da,2dee8a77f195705bee7a231aaf858fad80e20a68a76c91445fcbc4dfb3ec8014,3000,0.001,3.000000000000169,3.3393426912553537e-16,"[3000, 20]",True,44,1654,1270,0.6540885731559856,0,44,34,,,False,,0,df68963e2877ed87d4fd28ca5e90d2c47ad96d5d16b1f3cfb59f8a16f54e6851,False,False,False,True,a7ecd6fa3e44f49b07f3b0a0729d091f2156bc8493b171549748776c9fde5583,False,False
control_0p15_left_mid_loading_early_stance_v2_M1,v7_pair_023,23,control,moderate_v2_reacquisition,,0.15,left,mid_loading_early_stance,moderate_v2,hard_normal,hard_normal,2,0.83,0.08,0.004,202608923,3.0,DEVELOPMENT_ONLY,57a67c59f80d98ac90ea4ffb8140256ee3462d64d768b9e2ebb4f6803d35a0e5,"{'x_min_m': -1.0, 'x_max_m': 2.0, 'y_min_m': -0.8, 'y_max_m': 0.8, 'top_z_m': 0.0}",58b3071a02305e9ea39c75751a7a9c67c32afb648478888eb597c404f529b717,b6fe389cb6e0bda1dc2d57749f54f1c14ee5ae667133e1cb163c0cab0a16adad,690fc5b892a3ff4be17677069cb329117e17ea6e54a59682d0f68e72080238da,2dee8a77f195705bee7a231aaf858fad80e20a68a76c91445fcbc4dfb3ec8014,3000,0.001,3.000000000000169,3.3393426912553537e-16,"[3000, 20]",True,44,1680,0,1.0,0,44,34,,,False,,0,dde35757e6cdb1f2189766c20c49151e4c093a80901e8febd6e9b830f766e314,False,False,False,True,a7ecd6fa3e44f49b07f3b0a0729d091f2156bc8493b171549748776c9fde5583,False,False
positive_0p15_left_mid_late_stance_v0_M1,v7_pair_024,24,positive,moderate_v2_reacquisition,,0.15,left,mid_late_stance,moderate_v2,moderate_v2_M1,near_slip_non_event,0,0.07,0.0,-0.004,202608924,3.0,DEVELOPMENT_ONLY,a8a8d5f9028fa1f0fe243acb2afab249d0fb53371150e6318f7ecb0015507122,"{'x_min_m': -1.0, 'x_max_m': 2.0, 'y_min_m': -0.8, 'y_max_m': 0.8, 'top_z_m': 0.0}",58b3071a02305e9ea39c75751a7a9c67c32afb648478888eb597c404f529b717,0fab895660f805b998f472aaf43ae75ac0e1ce0a60ab41459637eb0665348eca,351f60bf4cad8651cec75cb791a286f1e5c4e8252941fb7eb010d1511145b98c,9ee48bea5827e4627fac28df305aa69160d5abcef13312f5aef6335c91abc06e,3000,0.001,3.000000000000169,3.3393426912553537e-16,"[3000, 20]",True,37,1555,876,0.7441479099678457,0,37,43,,,False,,0,6d0da33aed2dd00532acc69895f2f6fe30dd17d28db18bfce525af0b49cbf5d7,False,False,False,True,a7ecd6fa3e44f49b07f3b0a0729d091f2156bc8493b171549748776c9fde5583,False,False
control_0p15_left_mid_late_stance_v0_M1,v7_pair_024,24,control,moderate_v2_reacquisition,,0.15,left,mid_late_stance,moderate_v2,near_slip_non_event,near_slip_non_event,0,0.07,0.0,-0.004,202608924,3.0,DEVELOPMENT_ONLY,a8a8d5f9028fa1f0fe243acb2afab249d0fb53371150e6318f7ecb0015507122,"{'x_min_m': -1.0, 'x_max_m': 2.0, 'y_min_m': -0.8, 'y_max_m': 0.8, 'top_z_m': 0.0}",58b3071a02305e9ea39c75751a7a9c67c32afb648478888eb597c404f529b717,0fab895660f805b998f472aaf43ae75ac0e1ce0a60ab41459637eb0665348eca,351f60bf4cad8651cec75cb791a286f1e5c4e8252941fb7eb010d1511145b98c,9ee48bea5827e4627fac28df305aa69160d5abcef13312f5aef6335c91abc06e,3000,0.001,3.000000000000169,3.3393426912553537e-16,"[3000, 20]",True,37,1555,1124,0.7663344051446944,0,37,43,,,False,,0,c7729601c2fa6a3122ecfe0c1f78cf55a8fe42d66255721d8ef5883daee57cb8,False,False,False,True,a7ecd6fa3e44f49b07f3b0a0729d091f2156bc8493b171549748776c9fde5583,False,False
positive_0p15_left_mid_late_stance_v1_M1,v7_pair_025,25,positive,moderate_v2_reacquisition,,0.15,left,mid_late_stance,moderate_v2,moderate_v2_M1,hard_normal,1,0.41,0.04,0.0,202608925,3.0,DEVELOPMENT_ONLY,0d87a7d8a63e90a44b57dceb5f89c5b8bf755a73b1e7c2e170f1052703c8ccd7,"{'x_min_m': -1.0, 'x_max_m': 2.0, 'y_min_m': -0.8, 'y_max_m': 0.8, 'top_z_m': 0.0}",58b3071a02305e9ea39c75751a7a9c67c32afb648478888eb597c404f529b717,33d9161f3984fe612f839ba7b41e9a725badb75d5f2e58b6bc1015e3c4f16769,1dc52c00c542b91b577c180231d4d9288f8e55e5b80803734ed24c91ff694225,9145d4546123182ed68a19d519066e07547c7a9c385db1f5ec2a30986e59f0f8,3000,0.001,3.000000000000169,3.3393426912553537e-16,"[3000, 20]",True,39,1700,644,0.8276985294117648,0,39,37,,,False,,0,d5ffbcbb01927b7345dfec2c45a753a5e081c3c8c523e3778b704dbd53a5942b,False,False,False,True,a7ecd6fa3e44f49b07f3b0a0729d091f2156bc8493b171549748776c9fde5583,False,False
control_0p15_left_mid_late_stance_v1_M1,v7_pair_025,25,control,moderate_v2_reacquisition,,0.15,left,mid_late_stance,moderate_v2,hard_normal,hard_normal,1,0.41,0.04,0.0,202608925,3.0,DEVELOPMENT_ONLY,0d87a7d8a63e90a44b57dceb5f89c5b8bf755a73b1e7c2e170f1052703c8ccd7,"{'x_min_m': -1.0, 'x_max_m': 2.0, 'y_min_m': -0.8, 'y_max_m': 0.8, 'top_z_m': 0.0}",58b3071a02305e9ea39c75751a7a9c67c32afb648478888eb597c404f529b717,33d9161f3984fe612f839ba7b41e9a725badb75d5f2e58b6bc1015e3c4f16769,1dc52c00c542b91b577c180231d4d9288f8e55e5b80803734ed24c91ff694225,9145d4546123182ed68a19d519066e07547c7a9c385db1f5ec2a30986e59f0f8,3000,0.001,3.000000000000169,3.3393426912553537e-16,"[3000, 20]",True,39,1686,0,1.0,0,39,37,,,False,,0,b456f4b216dd91195734e4fefc35747deb4455882d62b49d0aa5c868c3043767,False,False,False,True,a7ecd6fa3e44f49b07f3b0a0729d091f2156bc8493b171549748776c9fde5583,False,False
positive_0p15_left_mid_late_stance_v2_M1,v7_pair_026,26,positive,moderate_v2_reacquisition,,0.15,left,mid_late_stance,moderate_v2,moderate_v2_M1,near_slip_non_event,2,0.83,0.08,0.004,202608926,3.0,DEVELOPMENT_ONLY,fc8f9dd501b822870522005a5d627eb09ad732cbe8b693ba0d81a7e4e228d772,"{'x_min_m': -1.0, 'x_max_m': 2.0, 'y_min_m': -0.8, 'y_max_m': 0.8, 'top_z_m': 0.0}",58b3071a02305e9ea39c75751a7a9c67c32afb648478888eb597c404f529b717,0f0d9f64a2eac38aedab31e92b436c01396521f8402701c5fdb2b46eaf17b3dd,ff70203f965dae85e5f18c9b47ec08dbd091faaeb292d6d09e9be5cc79ece5de,2dee8a77f195705bee7a231aaf858fad80e20a68a76c91445fcbc4dfb3ec8014,3000,0.001,3.000000000000169,3.3393426912553537e-16,"[3000, 20]",True,44,1664,747,0.796551983173077,0,44,34,,,False,,0,5d3aa35224d8ae0c2738bf57ad91c15103963acfa5ee5ac622fb83c2d8ff2687,False,False,False,True,a7ecd6fa3e44f49b07f3b0a0729d091f2156bc8493b171549748776c9fde5583,False,False
control_0p15_left_mid_late_stance_v2_M1,v7_pair_026,26,control,moderate_v2_reacquisition,,0.15,left,mid_late_stance,moderate_v2,near_slip_non_event,near_slip_non_event,2,0.83,0.08,0.004,202608926,3.0,DEVELOPMENT_ONLY,fc8f9dd501b822870522005a5d627eb09ad732cbe8b693ba0d81a7e4e228d772,"{'x_min_m': -1.0, 'x_max_m': 2.0, 'y_min_m': -0.8, 'y_max_m': 0.8, 'top_z_m': 0.0}",58b3071a02305e9ea39c75751a7a9c67c32afb648478888eb597c404f529b717,0f0d9f64a2eac38aedab31e92b436c01396521f8402701c5fdb2b46eaf17b3dd,ff70203f965dae85e5f18c9b47ec08dbd091faaeb292d6d09e9be5cc79ece5de,2dee8a77f195705bee7a231aaf858fad80e20a68a76c91445fcbc4dfb3ec8014,3000,0.001,3.000000000000169,3.3393426912553537e-16,"[3000, 20]",True,44,1652,1392,0.7269370460048427,0,44,34,,,False,,0,87d01284fa68d85da503995fa409afce515407b370543f773617b485820f32b2,False,False,False,True,a7ecd6fa3e44f49b07f3b0a0729d091f2156bc8493b171549748776c9fde5583,False,False
positive_0p15_right_early_loading_v0_M1,v7_pair_027,27,positive,moderate_v2_reacquisition,,0.15,right,early_loading,moderate_v2,moderate_v2_M1,hard_normal,0,0.07,0.0,-0.004,202608927,3.0,DEVELOPMENT_ONLY,9e6da662fd02bd0104876c968a5d7a1ab8ac9cb6f89b7bac773ae78bde7ac343,"{'x_min_m': -1.0, 'x_max_m': 2.0, 'y_min_m': -0.8, 'y_max_m': 0.8, 'top_z_m': 0.0}",58b3071a02305e9ea39c75751a7a9c67c32afb648478888eb597c404f529b717,09d207e0e05352068e9eb416505dd41503900606cafce11530d5491d60d7cbb2,132483e11f61082321cdb5b39dc2b358521a3eba791fdf72de04b9ca44121906,9ee48bea5827e4627fac28df305aa69160d5abcef13312f5aef6335c91abc06e,3000,0.001,3.000000000000169,3.3393426912553537e-16,"[3000, 20]",True,43,847,6000,0.08750000000000001,0,37,43,1606,1.6069999999998785,True,fallen_base_height,1394,5d1cf3b49e1e05783355d8531723fe04d3c32540972bb9b61e04754b62f97a5d,False,False,False,True,a7ecd6fa3e44f49b07f3b0a0729d091f2156bc8493b171549748776c9fde5583,False,False
control_0p15_right_early_loading_v0_M1,v7_pair_027,27,control,moderate_v2_reacquisition,,0.15,right,early_loading,moderate_v2,hard_normal,hard_normal,0,0.07,0.0,-0.004,202608927,3.0,DEVELOPMENT_ONLY,9e6da662fd02bd0104876c968a5d7a1ab8ac9cb6f89b7bac773ae78bde7ac343,"{'x_min_m': -1.0, 'x_max_m': 2.0, 'y_min_m': -0.8, 'y_max_m': 0.8, 'top_z_m': 0.0}",58b3071a02305e9ea39c75751a7a9c67c32afb648478888eb597c404f529b717,09d207e0e05352068e9eb416505dd41503900606cafce11530d5491d60d7cbb2,132483e11f61082321cdb5b39dc2b358521a3eba791fdf72de04b9ca44121906,9ee48bea5827e4627fac28df305aa69160d5abcef13312f5aef6335c91abc06e,3000,0.001,3.000000000000169,3.3393426912553537e-16,"[3000, 20]",True,43,1821,0,1.0,0,37,43,,,False,,0,63b79b6bfea6f3f8b436d69ae581ac699360da1783980ed17cd1d8409d869b35,False,False,False,True,a7ecd6fa3e44f49b07f3b0a0729d091f2156bc8493b171549748776c9fde5583,False,False
positive_0p15_right_early_loading_v1_M1,v7_pair_028,28,positive,moderate_v2_reacquisition,,0.15,right,early_loading,moderate_v2,moderate_v2_M1,near_slip_non_event,1,0.41,0.04,0.0,202608928,3.0,DEVELOPMENT_ONLY,ac0452de72306734f063afbb2edc1d26e4e8258cdc3de53852a3b97724cde79e,"{'x_min_m': -1.0, 'x_max_m': 2.0, 'y_min_m': -0.8, 'y_max_m': 0.8, 'top_z_m': 0.0}",58b3071a02305e9ea39c75751a7a9c67c32afb648478888eb597c404f529b717,8320c4f8969d30e51ee401205dd8404aa09c140244c2e241890b20da5034933b,034cc6e59a10fc746aa3c6f29e32854691b47fe5f208e5cccfda3953b2891bf3,9145d4546123182ed68a19d519066e07547c7a9c385db1f5ec2a30986e59f0f8,3000,0.001,3.000000000000169,3.3393426912553537e-16,"[3000, 20]",True,37,1316,6000,0.08750000000000001,0,39,37,2032,2.0329999999998463,True,fallen_base_height,968,2a99daabe71876be49ab4c0e206c5f6d429d89023b9721abc1db22ba9abb6257,False,False,False,True,a7ecd6fa3e44f49b07f3b0a0729d091f2156bc8493b171549748776c9fde5583,False,False
control_0p15_right_early_loading_v1_M1,v7_pair_028,28,control,moderate_v2_reacquisition,,0.15,right,early_loading,moderate_v2,near_slip_non_event,near_slip_non_event,1,0.41,0.04,0.0,202608928,3.0,DEVELOPMENT_ONLY,ac0452de72306734f063afbb2edc1d26e4e8258cdc3de53852a3b97724cde79e,"{'x_min_m': -1.0, 'x_max_m': 2.0, 'y_min_m': -0.8, 'y_max_m': 0.8, 'top_z_m': 0.0}",58b3071a02305e9ea39c75751a7a9c67c32afb648478888eb597c404f529b717,8320c4f8969d30e51ee401205dd8404aa09c140244c2e241890b20da5034933b,034cc6e59a10fc746aa3c6f29e32854691b47fe5f208e5cccfda3953b2891bf3,9145d4546123182ed68a19d519066e07547c7a9c385db1f5ec2a30986e59f0f8,3000,0.001,3.000000000000169,3.3393426912553537e-16,"[3000, 20]",True,37,1643,6000,0.35,0,39,37,,,False,,0,55407ccedc5286f6af07769d583c402d5548a1fc8221704c395999425152d62b,False,False,False,True,a7ecd6fa3e44f49b07f3b0a0729d091f2156bc8493b171549748776c9fde5583,False,False
positive_0p15_right_early_loading_v2_M1,v7_pair_029,29,positive,moderate_v2_reacquisition,,0.15,right,early_loading,moderate_v2,moderate_v2_M1,hard_normal,2,0.83,0.08,0.004,202608929,3.0,DEVELOPMENT_ONLY,d3f0b8e553dadbc4f1e59291f44ad2302de31f4efaf072bfb6b182893f51540b,"{'x_min_m': -1.0, 'x_max_m': 2.0, 'y_min_m': -0.8, 'y_max_m': 0.8, 'top_z_m': 0.0}",58b3071a02305e9ea39c75751a7a9c67c32afb648478888eb597c404f529b717,153b52b36d309417481778477f2691b131382fca0de946963144a6d7ac826cd3,1ec3f9819688df6abfda3e716d64e9bc3903c8dd0af7e231b0019f64ea6d4ad8,2dee8a77f195705bee7a231aaf858fad80e20a68a76c91445fcbc4dfb3ec8014,3000,0.001,3.000000000000169,3.3393426912553537e-16,"[3000, 20]",True,34,860,6000,0.0875,0,44,34,1743,1.7439999999998634,True,fallen_base_height,1257,aa5069435f5b8d8a144edf842dee9a8db3d4a04e0faae11949ebbe930c3684f6,False,False,False,True,a7ecd6fa3e44f49b07f3b0a0729d091f2156bc8493b171549748776c9fde5583,False,False
control_0p15_right_early_loading_v2_M1,v7_pair_029,29,control,moderate_v2_reacquisition,,0.15,right,early_loading,moderate_v2,hard_normal,hard_normal,2,0.83,0.08,0.004,202608929,3.0,DEVELOPMENT_ONLY,d3f0b8e553dadbc4f1e59291f44ad2302de31f4efaf072bfb6b182893f51540b,"{'x_min_m': -1.0, 'x_max_m': 2.0, 'y_min_m': -0.8, 'y_max_m': 0.8, 'top_z_m': 0.0}",58b3071a02305e9ea39c75751a7a9c67c32afb648478888eb597c404f529b717,153b52b36d309417481778477f2691b131382fca0de946963144a6d7ac826cd3,1ec3f9819688df6abfda3e716d64e9bc3903c8dd0af7e231b0019f64ea6d4ad8,2dee8a77f195705bee7a231aaf858fad80e20a68a76c91445fcbc4dfb3ec8014,3000,0.001,3.000000000000169,3.3393426912553537e-16,"[3000, 20]",True,34,1746,0,1.0,0,44,34,,,False,,0,21176f6871b458d39542328bc25b15bcb1669866e279d58583d61cb6f4015bd4,False,False,False,True,a7ecd6fa3e44f49b07f3b0a0729d091f2156bc8493b171549748776c9fde5583,False,False
positive_0p15_right_mid_loading_early_stance_v0_M1,v7_pair_030,30,positive,moderate_v2_reacquisition,,0.15,right,mid_loading_early_stance,moderate_v2,moderate_v2_M1,near_slip_non_event,0,0.07,0.0,-0.004,202608930,3.0,DEVELOPMENT_ONLY,95827ebe30d5e08c2ccf172c12c8ba2577eb9b0b2300f52adaaea1375038918f,"{'x_min_m': -1.0, 'x_max_m': 2.0, 'y_min_m': -0.8, 'y_max_m': 0.8, 'top_z_m': 0.0}",58b3071a02305e9ea39c75751a7a9c67c32afb648478888eb597c404f529b717,89c95876e751de5577b13ff7f649f3ca2872d39b3dad03236345f9a435bc9aff,2b03cbb83097de5573b4464f7624f248a4467c3d42fc7f9246084c3928c549f9,9ee48bea5827e4627fac28df305aa69160d5abcef13312f5aef6335c91abc06e,3000,0.001,3.000000000000169,3.3393426912553537e-16,"[3000, 20]",True,43,1695,1423,0.6199262536873157,0,37,43,,,False,,0,4c0a224eb162963409a8405bc5fab43f6c9b0f033842bad0f1b061c16e868afe,False,False,False,True,a7ecd6fa3e44f49b07f3b0a0729d091f2156bc8493b171549748776c9fde5583,False,False
control_0p15_right_mid_loading_early_stance_v0_M1,v7_pair_030,30,control,moderate_v2_reacquisition,,0.15,right,mid_loading_early_stance,moderate_v2,near_slip_non_event,near_slip_non_event,0,0.07,0.0,-0.004,202608930,3.0,DEVELOPMENT_ONLY,95827ebe30d5e08c2ccf172c12c8ba2577eb9b0b2300f52adaaea1375038918f,"{'x_min_m': -1.0, 'x_max_m': 2.0, 'y_min_m': -0.8, 'y_max_m': 0.8, 'top_z_m': 0.0}",58b3071a02305e9ea39c75751a7a9c67c32afb648478888eb597c404f529b717,89c95876e751de5577b13ff7f649f3ca2872d39b3dad03236345f9a435bc9aff,2b03cbb83097de5573b4464f7624f248a4467c3d42fc7f9246084c3928c549f9,9ee48bea5827e4627fac28df305aa69160d5abcef13312f5aef6335c91abc06e,3000,0.001,3.000000000000169,3.3393426912553537e-16,"[3000, 20]",True,43,1819,2772,0.5054425508521164,0,37,43,,,False,,0,849b9d5791be7462bc177bbf4285a6cc120de248bdb59936ca67728e372c916e,False,False,False,True,a7ecd6fa3e44f49b07f3b0a0729d091f2156bc8493b171549748776c9fde5583,False,False
positive_0p15_right_mid_loading_early_stance_v1_M1,v7_pair_031,31,positive,moderate_v2_reacquisition,,0.15,right,mid_loading_early_stance,moderate_v2,moderate_v2_M1,hard_normal,1,0.41,0.04,0.0,202608931,3.0,DEVELOPMENT_ONLY,1a01004795f370c43b47f223249efa3422bbc3b2ad06ae9b648276e2314c2be3,"{'x_min_m': -1.0, 'x_max_m': 2.0, 'y_min_m': -0.8, 'y_max_m': 0.8, 'top_z_m': 0.0}",58b3071a02305e9ea39c75751a7a9c67c32afb648478888eb597c404f529b717,9c9a21343b14ea01af6915720baf5c48755f9d22671a19d8d19a43794ea05eb5,753a26528c4118ef5cfbaaed0fb7b3c16145c64f9e558a621736525a5dd32a49,9145d4546123182ed68a19d519066e07547c7a9c385db1f5ec2a30986e59f0f8,3000,0.001,3.000000000000169,3.3393426912553537e-16,"[3000, 20]",True,37,1545,1394,0.5895226537216829,0,39,37,,,False,,0,25922a44426e1d07a9ac2a7480ca76d502f58de4a839ffa6e3506ed03d297605,False,False,False,True,a7ecd6fa3e44f49b07f3b0a0729d091f2156bc8493b171549748776c9fde5583,False,False
control_0p15_right_mid_loading_early_stance_v1_M1,v7_pair_031,31,control,moderate_v2_reacquisition,,0.15,right,mid_loading_early_stance,moderate_v2,hard_normal,hard_normal,1,0.41,0.04,0.0,202608931,3.0,DEVELOPMENT_ONLY,1a01004795f370c43b47f223249efa3422bbc3b2ad06ae9b648276e2314c2be3,"{'x_min_m': -1.0, 'x_max_m': 2.0, 'y_min_m': -0.8, 'y_max_m': 0.8, 'top_z_m': 0.0}",58b3071a02305e9ea39c75751a7a9c67c32afb648478888eb597c404f529b717,9c9a21343b14ea01af6915720baf5c48755f9d22671a19d8d19a43794ea05eb5,753a26528c4118ef5cfbaaed0fb7b3c16145c64f9e558a621736525a5dd32a49,9145d4546123182ed68a19d519066e07547c7a9c385db1f5ec2a30986e59f0f8,3000,0.001,3.000000000000169,3.3393426912553537e-16,"[3000, 20]",True,37,1653,0,1.0,0,39,37,,,False,,0,ad6f222eac2b35d0612667e37ddb69b8ee99df83cbe690d24f4fe5123cb6910b,False,False,False,True,a7ecd6fa3e44f49b07f3b0a0729d091f2156bc8493b171549748776c9fde5583,False,False
positive_0p15_right_mid_loading_early_stance_v2_M1,v7_pair_032,32,positive,moderate_v2_reacquisition,,0.15,right,mid_loading_early_stance,moderate_v2,moderate_v2_M1,near_slip_non_event,2,0.83,0.08,0.004,202608932,3.0,DEVELOPMENT_ONLY,44475657ba1a742fc56e2782df920072bfddcdc1b8f41061c8deed8f321d84e9,"{'x_min_m': -1.0, 'x_max_m': 2.0, 'y_min_m': -0.8, 'y_max_m': 0.8, 'top_z_m': 0.0}",58b3071a02305e9ea39c75751a7a9c67c32afb648478888eb597c404f529b717,6f0a75c07210e971665b1a7a6397398dc80a2c02105125428d203c86500eae86,c43e4105aaff069cb2327865ffa8a006ea5fc641a302722cb615bce2e4ad4fb0,2dee8a77f195705bee7a231aaf858fad80e20a68a76c91445fcbc4dfb3ec8014,3000,0.001,3.000000000000169,3.3393426912553537e-16,"[3000, 20]",True,34,1621,1310,0.6363510178901913,0,44,34,,,False,,0,792c3d84a78e8bcd031bbd6c3ad88a9b79f0f300da85ce4c2f842bb3174898e6,False,False,False,True,a7ecd6fa3e44f49b07f3b0a0729d091f2156bc8493b171549748776c9fde5583,False,False
control_0p15_right_mid_loading_early_stance_v2_M1,v7_pair_032,32,control,moderate_v2_reacquisition,,0.15,right,mid_loading_early_stance,moderate_v2,near_slip_non_event,near_slip_non_event,2,0.83,0.08,0.004,202608932,3.0,DEVELOPMENT_ONLY,44475657ba1a742fc56e2782df920072bfddcdc1b8f41061c8deed8f321d84e9,"{'x_min_m': -1.0, 'x_max_m': 2.0, 'y_min_m': -0.8, 'y_max_m': 0.8, 'top_z_m': 0.0}",58b3071a02305e9ea39c75751a7a9c67c32afb648478888eb597c404f529b717,6f0a75c07210e971665b1a7a6397398dc80a2c02105125428d203c86500eae86,c43e4105aaff069cb2327865ffa8a006ea5fc641a302722cb615bce2e4ad4fb0,2dee8a77f195705bee7a231aaf858fad80e20a68a76c91445fcbc4dfb3ec8014,3000,0.001,3.000000000000169,3.3393426912553537e-16,"[3000, 20]",True,34,1730,2557,0.5202023121387283,0,44,34,,,False,,0,e3e44546ae450e3208d0263589824dfcd6bddce98eccd9b179c09092ae362fc0,False,False,False,True,a7ecd6fa3e44f49b07f3b0a0729d091f2156bc8493b171549748776c9fde5583,False,False
positive_0p15_right_mid_late_stance_v0_M1,v7_pair_033,33,positive,moderate_v2_reacquisition,,0.15,right,mid_late_stance,moderate_v2,moderate_v2_M1,hard_normal,0,0.07,0.0,-0.004,202608933,3.0,DEVELOPMENT_ONLY,d8e2b85c3188c6a3de487b3ce171217cd05ae68d684a033dc43b16824a7886e1,"{'x_min_m': -1.0, 'x_max_m': 2.0, 'y_min_m': -0.8, 'y_max_m': 0.8, 'top_z_m': 0.0}",58b3071a02305e9ea39c75751a7a9c67c32afb648478888eb597c404f529b717,ab07208c40072e4748e94a476962f61e7e04d5857deb6ff808cb52a73dc82050,319c7281dee3936bad302a4f886d489886c50893b18fe0d995d71b922c5a7ea1,9ee48bea5827e4627fac28df305aa69160d5abcef13312f5aef6335c91abc06e,3000,0.001,3.000000000000169,3.3393426912553537e-16,"[3000, 20]",True,43,1726,928,0.755750289687138,0,37,43,,,False,,0,167991ca40792020013e319c12254b37edfb2dc98a6d176140e77dfed83545e1,False,False,False,True,a7ecd6fa3e44f49b07f3b0a0729d091f2156bc8493b171549748776c9fde5583,False,False
control_0p15_right_mid_late_stance_v0_M1,v7_pair_033,33,control,moderate_v2_reacquisition,,0.15,right,mid_late_stance,moderate_v2,hard_normal,hard_normal,0,0.07,0.0,-0.004,202608933,3.0,DEVELOPMENT_ONLY,d8e2b85c3188c6a3de487b3ce171217cd05ae68d684a033dc43b16824a7886e1,"{'x_min_m': -1.0, 'x_max_m': 2.0, 'y_min_m': -0.8, 'y_max_m': 0.8, 'top_z_m': 0.0}",58b3071a02305e9ea39c75751a7a9c67c32afb648478888eb597c404f529b717,ab07208c40072e4748e94a476962f61e7e04d5857deb6ff808cb52a73dc82050,319c7281dee3936bad302a4f886d489886c50893b18fe0d995d71b922c5a7ea1,9ee48bea5827e4627fac28df305aa69160d5abcef13312f5aef6335c91abc06e,3000,0.001,3.000000000000169,3.3393426912553537e-16,"[3000, 20]",True,43,1821,0,1.0,0,37,43,,,False,,0,76a9b799b202d9f8b898e21cf47bb0a0fb2087d86de1aff6c2f3c1b2a358d008,False,False,False,True,a7ecd6fa3e44f49b07f3b0a0729d091f2156bc8493b171549748776c9fde5583,False,False
positive_0p15_right_mid_late_stance_v1_M1,v7_pair_034,34,positive,moderate_v2_reacquisition,,0.15,right,mid_late_stance,moderate_v2,moderate_v2_M1,near_slip_non_event,1,0.41,0.04,0.0,202608934,3.0,DEVELOPMENT_ONLY,a952d860e7b3f5521476cfbca1da81d552b9d7b719a5568bdac7506da2271efe,"{'x_min_m': -1.0, 'x_max_m': 2.0, 'y_min_m': -0.8, 'y_max_m': 0.8, 'top_z_m': 0.0}",58b3071a02305e9ea39c75751a7a9c67c32afb648478888eb597c404f529b717,f290bf52e5c5b9d1221621c4607e91a92dd170723d6f3201932232166672f204,69658ff8b05aa20c29413a2419258fff8a2e0eac1da4bc7d3a43725093e80a25,9145d4546123182ed68a19d519066e07547c7a9c385db1f5ec2a30986e59f0f8,3000,0.001,3.000000000000169,3.3393426912553537e-16,"[3000, 20]",True,37,1613,724,0.796342219466832,0,39,37,,,False,,0,b68675d9e71bbab73de554d02c1e42d6e77a99c8a763cd6eb97bad9493a64449,False,False,False,True,a7ecd6fa3e44f49b07f3b0a0729d091f2156bc8493b171549748776c9fde5583,False,False
control_0p15_right_mid_late_stance_v1_M1,v7_pair_034,34,control,moderate_v2_reacquisition,,0.15,right,mid_late_stance,moderate_v2,near_slip_non_event,near_slip_non_event,1,0.41,0.04,0.0,202608934,3.0,DEVELOPMENT_ONLY,a952d860e7b3f5521476cfbca1da81d552b9d7b719a5568bdac7506da2271efe,"{'x_min_m': -1.0, 'x_max_m': 2.0, 'y_min_m': -0.8, 'y_max_m': 0.8, 'top_z_m': 0.0}",58b3071a02305e9ea39c75751a7a9c67c32afb648478888eb597c404f529b717,f290bf52e5c5b9d1221621c4607e91a92dd170723d6f3201932232166672f204,69658ff8b05aa20c29413a2419258fff8a2e0eac1da4bc7d3a43725093e80a25,9145d4546123182ed68a19d519066e07547c7a9c385db1f5ec2a30986e59f0f8,3000,0.001,3.000000000000169,3.3393426912553537e-16,"[3000, 20]",True,37,1643,1359,0.732166768107121,0,39,37,,,False,,0,04a6499574cf682f56f2b088f7e1130caeb6b925d6e58d4e1ea71f16cc3f79dd,False,False,False,True,a7ecd6fa3e44f49b07f3b0a0729d091f2156bc8493b171549748776c9fde5583,False,False
positive_0p15_right_mid_late_stance_v2_M1,v7_pair_035,35,positive,moderate_v2_reacquisition,,0.15,right,mid_late_stance,moderate_v2,moderate_v2_M1,hard_normal,2,0.83,0.08,0.004,202608935,3.0,DEVELOPMENT_ONLY,89a577f2289c79c7d229387638f5ec7156c9996476742c755b00d55c22d1a5ff,"{'x_min_m': -1.0, 'x_max_m': 2.0, 'y_min_m': -0.8, 'y_max_m': 0.8, 'top_z_m': 0.0}",58b3071a02305e9ea39c75751a7a9c67c32afb648478888eb597c404f529b717,8cfa88d5ff845f3fd9545d92b62fced33c612e0cefb97cba483b695af7d1536e,f203592f78a139b11695c5792bdd92af848d84ae1f32981587c326b4f364de9b,2dee8a77f195705bee7a231aaf858fad80e20a68a76c91445fcbc4dfb3ec8014,3000,0.001,3.000000000000169,3.3393426912553537e-16,"[3000, 20]",True,34,1711,745,0.8016072472238458,0,44,34,,,False,,0,107d6434668a66f275834a82eb65c8b83d723e566fc89cc459ea2373111a1f37,False,False,False,True,a7ecd6fa3e44f49b07f3b0a0729d091f2156bc8493b171549748776c9fde5583,False,False
control_0p15_right_mid_late_stance_v2_M1,v7_pair_035,35,control,moderate_v2_reacquisition,,0.15,right,mid_late_stance,moderate_v2,hard_normal,hard_normal,2,0.83,0.08,0.004,202608935,3.0,DEVELOPMENT_ONLY,89a577f2289c79c7d229387638f5ec7156c9996476742c755b00d55c22d1a5ff,"{'x_min_m': -1.0, 'x_max_m': 2.0, 'y_min_m': -0.8, 'y_max_m': 0.8, 'top_z_m': 0.0}",58b3071a02305e9ea39c75751a7a9c67c32afb648478888eb597c404f529b717,8cfa88d5ff845f3fd9545d92b62fced33c612e0cefb97cba483b695af7d1536e,f203592f78a139b11695c5792bdd92af848d84ae1f32981587c326b4f364de9b,2dee8a77f195705bee7a231aaf858fad80e20a68a76c91445fcbc4dfb3ec8014,3000,0.001,3.000000000000169,3.3393426912553537e-16,"[3000, 20]",True,34,1747,0,1.0,0,44,34,,,False,,0,74c8b283b949cb1257e0b7326ae73472dd9efb20dcdfdc6b38d8413eaa40dba8,False,False,False,True,a7ecd6fa3e44f49b07f3b0a0729d091f2156bc8493b171549748776c9fde5583,False,False
positive_0p20_left_early_loading_v0_M1,v7_pair_036,36,positive,moderate_v2_reacquisition,,0.2,left,early_loading,moderate_v2,moderate_v2_M1,hard_normal,0,0.07,0.0,-0.004,202608936,3.0,DEVELOPMENT_ONLY,14b6a0e34a63a263a0d4dba803f6aebc950f45cfa988acdb25e7163a3a518743,"{'x_min_m': -1.0, 'x_max_m': 2.0, 'y_min_m': -0.8, 'y_max_m': 0.8, 'top_z_m': 0.0}",58b3071a02305e9ea39c75751a7a9c67c32afb648478888eb597c404f529b717,3322b074b6b4d6397a2951514f5af88d950a2125992b9e80a0196ccb0438de61,eff584853c99f37220c1a413d56c9d611f66a401c74c7680b9b73e20d422a61d,ebb300597662a5c3036a0d673839ac148c210d3cb55fc953ad56457e4383477a,3000,0.001,3.000000000000169,3.3393426912553537e-16,"[3000, 20]",True,36,1197,6000,0.08750000000000001,0,36,42,2178,2.178999999999895,True,fallen_base_height,822,113f794e1f6a31f2924bf484614757fae77f2fbc04f4b33aaba8f19b74b6e93f,False,False,False,True,a7ecd6fa3e44f49b07f3b0a0729d091f2156bc8493b171549748776c9fde5583,False,False
control_0p20_left_early_loading_v0_M1,v7_pair_036,36,control,moderate_v2_reacquisition,,0.2,left,early_loading,moderate_v2,hard_normal,hard_normal,0,0.07,0.0,-0.004,202608936,3.0,DEVELOPMENT_ONLY,14b6a0e34a63a263a0d4dba803f6aebc950f45cfa988acdb25e7163a3a518743,"{'x_min_m': -1.0, 'x_max_m': 2.0, 'y_min_m': -0.8, 'y_max_m': 0.8, 'top_z_m': 0.0}",58b3071a02305e9ea39c75751a7a9c67c32afb648478888eb597c404f529b717,3322b074b6b4d6397a2951514f5af88d950a2125992b9e80a0196ccb0438de61,eff584853c99f37220c1a413d56c9d611f66a401c74c7680b9b73e20d422a61d,ebb300597662a5c3036a0d673839ac148c210d3cb55fc953ad56457e4383477a,3000,0.001,3.000000000000169,3.3393426912553537e-16,"[3000, 20]",True,36,1560,0,1.0,0,36,42,,,False,,0,ec97bbe2d014c7e2543ab2946b514b2845d622ccee0a595fe0f742725528de27,False,False,False,True,a7ecd6fa3e44f49b07f3b0a0729d091f2156bc8493b171549748776c9fde5583,False,False
positive_0p20_left_early_loading_v1_M1,v7_pair_037,37,positive,moderate_v2_reacquisition,,0.2,left,early_loading,moderate_v2,moderate_v2_M1,near_slip_non_event,1,0.41,0.04,0.0,202608937,3.0,DEVELOPMENT_ONLY,6217e0f0924c5f4c0ecfb2a6ae749f4ed5ea41218e36fee9c36cab782f828106,"{'x_min_m': -1.0, 'x_max_m': 2.0, 'y_min_m': -0.8, 'y_max_m': 0.8, 'top_z_m': 0.0}",58b3071a02305e9ea39c75751a7a9c67c32afb648478888eb597c404f529b717,5b64f321b23cc08cec20cf9ad7dc4d6fa846124610398611dde91178a22bd91b,27d85bb8d3ff4e223c19caa23f09c90a9a27f4afb418a53d325b4a92e3825b86,9145d4546123182ed68a19d519066e07547c7a9c385db1f5ec2a30986e59f0f8,3000,0.001,3.000000000000169,3.3393426912553537e-16,"[3000, 20]",True,39,1180,6000,0.08750000000000001,0,39,37,1982,1.9829999999998371,True,fallen_base_height,1018,8330ebf647c09c0efa6d45050be9e34cdf494ad311c65d84a5717bdf9a2cb078,False,False,False,True,a7ecd6fa3e44f49b07f3b0a0729d091f2156bc8493b171549748776c9fde5583,False,False
control_0p20_left_early_loading_v1_M1,v7_pair_037,37,control,moderate_v2_reacquisition,,0.2,left,early_loading,moderate_v2,near_slip_non_event,near_slip_non_event,1,0.41,0.04,0.0,202608937,3.0,DEVELOPMENT_ONLY,6217e0f0924c5f4c0ecfb2a6ae749f4ed5ea41218e36fee9c36cab782f828106,"{'x_min_m': -1.0, 'x_max_m': 2.0, 'y_min_m': -0.8, 'y_max_m': 0.8, 'top_z_m': 0.0}",58b3071a02305e9ea39c75751a7a9c67c32afb648478888eb597c404f529b717,5b64f321b23cc08cec20cf9ad7dc4d6fa846124610398611dde91178a22bd91b,27d85bb8d3ff4e223c19caa23f09c90a9a27f4afb418a53d325b4a92e3825b86,9145d4546123182ed68a19d519066e07547c7a9c385db1f5ec2a30986e59f0f8,3000,0.001,3.000000000000169,3.3393426912553537e-16,"[3000, 20]",True,39,1652,6000,0.35000000000000003,0,39,37,,,False,,0,e4395c95466f872bfed8fe730228f28fde562b1df6ccce3ed94991de134f461f,False,False,False,True,a7ecd6fa3e44f49b07f3b0a0729d091f2156bc8493b171549748776c9fde5583,False,False
positive_0p20_left_early_loading_v2_M1,v7_pair_038,38,positive,moderate_v2_reacquisition,,0.2,left,early_loading,moderate_v2,moderate_v2_M1,hard_normal,2,0.83,0.08,0.004,202608938,3.0,DEVELOPMENT_ONLY,eefe8f809620148d342689da2039939ae7c3d0fa4c68896c80e847365545d709,"{'x_min_m': -1.0, 'x_max_m': 2.0, 'y_min_m': -0.8, 'y_max_m': 0.8, 'top_z_m': 0.0}",58b3071a02305e9ea39c75751a7a9c67c32afb648478888eb597c404f529b717,1754a930280d4b99c1cad356ce4698f0c78247ef56b041ba4b0fd9ca2774029b,17432a447c185aaff8bcc3eb2c5569501d17b16865294c92ecad98e680456d26,2dee8a77f195705bee7a231aaf858fad80e20a68a76c91445fcbc4dfb3ec8014,3000,0.001,3.000000000000169,3.3393426912553537e-16,"[3000, 20]",True,44,1556,6000,0.08750000000000001,0,44,34,2271,2.271999999999926,True,fallen_base_height,729,b6740942d54ab3e238f3a68c5dfd0509d27f79f3f3aee3de31b1e73e8b302744,False,False,False,True,a7ecd6fa3e44f49b07f3b0a0729d091f2156bc8493b171549748776c9fde5583,False,False
control_0p20_left_early_loading_v2_M1,v7_pair_038,38,control,moderate_v2_reacquisition,,0.2,left,early_loading,moderate_v2,hard_normal,hard_normal,2,0.83,0.08,0.004,202608938,3.0,DEVELOPMENT_ONLY,eefe8f809620148d342689da2039939ae7c3d0fa4c68896c80e847365545d709,"{'x_min_m': -1.0, 'x_max_m': 2.0, 'y_min_m': -0.8, 'y_max_m': 0.8, 'top_z_m': 0.0}",58b3071a02305e9ea39c75751a7a9c67c32afb648478888eb597c404f529b717,1754a930280d4b99c1cad356ce4698f0c78247ef56b041ba4b0fd9ca2774029b,17432a447c185aaff8bcc3eb2c5569501d17b16865294c92ecad98e680456d26,2dee8a77f195705bee7a231aaf858fad80e20a68a76c91445fcbc4dfb3ec8014,3000,0.001,3.000000000000169,3.3393426912553537e-16,"[3000, 20]",True,44,1658,0,1.0,0,44,34,,,False,,0,f449643e40b1fcf41f13d487de6ff31edc0904d52a4d74221db6ea42511cf1b7,False,False,False,True,a7ecd6fa3e44f49b07f3b0a0729d091f2156bc8493b171549748776c9fde5583,False,False
positive_0p20_left_mid_loading_early_stance_v0_M1,v7_pair_039,39,positive,moderate_v2_reacquisition,,0.2,left,mid_loading_early_stance,moderate_v2,moderate_v2_M1,near_slip_non_event,0,0.07,0.0,-0.004,202608939,3.0,DEVELOPMENT_ONLY,469a3d9ba1014d0952dbef5ed1708b73b601d60df3edc08cd2aacd824febeab6,"{'x_min_m': -1.0, 'x_max_m': 2.0, 'y_min_m': -0.8, 'y_max_m': 0.8, 'top_z_m': 0.0}",58b3071a02305e9ea39c75751a7a9c67c32afb648478888eb597c404f529b717,e87d7c598bea184d36165a47d9c8d311f52c952f86182069673a827ad7ee28b8,75e55ad6b8536d5cd05eebb81f0a72065955563cd9710023315b2c30e1e7386b,ebb300597662a5c3036a0d673839ac148c210d3cb55fc953ad56457e4383477a,3000,0.001,3.000000000000169,3.3393426912553537e-16,"[3000, 20]",True,36,1579,1270,0.635346738442052,0,36,42,,,False,,0,5f0bf3aa752d086b7fdf1bf6def78f73e41e168b0de985f25e9e00e0b27c516e,False,False,False,True,a7ecd6fa3e44f49b07f3b0a0729d091f2156bc8493b171549748776c9fde5583,False,False
control_0p20_left_mid_loading_early_stance_v0_M1,v7_pair_039,39,control,moderate_v2_reacquisition,,0.2,left,mid_loading_early_stance,moderate_v2,near_slip_non_event,near_slip_non_event,0,0.07,0.0,-0.004,202608939,3.0,DEVELOPMENT_ONLY,469a3d9ba1014d0952dbef5ed1708b73b601d60df3edc08cd2aacd824febeab6,"{'x_min_m': -1.0, 'x_max_m': 2.0, 'y_min_m': -0.8, 'y_max_m': 0.8, 'top_z_m': 0.0}",58b3071a02305e9ea39c75751a7a9c67c32afb648478888eb597c404f529b717,e87d7c598bea184d36165a47d9c8d311f52c952f86182069673a827ad7ee28b8,75e55ad6b8536d5cd05eebb81f0a72065955563cd9710023315b2c30e1e7386b,ebb300597662a5c3036a0d673839ac148c210d3cb55fc953ad56457e4383477a,3000,0.001,3.000000000000169,3.3393426912553537e-16,"[3000, 20]",True,36,1532,2286,0.5163185378590078,0,36,42,,,False,,0,efac1fcffc2928eb7010e19f012825205109e47c0575ae1288164976670ec361,False,False,False,True,a7ecd6fa3e44f49b07f3b0a0729d091f2156bc8493b171549748776c9fde5583,False,False
positive_0p20_left_mid_loading_early_stance_v1_M1,v7_pair_040,40,positive,moderate_v2_reacquisition,,0.2,left,mid_loading_early_stance,moderate_v2,moderate_v2_M1,hard_normal,1,0.41,0.04,0.0,202608940,3.0,DEVELOPMENT_ONLY,7eb8ef57a00764d2472362a0c9d54b356b08d7481692f97d01b9cd563a6e8507,"{'x_min_m': -1.0, 'x_max_m': 2.0, 'y_min_m': -0.8, 'y_max_m': 0.8, 'top_z_m': 0.0}",58b3071a02305e9ea39c75751a7a9c67c32afb648478888eb597c404f529b717,943c87bb6280f3ca8f7aaaa23ca9fb9d8ca8c1609e26863a65e0ea78e928e122,cd82463d646d9b17dfca134868319f202c79a4f4a336be6a23427541afe32ee0,9145d4546123182ed68a19d519066e07547c7a9c385db1f5ec2a30986e59f0f8,3000,0.001,3.000000000000169,3.3393426912553537e-16,"[3000, 20]",True,39,1662,1260,0.6590478339350181,0,39,37,,,False,,0,d7e6760574e471448621deadc54bb17c71f372fd9787972b26a2d96d735bb50a,False,False,False,True,a7ecd6fa3e44f49b07f3b0a0729d091f2156bc8493b171549748776c9fde5583,False,False
control_0p20_left_mid_loading_early_stance_v1_M1,v7_pair_040,40,control,moderate_v2_reacquisition,,0.2,left,mid_loading_early_stance,moderate_v2,hard_normal,hard_normal,1,0.41,0.04,0.0,202608940,3.0,DEVELOPMENT_ONLY,7eb8ef57a00764d2472362a0c9d54b356b08d7481692f97d01b9cd563a6e8507,"{'x_min_m': -1.0, 'x_max_m': 2.0, 'y_min_m': -0.8, 'y_max_m': 0.8, 'top_z_m': 0.0}",58b3071a02305e9ea39c75751a7a9c67c32afb648478888eb597c404f529b717,943c87bb6280f3ca8f7aaaa23ca9fb9d8ca8c1609e26863a65e0ea78e928e122,cd82463d646d9b17dfca134868319f202c79a4f4a336be6a23427541afe32ee0,9145d4546123182ed68a19d519066e07547c7a9c385db1f5ec2a30986e59f0f8,3000,0.001,3.000000000000169,3.3393426912553537e-16,"[3000, 20]",True,39,1666,0,1.0,0,39,37,,,False,,0,a606ab9437c33340fe4cae013597ed0a33e18d5c81072479cbc64d981b87715b,False,False,False,True,a7ecd6fa3e44f49b07f3b0a0729d091f2156bc8493b171549748776c9fde5583,False,False
positive_0p20_left_mid_loading_early_stance_v2_M1,v7_pair_041,41,positive,moderate_v2_reacquisition,,0.2,left,mid_loading_early_stance,moderate_v2,moderate_v2_M1,near_slip_non_event,2,0.83,0.08,0.004,202608941,3.0,DEVELOPMENT_ONLY,f54d0536eef49fe027c943ee06c5ef573be0a35954c7ea11be4ae7bafa196f9c,"{'x_min_m': -1.0, 'x_max_m': 2.0, 'y_min_m': -0.8, 'y_max_m': 0.8, 'top_z_m': 0.0}",58b3071a02305e9ea39c75751a7a9c67c32afb648478888eb597c404f529b717,a4f4fe3bd80e78c528ec3513cda3d25063a557a9d629c76159bb5026f844b6f8,e1afca63dba57658c7d42cf2f7b12908691d7d3d57f4258edf589066ef37dd42,2dee8a77f195705bee7a231aaf858fad80e20a68a76c91445fcbc4dfb3ec8014,3000,0.001,3.000000000000169,3.3393426912553537e-16,"[3000, 20]",True,44,1609,1436,0.5967759477936607,0,44,34,,,False,,0,c9952d53cdf40aadcae57986f93975e7edaf58c11d82c0c28c884b4889f9012a,False,False,False,True,a7ecd6fa3e44f49b07f3b0a0729d091f2156bc8493b171549748776c9fde5583,False,False
control_0p20_left_mid_loading_early_stance_v2_M1,v7_pair_041,41,control,moderate_v2_reacquisition,,0.2,left,mid_loading_early_stance,moderate_v2,near_slip_non_event,near_slip_non_event,2,0.83,0.08,0.004,202608941,3.0,DEVELOPMENT_ONLY,f54d0536eef49fe027c943ee06c5ef573be0a35954c7ea11be4ae7bafa196f9c,"{'x_min_m': -1.0, 'x_max_m': 2.0, 'y_min_m': -0.8, 'y_max_m': 0.8, 'top_z_m': 0.0}",58b3071a02305e9ea39c75751a7a9c67c32afb648478888eb597c404f529b717,a4f4fe3bd80e78c528ec3513cda3d25063a557a9d629c76159bb5026f844b6f8,e1afca63dba57658c7d42cf2f7b12908691d7d3d57f4258edf589066ef37dd42,2dee8a77f195705bee7a231aaf858fad80e20a68a76c91445fcbc4dfb3ec8014,3000,0.001,3.000000000000169,3.3393426912553537e-16,"[3000, 20]",True,44,1636,2565,0.49144254278728605,0,44,34,,,False,,0,ceb2346f4b9ba0cf434794c48d0ccddbec7edac77ba1df299545c148181d6880,False,False,False,True,a7ecd6fa3e44f49b07f3b0a0729d091f2156bc8493b171549748776c9fde5583,False,False
positive_0p20_left_mid_late_stance_v0_M1,v7_pair_042,42,positive,moderate_v2_reacquisition,,0.2,left,mid_late_stance,moderate_v2,moderate_v2_M1,hard_normal,0,0.07,0.0,-0.004,202608942,3.0,DEVELOPMENT_ONLY,dc485ceff09ff17f7895a471f9cbb7615a9d3769a4f85882354f1e1b7934d24b,"{'x_min_m': -1.0, 'x_max_m': 2.0, 'y_min_m': -0.8, 'y_max_m': 0.8, 'top_z_m': 0.0}",58b3071a02305e9ea39c75751a7a9c67c32afb648478888eb597c404f529b717,e8ba46efe98319bd71e385b56597e47fa12fa75dec64be97c3d0dc7837758955,fdc500ce1d86582b6003914b275fbad1a5c2228ff65ab00c08d339b749112b57,ebb300597662a5c3036a0d673839ac148c210d3cb55fc953ad56457e4383477a,3000,0.001,3.000000000000169,3.3393426912553537e-16,"[3000, 20]",True,36,1578,686,0.8028121039290241,0,36,42,,,False,,0,2ccadbb8627ffd2fb8ba9ead2d3dc98a82f6d2f9a6dcafbf3be5ab7a57d0b689,False,False,False,True,a7ecd6fa3e44f49b07f3b0a0729d091f2156bc8493b171549748776c9fde5583,False,False
control_0p20_left_mid_late_stance_v0_M1,v7_pair_042,42,control,moderate_v2_reacquisition,,0.2,left,mid_late_stance,moderate_v2,hard_normal,hard_normal,0,0.07,0.0,-0.004,202608942,3.0,DEVELOPMENT_ONLY,dc485ceff09ff17f7895a471f9cbb7615a9d3769a4f85882354f1e1b7934d24b,"{'x_min_m': -1.0, 'x_max_m': 2.0, 'y_min_m': -0.8, 'y_max_m': 0.8, 'top_z_m': 0.0}",58b3071a02305e9ea39c75751a7a9c67c32afb648478888eb597c404f529b717,e8ba46efe98319bd71e385b56597e47fa12fa75dec64be97c3d0dc7837758955,fdc500ce1d86582b6003914b275fbad1a5c2228ff65ab00c08d339b749112b57,ebb300597662a5c3036a0d673839ac148c210d3cb55fc953ad56457e4383477a,3000,0.001,3.000000000000169,3.3393426912553537e-16,"[3000, 20]",True,36,1560,0,1.0,0,36,42,,,False,,0,b80bf1bbc571b6cafaff6d7c7f6b5bbaa664919deb7a0ad7ad5e789acebb95f5,False,False,False,True,a7ecd6fa3e44f49b07f3b0a0729d091f2156bc8493b171549748776c9fde5583,False,False
positive_0p20_left_mid_late_stance_v1_M1,v7_pair_043,43,positive,moderate_v2_reacquisition,,0.2,left,mid_late_stance,moderate_v2,moderate_v2_M1,near_slip_non_event,1,0.41,0.04,0.0,202608943,3.0,DEVELOPMENT_ONLY,41c247761e26851ef69b1b43549081908cec37751ada767e62dde9fa08ddc87b,"{'x_min_m': -1.0, 'x_max_m': 2.0, 'y_min_m': -0.8, 'y_max_m': 0.8, 'top_z_m': 0.0}",58b3071a02305e9ea39c75751a7a9c67c32afb648478888eb597c404f529b717,650e5de41687e7339fcd8b98b828d4ea9676212686874f72633ff41de9ed36a1,fcd5eeecd8f56f7bebfcb9dd8eaf0bb4e19d3b32d9dc0cce7f35285d9bf63f87,9145d4546123182ed68a19d519066e07547c7a9c385db1f5ec2a30986e59f0f8,3000,0.001,3.000000000000169,3.3393426912553537e-16,"[3000, 20]",True,39,1680,697,0.8115252976190477,0,39,37,,,False,,0,f08f68f8ce046aae1eb8c9dbc5611bf1e6a8f7fb9932362a0a0675688cb84791,False,False,False,True,a7ecd6fa3e44f49b07f3b0a0729d091f2156bc8493b171549748776c9fde5583,False,False
control_0p20_left_mid_late_stance_v1_M1,v7_pair_043,43,control,moderate_v2_reacquisition,,0.2,left,mid_late_stance,moderate_v2,near_slip_non_event,near_slip_non_event,1,0.41,0.04,0.0,202608943,3.0,DEVELOPMENT_ONLY,41c247761e26851ef69b1b43549081908cec37751ada767e62dde9fa08ddc87b,"{'x_min_m': -1.0, 'x_max_m': 2.0, 'y_min_m': -0.8, 'y_max_m': 0.8, 'top_z_m': 0.0}",58b3071a02305e9ea39c75751a7a9c67c32afb648478888eb597c404f529b717,650e5de41687e7339fcd8b98b828d4ea9676212686874f72633ff41de9ed36a1,fcd5eeecd8f56f7bebfcb9dd8eaf0bb4e19d3b32d9dc0cce7f35285d9bf63f87,9145d4546123182ed68a19d519066e07547c7a9c385db1f5ec2a30986e59f0f8,3000,0.001,3.000000000000169,3.3393426912553537e-16,"[3000, 20]",True,39,1650,1240,0.756151515151515,0,39,37,,,False,,0,fa33ba1899c3b94cfef4b9e88793dee1e0cb8e8cd730d95b88d6ee263189040f,False,False,False,True,a7ecd6fa3e44f49b07f3b0a0729d091f2156bc8493b171549748776c9fde5583,False,False
positive_0p20_left_mid_late_stance_v2_M1,v7_pair_044,44,positive,moderate_v2_reacquisition,,0.2,left,mid_late_stance,moderate_v2,moderate_v2_M1,hard_normal,2,0.83,0.08,0.004,202608944,3.0,DEVELOPMENT_ONLY,aacc104ab42bf8fdc9954338bf1a0803d6d61f340c176d8852535eb5ccfac410,"{'x_min_m': -1.0, 'x_max_m': 2.0, 'y_min_m': -0.8, 'y_max_m': 0.8, 'top_z_m': 0.0}",58b3071a02305e9ea39c75751a7a9c67c32afb648478888eb597c404f529b717,66cf3373f34639b7e9614867e06ee16d5f2cc7918d6cb8085ea0a0fc398e90d3,d98f9134fe4d20bd663e7d42be9862eb61a533792e40b47de28000554a35aac7,2dee8a77f195705bee7a231aaf858fad80e20a68a76c91445fcbc4dfb3ec8014,3000,0.001,3.000000000000169,3.3393426912553537e-16,"[3000, 20]",True,44,1619,853,0.7610253242742433,0,44,34,,,False,,0,6a7b7b909f3a23be81f62a758a0e16eb543663ef81c29b172f095f86abfcca1f,False,False,False,True,a7ecd6fa3e44f49b07f3b0a0729d091f2156bc8493b171549748776c9fde5583,False,False
control_0p20_left_mid_late_stance_v2_M1,v7_pair_044,44,control,moderate_v2_reacquisition,,0.2,left,mid_late_stance,moderate_v2,hard_normal,hard_normal,2,0.83,0.08,0.004,202608944,3.0,DEVELOPMENT_ONLY,aacc104ab42bf8fdc9954338bf1a0803d6d61f340c176d8852535eb5ccfac410,"{'x_min_m': -1.0, 'x_max_m': 2.0, 'y_min_m': -0.8, 'y_max_m': 0.8, 'top_z_m': 0.0}",58b3071a02305e9ea39c75751a7a9c67c32afb648478888eb597c404f529b717,66cf3373f34639b7e9614867e06ee16d5f2cc7918d6cb8085ea0a0fc398e90d3,d98f9134fe4d20bd663e7d42be9862eb61a533792e40b47de28000554a35aac7,2dee8a77f195705bee7a231aaf858fad80e20a68a76c91445fcbc4dfb3ec8014,3000,0.001,3.000000000000169,3.3393426912553537e-16,"[3000, 20]",True,44,1658,0,1.0,0,44,34,,,False,,0,c1e68bb3c2bdcb618f9a5752f6601f489fdfbd3c5c05d9923979da796fdb83fc,False,False,False,True,a7ecd6fa3e44f49b07f3b0a0729d091f2156bc8493b171549748776c9fde5583,False,False
positive_0p20_right_early_loading_v0_M1,v7_pair_045,45,positive,moderate_v2_reacquisition,,0.2,right,early_loading,moderate_v2,moderate_v2_M1,near_slip_non_event,0,0.07,0.0,-0.004,202608945,3.0,DEVELOPMENT_ONLY,992c56c15bb4f7306b05245e511aab3d1a7f1d255645ddf2bb06924458aee86d,"{'x_min_m': -1.0, 'x_max_m': 2.0, 'y_min_m': -0.8, 'y_max_m': 0.8, 'top_z_m': 0.0}",58b3071a02305e9ea39c75751a7a9c67c32afb648478888eb597c404f529b717,90c7480e7bc9785ff1ed54dbbeed041ca3cae4cbf3bf6532a320c1c6a8cc9458,cdb96f4ddc10544805ed5f89e0ce97613e6f0e7560c35484cf5fab07a0d3e1da,ebb300597662a5c3036a0d673839ac148c210d3cb55fc953ad56457e4383477a,3000,0.001,3.000000000000169,3.3393426912553537e-16,"[3000, 20]",True,42,806,6000,0.08750000000000001,0,36,42,1567,1.5679999999998828,True,fallen_base_height,1433,57a8a34578c92b709e1f31827a08882c4e011829ed6e786121c18059f967449e,False,False,False,True,a7ecd6fa3e44f49b07f3b0a0729d091f2156bc8493b171549748776c9fde5583,False,False
control_0p20_right_early_loading_v0_M1,v7_pair_045,45,control,moderate_v2_reacquisition,,0.2,right,early_loading,moderate_v2,near_slip_non_event,near_slip_non_event,0,0.07,0.0,-0.004,202608945,3.0,DEVELOPMENT_ONLY,992c56c15bb4f7306b05245e511aab3d1a7f1d255645ddf2bb06924458aee86d,"{'x_min_m': -1.0, 'x_max_m': 2.0, 'y_min_m': -0.8, 'y_max_m': 0.8, 'top_z_m': 0.0}",58b3071a02305e9ea39c75751a7a9c67c32afb648478888eb597c404f529b717,90c7480e7bc9785ff1ed54dbbeed041ca3cae4cbf3bf6532a320c1c6a8cc9458,cdb96f4ddc10544805ed5f89e0ce97613e6f0e7560c35484cf5fab07a0d3e1da,ebb300597662a5c3036a0d673839ac148c210d3cb55fc953ad56457e4383477a,3000,0.001,3.000000000000169,3.3393426912553537e-16,"[3000, 20]",True,42,1818,6000,0.35,0,36,42,,,False,,0,5095827b83a9ed35de2132ae3d262d1071891c267bf780236fa58775ff7fb954,False,False,False,True,a7ecd6fa3e44f49b07f3b0a0729d091f2156bc8493b171549748776c9fde5583,False,False
positive_0p20_right_early_loading_v1_M1,v7_pair_046,46,positive,moderate_v2_reacquisition,,0.2,right,early_loading,moderate_v2,moderate_v2_M1,hard_normal,1,0.41,0.04,0.0,202608946,3.0,DEVELOPMENT_ONLY,30902c483a72c6078b74a6fd6ebed6c678987c766af5adaa648d6fa6e29b561c,"{'x_min_m': -1.0, 'x_max_m': 2.0, 'y_min_m': -0.8, 'y_max_m': 0.8, 'top_z_m': 0.0}",58b3071a02305e9ea39c75751a7a9c67c32afb648478888eb597c404f529b717,7c1c09607d39c1f386c7be1edd14747383b04380e7e2bb58de28b1e867912902,062d9334f9d3a192bace9151037290e539d9201bc4b8614d85bf4332df846fdf,9145d4546123182ed68a19d519066e07547c7a9c385db1f5ec2a30986e59f0f8,3000,0.001,3.000000000000169,3.3393426912553537e-16,"[3000, 20]",True,37,948,6000,0.0875,0,39,37,1822,1.8229999999998547,True,fallen_base_height,1178,5a235e0b71317092dc6de9de3467ab75f19bf6c0992a30df9288421b8b914085,False,False,False,True,a7ecd6fa3e44f49b07f3b0a0729d091f2156bc8493b171549748776c9fde5583,False,False
control_0p20_right_early_loading_v1_M1,v7_pair_046,46,control,moderate_v2_reacquisition,,0.2,right,early_loading,moderate_v2,hard_normal,hard_normal,1,0.41,0.04,0.0,202608946,3.0,DEVELOPMENT_ONLY,30902c483a72c6078b74a6fd6ebed6c678987c766af5adaa648d6fa6e29b561c,"{'x_min_m': -1.0, 'x_max_m': 2.0, 'y_min_m': -0.8, 'y_max_m': 0.8, 'top_z_m': 0.0}",58b3071a02305e9ea39c75751a7a9c67c32afb648478888eb597c404f529b717,7c1c09607d39c1f386c7be1edd14747383b04380e7e2bb58de28b1e867912902,062d9334f9d3a192bace9151037290e539d9201bc4b8614d85bf4332df846fdf,9145d4546123182ed68a19d519066e07547c7a9c385db1f5ec2a30986e59f0f8,3000,0.001,3.000000000000169,3.3393426912553537e-16,"[3000, 20]",True,37,1661,0,1.0,0,39,37,,,False,,0,5e63426babf58974ff1a1ce78efcafb9898af0609980cd956456c3b7d014af7d,False,False,False,True,a7ecd6fa3e44f49b07f3b0a0729d091f2156bc8493b171549748776c9fde5583,False,False
positive_0p20_right_early_loading_v2_M1,v7_pair_047,47,positive,moderate_v2_reacquisition,,0.2,right,early_loading,moderate_v2,moderate_v2_M1,near_slip_non_event,2,0.83,0.08,0.004,202608947,3.0,DEVELOPMENT_ONLY,1d3df96a8b5134483c3e292206c541687041306b55560fe0dc57ad83c8cb49ef,"{'x_min_m': -1.0, 'x_max_m': 2.0, 'y_min_m': -0.8, 'y_max_m': 0.8, 'top_z_m': 0.0}",58b3071a02305e9ea39c75751a7a9c67c32afb648478888eb597c404f529b717,0dc307d03d8c91ed23cc39e09978a226b94d027156e3fe6600477c49044a145f,dca3b906d17d089366c9ea28671320ad1e60049b45fce7bff24e8c317f85439f,2dee8a77f195705bee7a231aaf858fad80e20a68a76c91445fcbc4dfb3ec8014,3000,0.001,3.000000000000169,3.3393426912553537e-16,"[3000, 20]",True,34,909,6000,0.0875,0,44,34,1796,1.7969999999998576,True,fallen_base_height,1204,e351d44e7a1a021e83495fdfcb8d4c8ef808f530f7db330cfdbcc4d3d51a5434,False,False,False,True,a7ecd6fa3e44f49b07f3b0a0729d091f2156bc8493b171549748776c9fde5583,False,False
control_0p20_right_early_loading_v2_M1,v7_pair_047,47,control,moderate_v2_reacquisition,,0.2,right,early_loading,moderate_v2,near_slip_non_event,near_slip_non_event,2,0.83,0.08,0.004,202608947,3.0,DEVELOPMENT_ONLY,1d3df96a8b5134483c3e292206c541687041306b55560fe0dc57ad83c8cb49ef,"{'x_min_m': -1.0, 'x_max_m': 2.0, 'y_min_m': -0.8, 'y_max_m': 0.8, 'top_z_m': 0.0}",58b3071a02305e9ea39c75751a7a9c67c32afb648478888eb597c404f529b717,0dc307d03d8c91ed23cc39e09978a226b94d027156e3fe6600477c49044a145f,dca3b906d17d089366c9ea28671320ad1e60049b45fce7bff24e8c317f85439f,2dee8a77f195705bee7a231aaf858fad80e20a68a76c91445fcbc4dfb3ec8014,3000,0.001,3.000000000000169,3.3393426912553537e-16,"[3000, 20]",True,34,1744,6000,0.35,0,44,34,,,False,,0,bdd2c848bcf04ce9fa02c3ca2b51733a52e6d3945cb2ebe5d3e0721f3b8f83a5,False,False,False,True,a7ecd6fa3e44f49b07f3b0a0729d091f2156bc8493b171549748776c9fde5583,False,False
positive_0p20_right_mid_loading_early_stance_v0_M1,v7_pair_048,48,positive,moderate_v2_reacquisition,,0.2,right,mid_loading_early_stance,moderate_v2,moderate_v2_M1,hard_normal,0,0.07,0.0,-0.004,202608948,3.0,DEVELOPMENT_ONLY,634facbeaaaff3ecb6027fe8b5a6fba2d9549caf6ae3b18b747de8d830183f1e,"{'x_min_m': -1.0, 'x_max_m': 2.0, 'y_min_m': -0.8, 'y_max_m': 0.8, 'top_z_m': 0.0}",58b3071a02305e9ea39c75751a7a9c67c32afb648478888eb597c404f529b717,510d952c7629a49ce0505ccf7b1ae5421853769777887c633a0ef7cecb5974b7,0993a9469dee81bd78559dabb57250293097b38fe3a75cad1b21e4bae87725de,ebb300597662a5c3036a0d673839ac148c210d3cb55fc953ad56457e4383477a,3000,0.001,3.000000000000169,3.3393426912553537e-16,"[3000, 20]",True,42,1720,1443,0.6206758720930232,0,36,42,,,False,,0,9279d0b72ead0f7541767fe03e4fa6dbacd7a23a5c5a79e84946760856ce6639,False,False,False,True,a7ecd6fa3e44f49b07f3b0a0729d091f2156bc8493b171549748776c9fde5583,False,False
control_0p20_right_mid_loading_early_stance_v0_M1,v7_pair_048,48,control,moderate_v2_reacquisition,,0.2,right,mid_loading_early_stance,moderate_v2,hard_normal,hard_normal,0,0.07,0.0,-0.004,202608948,3.0,DEVELOPMENT_ONLY,634facbeaaaff3ecb6027fe8b5a6fba2d9549caf6ae3b18b747de8d830183f1e,"{'x_min_m': -1.0, 'x_max_m': 2.0, 'y_min_m': -0.8, 'y_max_m': 0.8, 'top_z_m': 0.0}",58b3071a02305e9ea39c75751a7a9c67c32afb648478888eb597c404f529b717,510d952c7629a49ce0505ccf7b1ae5421853769777887c633a0ef7cecb5974b7,0993a9469dee81bd78559dabb57250293097b38fe3a75cad1b21e4bae87725de,ebb300597662a5c3036a0d673839ac148c210d3cb55fc953ad56457e4383477a,3000,0.001,3.000000000000169,3.3393426912553537e-16,"[3000, 20]",True,42,1821,0,1.0,0,36,42,,,False,,0,cffb44ec0bf72193d8aba8499e201c92757c6872508020f8f71ffb8129c566ae,False,False,False,True,a7ecd6fa3e44f49b07f3b0a0729d091f2156bc8493b171549748776c9fde5583,False,False
positive_0p20_right_mid_loading_early_stance_v1_M1,v7_pair_049,49,positive,moderate_v2_reacquisition,,0.2,right,mid_loading_early_stance,moderate_v2,moderate_v2_M1,near_slip_non_event,1,0.41,0.04,0.0,202608949,3.0,DEVELOPMENT_ONLY,db8d427d976a35ecf8cd049c971faf58a837350b528e5574ec5c165f54098be8,"{'x_min_m': -1.0, 'x_max_m': 2.0, 'y_min_m': -0.8, 'y_max_m': 0.8, 'top_z_m': 0.0}",58b3071a02305e9ea39c75751a7a9c67c32afb648478888eb597c404f529b717,9d5bf68f16689b0bcfe61f1b9c8d5f703f8d82b9043dcb96a58563fe2a6875cc,2853cafcf5dd7373554e8d59c236ad1568d9e8f6a431b31e16c0846cf135a6b3,9145d4546123182ed68a19d519066e07547c7a9c385db1f5ec2a30986e59f0f8,3000,0.001,3.000000000000169,3.3393426912553537e-16,"[3000, 20]",True,37,1540,1211,0.6450730519480521,0,39,37,,,False,,0,2477a17c9c0aa7b87d7db4adeaa8e1e47ca4fd96594cb6beeff5521094c2322d,False,False,False,True,a7ecd6fa3e44f49b07f3b0a0729d091f2156bc8493b171549748776c9fde5583,False,False
control_0p20_right_mid_loading_early_stance_v1_M1,v7_pair_049,49,control,moderate_v2_reacquisition,,0.2,right,mid_loading_early_stance,moderate_v2,near_slip_non_event,near_slip_non_event,1,0.41,0.04,0.0,202608949,3.0,DEVELOPMENT_ONLY,db8d427d976a35ecf8cd049c971faf58a837350b528e5574ec5c165f54098be8,"{'x_min_m': -1.0, 'x_max_m': 2.0, 'y_min_m': -0.8, 'y_max_m': 0.8, 'top_z_m': 0.0}",58b3071a02305e9ea39c75751a7a9c67c32afb648478888eb597c404f529b717,9d5bf68f16689b0bcfe61f1b9c8d5f703f8d82b9043dcb96a58563fe2a6875cc,2853cafcf5dd7373554e8d59c236ad1568d9e8f6a431b31e16c0846cf135a6b3,9145d4546123182ed68a19d519066e07547c7a9c385db1f5ec2a30986e59f0f8,3000,0.001,3.000000000000169,3.3393426912553537e-16,"[3000, 20]",True,37,1651,2571,0.49448818897637786,0,39,37,,,False,,0,0e131c3078f7fc5c71ccccab94c8f8e8a65bb1f4deca5b10e5746996928c8b30,False,False,False,True,a7ecd6fa3e44f49b07f3b0a0729d091f2156bc8493b171549748776c9fde5583,False,False
positive_0p20_right_mid_loading_early_stance_v2_M1,v7_pair_050,50,positive,moderate_v2_reacquisition,,0.2,right,mid_loading_early_stance,moderate_v2,moderate_v2_M1,hard_normal,2,0.83,0.08,0.004,202608950,3.0,DEVELOPMENT_ONLY,67daefc65c92a609592c7df82061eb544625b6b3ba251d1836a6101f7a706d6d,"{'x_min_m': -1.0, 'x_max_m': 2.0, 'y_min_m': -0.8, 'y_max_m': 0.8, 'top_z_m': 0.0}",58b3071a02305e9ea39c75751a7a9c67c32afb648478888eb597c404f529b717,4f1e9286dc2838d8519a122384240a91862ffe1e87a3adf71cb0ccb2ea65da0b,eab68ac0aba60f6476d0cd62f5b8776317367bc240e49c4b4acdc554cee3cddb,2dee8a77f195705bee7a231aaf858fad80e20a68a76c91445fcbc4dfb3ec8014,3000,0.001,3.000000000000169,3.3393426912553537e-16,"[3000, 20]",True,34,1626,1413,0.6082872078720788,0,44,34,,,False,,0,c2c2993c1c1fa8de57304da985eca628363ed3c220e6d041b677903a4c241e0e,False,False,False,True,a7ecd6fa3e44f49b07f3b0a0729d091f2156bc8493b171549748776c9fde5583,False,False
control_0p20_right_mid_loading_early_stance_v2_M1,v7_pair_050,50,control,moderate_v2_reacquisition,,0.2,right,mid_loading_early_stance,moderate_v2,hard_normal,hard_normal,2,0.83,0.08,0.004,202608950,3.0,DEVELOPMENT_ONLY,67daefc65c92a609592c7df82061eb544625b6b3ba251d1836a6101f7a706d6d,"{'x_min_m': -1.0, 'x_max_m': 2.0, 'y_min_m': -0.8, 'y_max_m': 0.8, 'top_z_m': 0.0}",58b3071a02305e9ea39c75751a7a9c67c32afb648478888eb597c404f529b717,4f1e9286dc2838d8519a122384240a91862ffe1e87a3adf71cb0ccb2ea65da0b,eab68ac0aba60f6476d0cd62f5b8776317367bc240e49c4b4acdc554cee3cddb,2dee8a77f195705bee7a231aaf858fad80e20a68a76c91445fcbc4dfb3ec8014,3000,0.001,3.000000000000169,3.3393426912553537e-16,"[3000, 20]",True,34,1761,0,1.0,0,44,34,,,False,,0,31853f3192393bed2d8882b2219a58c8f29caa3969f7558fd04250a605c1c68f,False,False,False,True,a7ecd6fa3e44f49b07f3b0a0729d091f2156bc8493b171549748776c9fde5583,False,False
positive_0p20_right_mid_late_stance_v0_M1,v7_pair_051,51,positive,moderate_v2_reacquisition,,0.2,right,mid_late_stance,moderate_v2,moderate_v2_M1,near_slip_non_event,0,0.07,0.0,-0.004,202608951,3.0,DEVELOPMENT_ONLY,242661526f17395928ecde0b5496a9f51910fa9c7c354b47e7b87bf79ff0e662,"{'x_min_m': -1.0, 'x_max_m': 2.0, 'y_min_m': -0.8, 'y_max_m': 0.8, 'top_z_m': 0.0}",58b3071a02305e9ea39c75751a7a9c67c32afb648478888eb597c404f529b717,a7d9969bb305f7d15b98918bcd1585923a42af354ebf2e4ae8b948e0e314de3d,363459aa33e9690089e298ad2084643ac41cb6367bfa6fe9e3b293d550825c13,ebb300597662a5c3036a0d673839ac148c210d3cb55fc953ad56457e4383477a,3000,0.001,3.000000000000169,3.3393426912553537e-16,"[3000, 20]",True,42,1750,950,0.7533642857142857,0,36,42,,,False,,0,18a6591475bbd74f91e7971e36d5d39d30f8a1095ca84b655a9c94cd699d1153,False,False,False,True,a7ecd6fa3e44f49b07f3b0a0729d091f2156bc8493b171549748776c9fde5583,False,False
control_0p20_right_mid_late_stance_v0_M1,v7_pair_051,51,control,moderate_v2_reacquisition,,0.2,right,mid_late_stance,moderate_v2,near_slip_non_event,near_slip_non_event,0,0.07,0.0,-0.004,202608951,3.0,DEVELOPMENT_ONLY,242661526f17395928ecde0b5496a9f51910fa9c7c354b47e7b87bf79ff0e662,"{'x_min_m': -1.0, 'x_max_m': 2.0, 'y_min_m': -0.8, 'y_max_m': 0.8, 'top_z_m': 0.0}",58b3071a02305e9ea39c75751a7a9c67c32afb648478888eb597c404f529b717,a7d9969bb305f7d15b98918bcd1585923a42af354ebf2e4ae8b948e0e314de3d,363459aa33e9690089e298ad2084643ac41cb6367bfa6fe9e3b293d550825c13,ebb300597662a5c3036a0d673839ac148c210d3cb55fc953ad56457e4383477a,3000,0.001,3.000000000000169,3.3393426912553537e-16,"[3000, 20]",True,42,1816,1553,0.7233204845814977,0,36,42,,,False,,0,10a367c592f11edee590ecdb468331e36d8ec1597f9b17beb14f6c74cd3d6109,False,False,False,True,a7ecd6fa3e44f49b07f3b0a0729d091f2156bc8493b171549748776c9fde5583,False,False
positive_0p20_right_mid_late_stance_v1_M1,v7_pair_052,52,positive,moderate_v2_reacquisition,,0.2,right,mid_late_stance,moderate_v2,moderate_v2_M1,hard_normal,1,0.41,0.04,0.0,202608952,3.0,DEVELOPMENT_ONLY,00524f87d58659a5b87e4eb8e0380cb76c10a4befce8d584f6ca7427e04ea196,"{'x_min_m': -1.0, 'x_max_m': 2.0, 'y_min_m': -0.8, 'y_max_m': 0.8, 'top_z_m': 0.0}",58b3071a02305e9ea39c75751a7a9c67c32afb648478888eb597c404f529b717,a022181f422a65a78758eb5dba04d63e26046f2766c641e4fd039ef336aae09f,96d04d399029dde7931fffb95520ef3a512456548f62ee1992960767d42da9ac,9145d4546123182ed68a19d519066e07547c7a9c385db1f5ec2a30986e59f0f8,3000,0.001,3.000000000000169,3.3393426912553537e-16,"[3000, 20]",True,37,1591,856,0.7556725329981144,0,39,37,,,False,,0,f935b42d166adb0845ca397e560e4e66bd63216df872bba0415ea2fc9df9088d,False,False,False,True,a7ecd6fa3e44f49b07f3b0a0729d091f2156bc8493b171549748776c9fde5583,False,False
control_0p20_right_mid_late_stance_v1_M1,v7_pair_052,52,control,moderate_v2_reacquisition,,0.2,right,mid_late_stance,moderate_v2,hard_normal,hard_normal,1,0.41,0.04,0.0,202608952,3.0,DEVELOPMENT_ONLY,00524f87d58659a5b87e4eb8e0380cb76c10a4befce8d584f6ca7427e04ea196,"{'x_min_m': -1.0, 'x_max_m': 2.0, 'y_min_m': -0.8, 'y_max_m': 0.8, 'top_z_m': 0.0}",58b3071a02305e9ea39c75751a7a9c67c32afb648478888eb597c404f529b717,a022181f422a65a78758eb5dba04d63e26046f2766c641e4fd039ef336aae09f,96d04d399029dde7931fffb95520ef3a512456548f62ee1992960767d42da9ac,9145d4546123182ed68a19d519066e07547c7a9c385db1f5ec2a30986e59f0f8,3000,0.001,3.000000000000169,3.3393426912553537e-16,"[3000, 20]",True,37,1663,0,1.0,0,39,37,,,False,,0,d8504d967c230f534e4c2a3b1781128c91c663bff87907a4ccc5b24447f8b98c,False,False,False,True,a7ecd6fa3e44f49b07f3b0a0729d091f2156bc8493b171549748776c9fde5583,False,False
positive_0p20_right_mid_late_stance_v2_M1,v7_pair_053,53,positive,moderate_v2_reacquisition,,0.2,right,mid_late_stance,moderate_v2,moderate_v2_M1,near_slip_non_event,2,0.83,0.08,0.004,202608953,3.0,DEVELOPMENT_ONLY,6030b50d86a2cb118af6627efce0901361426bebd7753a4b447557992c02f545,"{'x_min_m': -1.0, 'x_max_m': 2.0, 'y_min_m': -0.8, 'y_max_m': 0.8, 'top_z_m': 0.0}",58b3071a02305e9ea39c75751a7a9c67c32afb648478888eb597c404f529b717,2af2138e0958130aa883a4fc8fdd1dff4cf88cf7265262bff7e42494e05909dd,9acaef4091f866b7e05b4ef0ef7bfe79f1721895b1bce7fdfe11c82db4a0c8be,2dee8a77f195705bee7a231aaf858fad80e20a68a76c91445fcbc4dfb3ec8014,3000,0.001,3.000000000000169,3.3393426912553537e-16,"[3000, 20]",True,34,1718,739,0.8045401629802096,0,44,34,,,False,,0,eb2600da5d004a9ef93bf1b633ef19c10f4eb8a1ad3cfc2875c99a5c78ec2c1a,False,False,False,True,a7ecd6fa3e44f49b07f3b0a0729d091f2156bc8493b171549748776c9fde5583,False,False
control_0p20_right_mid_late_stance_v2_M1,v7_pair_053,53,control,moderate_v2_reacquisition,,0.2,right,mid_late_stance,moderate_v2,near_slip_non_event,near_slip_non_event,2,0.83,0.08,0.004,202608953,3.0,DEVELOPMENT_ONLY,6030b50d86a2cb118af6627efce0901361426bebd7753a4b447557992c02f545,"{'x_min_m': -1.0, 'x_max_m': 2.0, 'y_min_m': -0.8, 'y_max_m': 0.8, 'top_z_m': 0.0}",58b3071a02305e9ea39c75751a7a9c67c32afb648478888eb597c404f529b717,2af2138e0958130aa883a4fc8fdd1dff4cf88cf7265262bff7e42494e05909dd,9acaef4091f866b7e05b4ef0ef7bfe79f1721895b1bce7fdfe11c82db4a0c8be,2dee8a77f195705bee7a231aaf858fad80e20a68a76c91445fcbc4dfb3ec8014,3000,0.001,3.000000000000169,3.3393426912553537e-16,"[3000, 20]",True,34,1755,1302,0.7588888888888888,0,44,34,,,False,,0,0e3a3b5d04f41d460f7a0d043761ad906a30042bbd5976a8dcf317c41c970c86,False,False,False,True,a7ecd6fa3e44f49b07f3b0a0729d091f2156bc8493b171549748776c9fde5583,False,False
