architecture,seed,run_id,role,speed_mps,variation,foot,contact_episode_id,physical_start_sample,physical_end_exclusive,raw_crossings,actionable,detected,first_detection_sample,warning_margin_ms,late_latency_ms,affected_foot_correct,positive_attribution_after_fall
S3,202608212,ice_native_0p10_v03,slip_candidate,0.1,3,left,0,169,193,1,True,False,,,,,False
S3,202608212,ice_native_0p10_v03,slip_candidate,0.1,3,left,3,287,294,1,True,True,259,28,0,True,False
S3,202608212,ice_native_0p10_v03,slip_candidate,0.1,3,left,4,354,390,1,True,True,309,45,0,True,False
S3,202608212,ice_native_0p10_v03,slip_candidate,0.1,3,left,12,1359,1585,2,True,True,1309,50,0,True,False
S3,202608212,ice_native_0p10_v03,slip_candidate,0.1,3,left,54,2540,2785,3,True,True,2489,51,0,True,False
S3,202608212,ice_native_0p10_v03,slip_candidate,0.1,3,right,30,943,1150,2,True,True,889,54,0,True,False
S3,202608212,ice_native_0p10_v03,slip_candidate,0.1,3,right,39,1627,1713,1,True,False,,,,,False
S3,202608212,ice_native_0p10_v03,slip_candidate,0.1,3,right,55,2070,2113,1,True,True,2039,31,0,True,False
S3,202608212,ice_native_0p10_v03,slip_candidate,0.1,3,right,56,2248,2296,1,True,True,2169,79,0,True,False
S3,202608212,ice_native_0p10_v03,slip_candidate,0.1,3,right,57,2388,2400,1,True,True,2369,19,0,True,False
S3,202608212,ice_native_0p10_v03,slip_candidate,0.1,3,right,66,2972,2991,1,True,False,,,,,False
S3,202608212,ice_native_0p15_v03,slip_candidate,0.15,3,left,0,170,194,1,True,False,,,,,False
S3,202608212,ice_native_0p15_v03,slip_candidate,0.15,3,left,2,270,310,1,True,True,229,41,0,True,False
S3,202608212,ice_native_0p15_v03,slip_candidate,0.15,3,left,16,1394,1454,2,True,True,1319,75,0,True,False
S3,202608212,ice_native_0p15_v03,slip_candidate,0.15,3,left,18,1545,1584,1,True,True,1489,56,0,True,False
S3,202608212,ice_native_0p15_v03,slip_candidate,0.15,3,left,29,2644,2711,4,True,False,,,,,False
S3,202608212,ice_native_0p15_v03,slip_candidate,0.15,3,right,29,920,927,1,True,True,899,21,0,True,False
S3,202608212,ice_native_0p15_v03,slip_candidate,0.15,3,right,75,2911,3000,5,True,True,2889,22,0,True,False
S3,202608212,sand_solref_interpolation_2of3_0p15_v03,sink_candidate,0.15,3,left,2,1773,1786,1,True,False,,,,,False
S3,202608212,sand_solref_interpolation_2of3_0p15_v03,sink_candidate,0.15,3,left,3,1911,1937,1,True,True,1909,2,0,,False
S3,202608212,sand_solref_interpolation_2of3_0p15_v03,sink_candidate,0.15,3,right,3,1795,1808,1,True,True,1739,56,0,,False
S3,202608212,sand_solref_interpolation_3of4_stronger_v2_0p15_v03,sink_candidate,0.15,3,left,2,1793,1817,1,True,False,,,,,False
S3,202608212,sand_solref_interpolation_3of4_stronger_v2_0p15_v03,sink_candidate,0.15,3,right,6,1815,1822,1,True,False,,,,,False
S3,202608212,sand_solref_interpolation_5of6_stronger_v2_0p15_v03,sink_candidate,0.15,3,left,2,1732,1761,1,True,False,,,,,False
S3,202608212,sand_solref_interpolation_5of6_stronger_v2_0p15_v03,sink_candidate,0.15,3,right,3,1767,1774,1,True,True,1749,18,0,,False
S3,202608212,ice_native_0p20_v03,slip_candidate,0.2,3,left,0,170,195,1,True,False,,,,,False
S3,202608212,ice_native_0p20_v03,slip_candidate,0.2,3,left,1,238,307,3,True,True,209,29,0,True,False
S3,202608212,ice_native_0p20_v03,slip_candidate,0.2,3,left,13,1470,1503,4,True,True,1439,31,0,True,False
S3,202608212,ice_native_0p20_v03,slip_candidate,0.2,3,left,45,2588,2646,3,True,True,2589,-1,1,True,False
S3,202608212,ice_native_0p20_v03,slip_candidate,0.2,3,right,29,930,1146,1,True,True,889,41,0,True,False
S3,202608212,ice_native_0p20_v03,slip_candidate,0.2,3,right,53,1809,1941,1,True,True,1769,40,0,False,False
S3,202608212,ice_native_0p20_v03,slip_candidate,0.2,3,right,61,2053,2080,1,True,True,2059,-6,6,True,False
S3,202608212,ice_native_0p20_v03,slip_candidate,0.2,3,right,63,2242,2303,1,True,False,,,,,False
S3,202608212,ice_native_0p20_v03,slip_candidate,0.2,3,right,71,2681,2689,1,True,True,2669,12,0,True,False
S3,202608212,ice_native_0p20_v03,slip_candidate,0.2,3,right,82,2860,2984,1,True,True,2819,41,0,True,False
S3,202608212,ice_native_0p10_v04,slip_candidate,0.1,4,left,0,237,274,1,True,True,209,28,0,True,False
S3,202608212,ice_native_0p10_v04,slip_candidate,0.1,4,left,7,615,863,3,True,True,559,56,0,True,False
S3,202608212,ice_native_0p10_v04,slip_candidate,0.1,4,left,30,1290,1347,1,True,True,1279,11,0,True,False
S3,202608212,ice_native_0p10_v04,slip_candidate,0.1,4,left,39,1794,2044,4,True,True,1739,55,0,True,False
S3,202608212,ice_native_0p10_v04,slip_candidate,0.1,4,left,75,2438,2452,1,True,True,2439,-1,1,True,False
S3,202608212,ice_native_0p10_v04,slip_candidate,0.1,4,left,86,2918,3000,1,True,True,2919,-1,1,True,False
S3,202608212,ice_native_0p10_v04,slip_candidate,0.1,4,right,3,348,366,1,True,True,319,29,0,True,False
S3,202608212,ice_native_0p10_v04,slip_candidate,0.1,4,right,4,440,478,2,True,True,379,61,0,True,False
S3,202608212,ice_native_0p10_v04,slip_candidate,0.1,4,right,20,890,988,1,True,True,849,41,0,False,False
S3,202608212,ice_native_0p10_v04,slip_candidate,0.1,4,right,20,1078,1116,1,False,True,1019,59,0,True,False
S3,202608212,ice_native_0p10_v04,slip_candidate,0.1,4,right,39,1442,1581,3,True,True,1399,43,0,True,False
S3,202608212,ice_native_0p10_v04,slip_candidate,0.1,4,right,40,1650,1664,2,True,True,1609,41,0,True,False
S3,202608212,ice_native_0p10_v04,slip_candidate,0.1,4,right,47,2238,2240,1,True,False,,,,,False
S3,202608212,ice_native_0p10_v04,slip_candidate,0.1,4,right,59,2609,2637,1,True,True,2509,100,0,False,False
S3,202608212,sand_solref_interpolation_2of3_0p10_v04,sink_candidate,0.1,4,left,44,2402,2524,1,True,True,2379,23,0,,False
S3,202608212,sand_solref_interpolation_2of3_0p10_v04,sink_candidate,0.1,4,right,2,1837,1913,1,True,False,,,,,False
S3,202608212,sand_solref_interpolation_2of3_0p10_v04,sink_candidate,0.1,4,right,3,2050,2307,1,True,True,2049,1,0,,False
S3,202608212,sand_solref_interpolation_2of3_0p10_v04,sink_candidate,0.1,4,right,5,2615,2768,1,True,True,2609,6,0,,False
S3,202608212,sand_solref_interpolation_3of4_stronger_v2_0p10_v04,sink_candidate,0.1,4,right,3,1856,1954,1,True,False,,,,,False
S3,202608212,sand_solref_interpolation_3of4_stronger_v2_0p10_v04,sink_candidate,0.1,4,right,4,2486,2751,1,True,True,2659,-173,173,,False
S3,202608212,sand_solref_interpolation_5of6_stronger_v2_0p10_v04,sink_candidate,0.1,4,right,3,1855,1976,1,True,True,1769,86,0,,False
S3,202608212,sand_solref_interpolation_5of6_stronger_v2_0p10_v04,sink_candidate,0.1,4,right,4,2468,2781,1,True,True,2629,-161,161,,False
S3,202608212,ice_native_0p15_v04,slip_candidate,0.15,4,left,0,232,243,1,True,True,209,23,0,False,False
S3,202608212,ice_native_0p15_v04,slip_candidate,0.15,4,left,8,625,721,1,True,True,569,56,0,True,False
S3,202608212,ice_native_0p15_v04,slip_candidate,0.15,4,left,32,1289,1313,1,True,False,,,,,False
S3,202608212,ice_native_0p15_v04,slip_candidate,0.15,4,left,41,1795,2052,2,True,True,1739,56,0,True,False
S3,202608212,ice_native_0p15_v04,slip_candidate,0.15,4,right,3,351,369,1,True,True,319,32,0,True,False
S3,202608212,ice_native_0p15_v04,slip_candidate,0.15,4,right,19,1070,1075,1,True,True,1069,1,0,True,False
S3,202608212,ice_native_0p15_v04,slip_candidate,0.15,4,right,39,1487,1576,1,True,True,1409,78,0,True,False
S3,202608212,ice_native_0p15_v04,slip_candidate,0.15,4,right,40,1649,1666,1,True,True,1609,40,0,True,False
S3,202608212,ice_native_0p15_v04,slip_candidate,0.15,4,right,50,2014,2145,1,True,False,,,,,False
S3,202608212,ice_native_0p15_v04,slip_candidate,0.15,4,right,51,2244,2245,1,True,True,2209,35,0,True,False
S3,202608212,ice_native_0p15_v04,slip_candidate,0.15,4,right,62,2542,2790,1,True,True,2499,43,0,False,False
S3,202608212,ice_native_0p15_v04,slip_candidate,0.15,4,right,63,2829,2838,1,True,False,,,,,False
S3,202608212,ice_native_0p20_v04,slip_candidate,0.2,4,left,0,227,259,1,True,True,229,-2,2,True,False
S3,202608212,ice_native_0p20_v04,slip_candidate,0.2,4,left,5,632,634,1,True,True,569,63,0,True,False
S3,202608212,ice_native_0p20_v04,slip_candidate,0.2,4,left,6,664,666,1,True,True,649,15,0,True,False
S3,202608212,ice_native_0p20_v04,slip_candidate,0.2,4,left,7,692,720,1,True,True,679,13,0,True,False
S3,202608212,ice_native_0p20_v04,slip_candidate,0.2,4,left,8,770,822,3,True,True,739,31,0,False,False
S3,202608212,ice_native_0p20_v04,slip_candidate,0.2,4,left,50,1154,1235,1,True,True,1089,65,0,False,False
S3,202608212,ice_native_0p20_v04,slip_candidate,0.2,4,left,58,1922,1925,1,True,True,1909,13,0,True,False
S3,202608212,ice_native_0p20_v04,slip_candidate,0.2,4,left,72,2503,2597,2,True,True,2449,54,0,True,False
S3,202608212,ice_native_0p20_v04,slip_candidate,0.2,4,left,78,2997,3000,1,True,True,2979,18,0,True,False
S3,202608212,ice_native_0p20_v04,slip_candidate,0.2,4,right,4,358,372,1,True,True,319,39,0,True,False
S3,202608212,ice_native_0p20_v04,slip_candidate,0.2,4,right,15,1075,1198,1,True,True,979,96,0,True,False
S3,202608212,ice_native_0p20_v04,slip_candidate,0.2,4,right,25,1503,1639,1,True,True,1429,74,0,True,False
S3,202608212,ice_native_0p20_v04,slip_candidate,0.2,4,right,49,2339,2344,1,True,True,2329,10,0,False,False
S3,202608212,ice_native_0p20_v04,slip_candidate,0.2,4,right,69,2627,2764,1,True,True,2589,38,0,True,False
S3,202608212,ice_native_0p20_v04,slip_candidate,0.2,4,right,70,2805,2809,1,True,True,2779,26,0,False,False
