candidate_id,evaluation_scope,run_id,fold,speed_mps,foot,contact_episode_id,onset_sample,detected,first_detection_sample,warning_margin_ms,late_latency_ms
F1_seed_202608242,POOLED_OOF,ice_native_0p10_v00,0,0.1,left,0,134,False,,,
F1_seed_202608242,POOLED_OOF,ice_native_0p10_v00,0,0.1,left,7,505,False,,,
F1_seed_202608242,POOLED_OOF,ice_native_0p10_v00,0,0.1,left,20,1090,False,,,
F1_seed_202608242,POOLED_OOF,ice_native_0p10_v00,0,0.1,left,33,1638,False,,,
F1_seed_202608242,POOLED_OOF,ice_native_0p10_v00,0,0.1,left,63,2308,False,,,
F1_seed_202608242,POOLED_OOF,ice_native_0p10_v00,0,0.1,left,71,2670,False,,,
F1_seed_202608242,POOLED_OOF,ice_native_0p10_v00,0,0.1,right,1,223,False,,,
F1_seed_202608242,POOLED_OOF,ice_native_0p10_v00,0,0.1,right,2,367,False,,,
F1_seed_202608242,POOLED_OOF,ice_native_0p10_v00,0,0.1,right,9,631,False,,,
F1_seed_202608242,POOLED_OOF,ice_native_0p10_v00,0,0.1,right,10,932,False,,,
F1_seed_202608242,POOLED_OOF,ice_native_0p10_v00,0,0.1,right,20,1255,False,,,
F1_seed_202608242,POOLED_OOF,ice_native_0p10_v00,0,0.1,right,21,1504,False,,,
F1_seed_202608242,POOLED_OOF,ice_native_0p10_v00,0,0.1,right,39,1835,False,,,
F1_seed_202608242,POOLED_OOF,ice_native_0p10_v00,0,0.1,right,55,2599,False,,,
F1_seed_202608242,POOLED_OOF,ice_native_0p15_v00,0,0.15,left,7,472,True,469,3,0
F1_seed_202608242,POOLED_OOF,ice_native_0p15_v00,0,0.15,left,8,504,False,,,
F1_seed_202608242,POOLED_OOF,ice_native_0p15_v00,0,0.15,left,22,914,False,,,
F1_seed_202608242,POOLED_OOF,ice_native_0p15_v00,0,0.15,left,37,1629,True,1599,30,0
F1_seed_202608242,POOLED_OOF,ice_native_0p15_v00,0,0.15,left,40,2282,False,,,
F1_seed_202608242,POOLED_OOF,ice_native_0p15_v00,0,0.15,right,1,224,False,,,
F1_seed_202608242,POOLED_OOF,ice_native_0p15_v00,0,0.15,right,8,603,False,,,
F1_seed_202608242,POOLED_OOF,ice_native_0p15_v00,0,0.15,right,21,1288,False,,,
F1_seed_202608242,POOLED_OOF,ice_native_0p15_v00,0,0.15,right,23,1505,False,,,
F1_seed_202608242,POOLED_OOF,ice_native_0p15_v00,0,0.15,right,35,1850,False,,,
F1_seed_202608242,POOLED_OOF,ice_native_0p15_v00,0,0.15,right,42,2472,False,,,
F1_seed_202608242,POOLED_OOF,ice_native_0p15_v00,0,0.15,right,54,2962,False,,,
F1_seed_202608242,POOLED_OOF,ice_native_0p20_v00,0,0.2,left,0,127,False,,,
F1_seed_202608242,POOLED_OOF,ice_native_0p20_v00,0,0.2,left,6,478,True,479,-1,1
F1_seed_202608242,POOLED_OOF,ice_native_0p20_v00,0,0.2,left,7,515,False,,,
F1_seed_202608242,POOLED_OOF,ice_native_0p20_v00,0,0.2,left,17,936,False,,,
F1_seed_202608242,POOLED_OOF,ice_native_0p20_v00,0,0.2,left,25,1641,False,,,
F1_seed_202608242,POOLED_OOF,ice_native_0p20_v00,0,0.2,right,1,235,False,,,
F1_seed_202608242,POOLED_OOF,ice_native_0p20_v00,0,0.2,right,2,357,False,,,
F1_seed_202608242,POOLED_OOF,ice_native_0p20_v00,0,0.2,right,10,594,False,,,
F1_seed_202608242,POOLED_OOF,ice_native_0p20_v00,0,0.2,right,12,894,False,,,
F1_seed_202608242,POOLED_OOF,ice_native_0p20_v00,0,0.2,right,31,1337,False,,,
F1_seed_202608242,POOLED_OOF,ice_native_0p20_v00,0,0.2,right,41,1902,False,,,
F1_seed_202608242,POOLED_OOF,ice_native_0p20_v00,0,0.2,right,56,2555,False,,,
F1_seed_202608242,POOLED_OOF,ice_native_0p20_v00,0,0.2,right,68,2847,False,,,
F1_seed_202608242,POOLED_OOF,ice_native_0p10_v01,1,0.1,left,2,360,False,,,
F1_seed_202608242,POOLED_OOF,ice_native_0p10_v01,1,0.1,left,19,961,False,,,
F1_seed_202608242,POOLED_OOF,ice_native_0p10_v01,1,0.1,left,27,1613,False,,,
F1_seed_202608242,POOLED_OOF,ice_native_0p10_v01,1,0.1,left,50,2084,True,2029,55,0
F1_seed_202608242,POOLED_OOF,ice_native_0p10_v01,1,0.1,left,58,2769,False,,,
F1_seed_202608242,POOLED_OOF,ice_native_0p10_v01,1,0.1,right,0,230,False,,,
F1_seed_202608242,POOLED_OOF,ice_native_0p10_v01,1,0.1,right,10,810,False,,,
F1_seed_202608242,POOLED_OOF,ice_native_0p10_v01,1,0.1,right,16,1180,False,,,
F1_seed_202608242,POOLED_OOF,ice_native_0p10_v01,1,0.1,right,18,1489,False,,,
F1_seed_202608242,POOLED_OOF,ice_native_0p10_v01,1,0.1,right,21,1758,False,,,
F1_seed_202608242,POOLED_OOF,ice_native_0p10_v01,1,0.1,right,33,2088,False,,,
F1_seed_202608242,POOLED_OOF,ice_native_0p10_v01,1,0.1,right,72,2912,False,,,
F1_seed_202608242,POOLED_OOF,sand_solref_interpolation_3of4_stronger_v2_0p10_v01,1,0.1,left,1,1342,False,,,
F1_seed_202608242,POOLED_OOF,sand_solref_interpolation_5of6_stronger_v2_0p10_v01,1,0.1,left,1,1226,False,,,
F1_seed_202608242,POOLED_OOF,ice_native_0p15_v01,1,0.15,left,3,359,False,,,
F1_seed_202608242,POOLED_OOF,ice_native_0p15_v01,1,0.15,left,18,968,False,,,
F1_seed_202608242,POOLED_OOF,ice_native_0p15_v01,1,0.15,left,20,1107,False,,,
F1_seed_202608242,POOLED_OOF,ice_native_0p15_v01,1,0.15,left,23,1599,False,,,
F1_seed_202608242,POOLED_OOF,ice_native_0p15_v01,1,0.15,left,65,2417,False,,,
F1_seed_202608242,POOLED_OOF,ice_native_0p15_v01,1,0.15,left,71,2776,False,,,
F1_seed_202608242,POOLED_OOF,ice_native_0p15_v01,1,0.15,right,0,226,False,,,
F1_seed_202608242,POOLED_OOF,ice_native_0p15_v01,1,0.15,right,7,517,False,,,
F1_seed_202608242,POOLED_OOF,ice_native_0p15_v01,1,0.15,right,13,1195,False,,,
F1_seed_202608242,POOLED_OOF,ice_native_0p15_v01,1,0.15,right,18,1755,False,,,
F1_seed_202608242,POOLED_OOF,ice_native_0p15_v01,1,0.15,right,52,2577,False,,,
F1_seed_202608242,POOLED_OOF,sand_solref_interpolation_2of3_0p15_v01,1,0.15,right,1,1626,False,,,
F1_seed_202608242,POOLED_OOF,sand_solref_interpolation_2of3_0p15_v01,1,0.15,right,2,1786,False,,,
F1_seed_202608242,POOLED_OOF,sand_solref_interpolation_3of4_stronger_v2_0p15_v01,1,0.15,left,4,1908,False,,,
F1_seed_202608242,POOLED_OOF,sand_solref_interpolation_3of4_stronger_v2_0p15_v01,1,0.15,right,1,1594,False,,,
F1_seed_202608242,POOLED_OOF,sand_solref_interpolation_3of4_stronger_v2_0p15_v01,1,0.15,right,2,1768,False,,,
F1_seed_202608242,POOLED_OOF,sand_solref_interpolation_5of6_stronger_v2_0p15_v01,1,0.15,left,4,1905,False,,,
F1_seed_202608242,POOLED_OOF,sand_solref_interpolation_5of6_stronger_v2_0p15_v01,1,0.15,right,1,1575,False,,,
F1_seed_202608242,POOLED_OOF,sand_solref_interpolation_5of6_stronger_v2_0p15_v01,1,0.15,right,2,1763,False,,,
F1_seed_202608242,POOLED_OOF,ice_native_0p20_v01,1,0.2,left,2,360,False,,,
F1_seed_202608242,POOLED_OOF,ice_native_0p20_v01,1,0.2,left,17,1636,False,,,
F1_seed_202608242,POOLED_OOF,ice_native_0p20_v01,1,0.2,left,35,2202,False,,,
F1_seed_202608242,POOLED_OOF,ice_native_0p20_v01,1,0.2,right,1,265,False,,,
F1_seed_202608242,POOLED_OOF,ice_native_0p20_v01,1,0.2,right,6,507,False,,,
F1_seed_202608242,POOLED_OOF,ice_native_0p20_v01,1,0.2,right,20,1201,False,,,
F1_seed_202608242,POOLED_OOF,ice_native_0p20_v01,1,0.2,right,34,1813,False,,,
F1_seed_202608242,POOLED_OOF,ice_native_0p20_v01,1,0.2,right,55,2118,False,,,
F1_seed_202608242,POOLED_OOF,ice_native_0p20_v01,1,0.2,right,56,2283,True,2269,14,0
F1_seed_202608242,POOLED_OOF,ice_native_0p20_v01,1,0.2,right,58,2586,False,,,
F1_seed_202608242,POOLED_OOF,ice_native_0p10_v02,2,0.1,left,1,250,False,,,
F1_seed_202608242,POOLED_OOF,ice_native_0p10_v02,2,0.1,left,2,326,False,,,
F1_seed_202608242,POOLED_OOF,ice_native_0p10_v02,2,0.1,left,12,931,False,,,
F1_seed_202608242,POOLED_OOF,ice_native_0p10_v02,2,0.1,left,18,1475,False,,,
F1_seed_202608242,POOLED_OOF,ice_native_0p10_v02,2,0.1,left,24,2101,True,2019,82,0
F1_seed_202608242,POOLED_OOF,ice_native_0p10_v02,2,0.1,left,45,2657,False,,,
F1_seed_202608242,POOLED_OOF,ice_native_0p10_v02,2,0.1,right,0,147,False,,,
F1_seed_202608242,POOLED_OOF,ice_native_0p10_v02,2,0.1,right,6,435,False,,,
F1_seed_202608242,POOLED_OOF,ice_native_0p10_v02,2,0.1,right,21,1097,False,,,
F1_seed_202608242,POOLED_OOF,ice_native_0p10_v02,2,0.1,right,30,1645,False,,,
F1_seed_202608242,POOLED_OOF,ice_native_0p10_v02,2,0.1,right,31,1833,False,,,
F1_seed_202608242,POOLED_OOF,ice_native_0p10_v02,2,0.1,right,32,1920,False,,,
F1_seed_202608242,POOLED_OOF,ice_native_0p10_v02,2,0.1,right,39,2323,False,,,
F1_seed_202608242,POOLED_OOF,ice_native_0p10_v02,2,0.1,right,48,2816,False,,,
F1_seed_202608242,POOLED_OOF,sand_solref_interpolation_2of3_0p10_v02,2,0.1,left,2,1946,False,,,
F1_seed_202608242,POOLED_OOF,sand_solref_interpolation_2of3_0p10_v02,2,0.1,right,3,1962,False,,,
F1_seed_202608242,POOLED_OOF,sand_solref_interpolation_3of4_stronger_v2_0p10_v02,2,0.1,left,2,1948,False,,,
F1_seed_202608242,POOLED_OOF,sand_solref_interpolation_5of6_stronger_v2_0p10_v02,2,0.1,left,2,1894,True,1809,85,0
F1_seed_202608242,POOLED_OOF,ice_native_0p15_v02,2,0.15,left,1,250,False,,,
F1_seed_202608242,POOLED_OOF,ice_native_0p15_v02,2,0.15,left,2,424,False,,,
F1_seed_202608242,POOLED_OOF,ice_native_0p15_v02,2,0.15,left,16,1528,False,,,
F1_seed_202608242,POOLED_OOF,ice_native_0p15_v02,2,0.15,left,30,2121,False,,,
F1_seed_202608242,POOLED_OOF,ice_native_0p15_v02,2,0.15,right,7,435,False,,,
F1_seed_202608242,POOLED_OOF,ice_native_0p15_v02,2,0.15,right,20,1100,False,,,
F1_seed_202608242,POOLED_OOF,ice_native_0p15_v02,2,0.15,right,25,1633,False,,,
F1_seed_202608242,POOLED_OOF,ice_native_0p15_v02,2,0.15,right,27,1870,False,,,
F1_seed_202608242,POOLED_OOF,ice_native_0p15_v02,2,0.15,right,35,2502,False,,,
F1_seed_202608242,POOLED_OOF,ice_native_0p20_v02,2,0.2,left,1,251,False,,,
F1_seed_202608242,POOLED_OOF,ice_native_0p20_v02,2,0.2,left,2,410,False,,,
F1_seed_202608242,POOLED_OOF,ice_native_0p20_v02,2,0.2,right,1,153,False,,,
F1_seed_202608242,POOLED_OOF,ice_native_0p20_v02,2,0.2,right,7,424,False,,,
F1_seed_202608242,POOLED_OOF,ice_native_0p20_v02,2,0.2,right,23,1092,False,,,
F1_seed_202608242,POOLED_OOF,ice_native_0p20_v02,2,0.2,right,74,2312,False,,,
F1_seed_202608242,POOLED_OOF,ice_native_0p20_v02,2,0.2,right,83,2858,False,,,
F1_seed_202608242,POOLED_OOF,sand_solref_interpolation_2of3_0p20_v02,2,0.2,left,1,1137,True,1189,-52,52
F1_seed_202608242,POOLED_OOF,sand_solref_interpolation_3of4_stronger_v2_0p20_v02,2,0.2,left,1,982,True,1189,-207,207
F1_seed_202608242,POOLED_OOF,sand_solref_interpolation_5of6_stronger_v2_0p20_v02,2,0.2,left,1,936,True,1189,-253,253
F1_seed_202608242,POOLED_OOF,ice_native_0p10_v03,0,0.1,left,0,169,False,,,
F1_seed_202608242,POOLED_OOF,ice_native_0p10_v03,0,0.1,left,3,287,False,,,
F1_seed_202608242,POOLED_OOF,ice_native_0p10_v03,0,0.1,left,4,354,False,,,
F1_seed_202608242,POOLED_OOF,ice_native_0p10_v03,0,0.1,left,12,1359,True,1329,30,0
F1_seed_202608242,POOLED_OOF,ice_native_0p10_v03,0,0.1,left,54,2540,True,2509,31,0
F1_seed_202608242,POOLED_OOF,ice_native_0p10_v03,0,0.1,right,30,943,True,989,-46,46
F1_seed_202608242,POOLED_OOF,ice_native_0p10_v03,0,0.1,right,39,1627,False,,,
F1_seed_202608242,POOLED_OOF,ice_native_0p10_v03,0,0.1,right,55,2070,False,,,
F1_seed_202608242,POOLED_OOF,ice_native_0p10_v03,0,0.1,right,56,2248,False,,,
F1_seed_202608242,POOLED_OOF,ice_native_0p10_v03,0,0.1,right,57,2388,False,,,
F1_seed_202608242,POOLED_OOF,ice_native_0p10_v03,0,0.1,right,66,2972,False,,,
F1_seed_202608242,POOLED_OOF,ice_native_0p15_v03,0,0.15,left,0,170,False,,,
F1_seed_202608242,POOLED_OOF,ice_native_0p15_v03,0,0.15,left,2,270,False,,,
F1_seed_202608242,POOLED_OOF,ice_native_0p15_v03,0,0.15,left,16,1394,True,1359,35,0
F1_seed_202608242,POOLED_OOF,ice_native_0p15_v03,0,0.15,left,18,1545,False,,,
F1_seed_202608242,POOLED_OOF,ice_native_0p15_v03,0,0.15,left,29,2644,False,,,
F1_seed_202608242,POOLED_OOF,ice_native_0p15_v03,0,0.15,right,29,920,False,,,
F1_seed_202608242,POOLED_OOF,ice_native_0p15_v03,0,0.15,right,75,2911,False,,,
F1_seed_202608242,POOLED_OOF,sand_solref_interpolation_2of3_0p15_v03,0,0.15,left,2,1773,False,,,
F1_seed_202608242,POOLED_OOF,sand_solref_interpolation_2of3_0p15_v03,0,0.15,left,3,1911,False,,,
F1_seed_202608242,POOLED_OOF,sand_solref_interpolation_2of3_0p15_v03,0,0.15,right,3,1795,False,,,
F1_seed_202608242,POOLED_OOF,sand_solref_interpolation_3of4_stronger_v2_0p15_v03,0,0.15,left,2,1793,False,,,
F1_seed_202608242,POOLED_OOF,sand_solref_interpolation_3of4_stronger_v2_0p15_v03,0,0.15,right,6,1815,False,,,
F1_seed_202608242,POOLED_OOF,sand_solref_interpolation_5of6_stronger_v2_0p15_v03,0,0.15,left,2,1732,False,,,
F1_seed_202608242,POOLED_OOF,sand_solref_interpolation_5of6_stronger_v2_0p15_v03,0,0.15,right,3,1767,False,,,
F1_seed_202608242,POOLED_OOF,ice_native_0p20_v03,0,0.2,left,0,170,False,,,
F1_seed_202608242,POOLED_OOF,ice_native_0p20_v03,0,0.2,left,1,238,False,,,
F1_seed_202608242,POOLED_OOF,ice_native_0p20_v03,0,0.2,left,13,1470,False,,,
F1_seed_202608242,POOLED_OOF,ice_native_0p20_v03,0,0.2,left,45,2588,False,,,
F1_seed_202608242,POOLED_OOF,ice_native_0p20_v03,0,0.2,right,29,930,True,979,-49,49
F1_seed_202608242,POOLED_OOF,ice_native_0p20_v03,0,0.2,right,53,1809,False,,,
F1_seed_202608242,POOLED_OOF,ice_native_0p20_v03,0,0.2,right,61,2053,False,,,
F1_seed_202608242,POOLED_OOF,ice_native_0p20_v03,0,0.2,right,63,2242,False,,,
F1_seed_202608242,POOLED_OOF,ice_native_0p20_v03,0,0.2,right,71,2681,False,,,
F1_seed_202608242,POOLED_OOF,ice_native_0p20_v03,0,0.2,right,82,2860,False,,,
F1_seed_202608242,POOLED_OOF,ice_native_0p10_v04,1,0.1,left,0,237,False,,,
F1_seed_202608242,POOLED_OOF,ice_native_0p10_v04,1,0.1,left,7,615,False,,,
F1_seed_202608242,POOLED_OOF,ice_native_0p10_v04,1,0.1,left,30,1290,False,,,
F1_seed_202608242,POOLED_OOF,ice_native_0p10_v04,1,0.1,left,39,1794,False,,,
F1_seed_202608242,POOLED_OOF,ice_native_0p10_v04,1,0.1,left,75,2438,False,,,
F1_seed_202608242,POOLED_OOF,ice_native_0p10_v04,1,0.1,left,86,2918,False,,,
F1_seed_202608242,POOLED_OOF,ice_native_0p10_v04,1,0.1,right,3,348,False,,,
F1_seed_202608242,POOLED_OOF,ice_native_0p10_v04,1,0.1,right,4,440,False,,,
F1_seed_202608242,POOLED_OOF,ice_native_0p10_v04,1,0.1,right,20,890,False,,,
F1_seed_202608242,POOLED_OOF,ice_native_0p10_v04,1,0.1,right,39,1442,False,,,
F1_seed_202608242,POOLED_OOF,ice_native_0p10_v04,1,0.1,right,40,1650,False,,,
F1_seed_202608242,POOLED_OOF,ice_native_0p10_v04,1,0.1,right,47,2238,False,,,
F1_seed_202608242,POOLED_OOF,ice_native_0p10_v04,1,0.1,right,59,2609,False,,,
F1_seed_202608242,POOLED_OOF,sand_solref_interpolation_2of3_0p10_v04,1,0.1,left,44,2402,False,,,
F1_seed_202608242,POOLED_OOF,sand_solref_interpolation_2of3_0p10_v04,1,0.1,right,2,1837,False,,,
F1_seed_202608242,POOLED_OOF,sand_solref_interpolation_2of3_0p10_v04,1,0.1,right,3,2050,False,,,
F1_seed_202608242,POOLED_OOF,sand_solref_interpolation_2of3_0p10_v04,1,0.1,right,5,2615,False,,,
F1_seed_202608242,POOLED_OOF,sand_solref_interpolation_3of4_stronger_v2_0p10_v04,1,0.1,right,3,1856,False,,,
F1_seed_202608242,POOLED_OOF,sand_solref_interpolation_3of4_stronger_v2_0p10_v04,1,0.1,right,4,2486,True,2689,-203,203
F1_seed_202608242,POOLED_OOF,sand_solref_interpolation_5of6_stronger_v2_0p10_v04,1,0.1,right,3,1855,True,1759,96,0
F1_seed_202608242,POOLED_OOF,sand_solref_interpolation_5of6_stronger_v2_0p10_v04,1,0.1,right,4,2468,False,,,
F1_seed_202608242,POOLED_OOF,ice_native_0p15_v04,1,0.15,left,0,232,False,,,
F1_seed_202608242,POOLED_OOF,ice_native_0p15_v04,1,0.15,left,8,625,False,,,
F1_seed_202608242,POOLED_OOF,ice_native_0p15_v04,1,0.15,left,32,1289,False,,,
F1_seed_202608242,POOLED_OOF,ice_native_0p15_v04,1,0.15,left,41,1795,True,1759,36,0
F1_seed_202608242,POOLED_OOF,ice_native_0p15_v04,1,0.15,right,3,351,False,,,
F1_seed_202608242,POOLED_OOF,ice_native_0p15_v04,1,0.15,right,19,1070,False,,,
F1_seed_202608242,POOLED_OOF,ice_native_0p15_v04,1,0.15,right,39,1487,False,,,
F1_seed_202608242,POOLED_OOF,ice_native_0p15_v04,1,0.15,right,40,1649,False,,,
F1_seed_202608242,POOLED_OOF,ice_native_0p15_v04,1,0.15,right,50,2014,False,,,
F1_seed_202608242,POOLED_OOF,ice_native_0p15_v04,1,0.15,right,51,2244,False,,,
F1_seed_202608242,POOLED_OOF,ice_native_0p15_v04,1,0.15,right,62,2542,False,,,
F1_seed_202608242,POOLED_OOF,ice_native_0p15_v04,1,0.15,right,63,2829,False,,,
F1_seed_202608242,POOLED_OOF,ice_native_0p20_v04,1,0.2,left,0,227,False,,,
F1_seed_202608242,POOLED_OOF,ice_native_0p20_v04,1,0.2,left,5,632,True,589,43,0
F1_seed_202608242,POOLED_OOF,ice_native_0p20_v04,1,0.2,left,6,664,False,,,
F1_seed_202608242,POOLED_OOF,ice_native_0p20_v04,1,0.2,left,7,692,False,,,
F1_seed_202608242,POOLED_OOF,ice_native_0p20_v04,1,0.2,left,8,770,False,,,
F1_seed_202608242,POOLED_OOF,ice_native_0p20_v04,1,0.2,left,50,1154,False,,,
F1_seed_202608242,POOLED_OOF,ice_native_0p20_v04,1,0.2,left,58,1922,False,,,
F1_seed_202608242,POOLED_OOF,ice_native_0p20_v04,1,0.2,left,72,2503,False,,,
F1_seed_202608242,POOLED_OOF,ice_native_0p20_v04,1,0.2,left,78,2997,False,,,
F1_seed_202608242,POOLED_OOF,ice_native_0p20_v04,1,0.2,right,4,358,False,,,
F1_seed_202608242,POOLED_OOF,ice_native_0p20_v04,1,0.2,right,15,1075,False,,,
F1_seed_202608242,POOLED_OOF,ice_native_0p20_v04,1,0.2,right,25,1503,True,1469,34,0
F1_seed_202608242,POOLED_OOF,ice_native_0p20_v04,1,0.2,right,49,2339,False,,,
F1_seed_202608242,POOLED_OOF,ice_native_0p20_v04,1,0.2,right,69,2627,False,,,
F1_seed_202608242,POOLED_OOF,ice_native_0p20_v04,1,0.2,right,70,2805,False,,,
F1_seed_202608242,POOLED_OOF,positive_0p10_left_early_loading_native_strong_ice_v0,0,0.1,left,0,143,False,,,
F1_seed_202608242,POOLED_OOF,positive_0p10_left_early_loading_native_strong_ice_v0,0,0.1,left,29,1063,False,,,
F1_seed_202608242,POOLED_OOF,positive_0p10_left_early_loading_native_strong_ice_v0,0,0.1,left,31,1249,False,,,
F1_seed_202608242,POOLED_OOF,positive_0p10_left_early_loading_native_strong_ice_v0,0,0.1,left,44,1614,False,,,
F1_seed_202608242,POOLED_OOF,positive_0p10_left_early_loading_native_strong_ice_v1,1,0.1,left,13,881,True,869,12,0
F1_seed_202608242,POOLED_OOF,positive_0p10_left_early_loading_native_strong_ice_v1,1,0.1,left,14,953,False,,,
F1_seed_202608242,POOLED_OOF,positive_0p10_left_early_loading_native_strong_ice_v1,1,0.1,left,16,1027,False,,,
F1_seed_202608242,POOLED_OOF,positive_0p10_left_early_loading_native_strong_ice_v1,1,0.1,left,24,1214,False,,,
F1_seed_202608242,POOLED_OOF,positive_0p10_left_early_loading_native_strong_ice_v2,2,0.1,left,1,234,False,,,
F1_seed_202608242,POOLED_OOF,positive_0p10_left_early_loading_native_strong_ice_v2,2,0.1,left,6,712,True,689,23,0
F1_seed_202608242,POOLED_OOF,positive_0p10_left_early_loading_native_strong_ice_v2,2,0.1,left,13,864,False,,,
F1_seed_202608242,POOLED_OOF,positive_0p10_left_early_loading_native_strong_ice_v2,2,0.1,left,19,1200,False,,,
F1_seed_202608242,POOLED_OOF,positive_0p10_left_early_loading_native_strong_ice_v2,2,0.1,left,20,1351,False,,,
F1_seed_202608242,POOLED_OOF,positive_0p10_left_early_loading_native_strong_ice_v2,2,0.1,left,37,1730,False,,,
F1_seed_202608242,POOLED_OOF,positive_0p10_left_early_loading_native_strong_ice_v2,2,0.1,left,38,1792,False,,,
F1_seed_202608242,POOLED_OOF,positive_0p10_left_mid_loading_early_stance_native_strong_ice_v0,0,0.1,left,3,695,False,,,
F1_seed_202608242,POOLED_OOF,positive_0p10_left_mid_loading_early_stance_native_strong_ice_v0,0,0.1,left,6,1218,False,,,
F1_seed_202608242,POOLED_OOF,positive_0p10_left_mid_loading_early_stance_native_strong_ice_v0,0,0.1,left,9,1829,False,,,
F1_seed_202608242,POOLED_OOF,positive_0p10_left_mid_loading_early_stance_native_strong_ice_v0,0,0.1,left,12,2444,False,,,
F1_seed_202608242,POOLED_OOF,positive_0p10_left_mid_loading_early_stance_native_strong_ice_v1,1,0.1,left,1,442,False,,,
F1_seed_202608242,POOLED_OOF,positive_0p10_left_mid_loading_early_stance_native_strong_ice_v1,1,0.1,left,2,1060,False,,,
F1_seed_202608242,POOLED_OOF,positive_0p10_left_mid_loading_early_stance_native_strong_ice_v1,1,0.1,left,7,2262,False,,,
F1_seed_202608242,POOLED_OOF,positive_0p10_left_mid_loading_early_stance_native_strong_ice_v1,1,0.1,left,10,2833,False,,,
F1_seed_202608242,POOLED_OOF,positive_0p10_left_mid_loading_early_stance_native_strong_ice_v2,2,0.1,left,0,301,False,,,
F1_seed_202608242,POOLED_OOF,positive_0p10_left_mid_loading_early_stance_native_strong_ice_v2,2,0.1,left,3,823,False,,,
F1_seed_202608242,POOLED_OOF,positive_0p10_left_mid_loading_early_stance_native_strong_ice_v2,2,0.1,left,6,1484,False,,,
F1_seed_202608242,POOLED_OOF,positive_0p10_left_mid_loading_early_stance_native_strong_ice_v2,2,0.1,left,11,2608,False,,,
F1_seed_202608242,POOLED_OOF,positive_0p10_left_mid_late_stance_native_strong_ice_v0,0,0.1,left,1,857,False,,,
F1_seed_202608242,POOLED_OOF,positive_0p10_left_mid_late_stance_native_strong_ice_v0,0,0.1,left,2,1417,False,,,
F1_seed_202608242,POOLED_OOF,positive_0p10_left_mid_late_stance_native_strong_ice_v0,0,0.1,left,9,2580,False,,,
F1_seed_202608242,POOLED_OOF,positive_0p10_left_mid_late_stance_native_strong_ice_v1,1,0.1,left,1,569,False,,,
F1_seed_202608242,POOLED_OOF,positive_0p10_left_mid_late_stance_native_strong_ice_v1,1,0.1,left,3,1176,False,,,
F1_seed_202608242,POOLED_OOF,positive_0p10_left_mid_late_stance_native_strong_ice_v1,1,0.1,left,4,1780,False,,,
F1_seed_202608242,POOLED_OOF,positive_0p10_left_mid_late_stance_native_strong_ice_v1,1,0.1,left,6,2376,False,,,
F1_seed_202608242,POOLED_OOF,positive_0p10_left_mid_late_stance_native_strong_ice_v2,2,0.1,left,4,1533,False,,,
F1_seed_202608242,POOLED_OOF,positive_0p10_right_early_loading_native_strong_ice_v0,0,0.1,right,1,284,False,,,
F1_seed_202608242,POOLED_OOF,positive_0p10_right_early_loading_native_strong_ice_v0,0,0.1,right,8,769,False,,,
F1_seed_202608242,POOLED_OOF,positive_0p10_right_early_loading_native_strong_ice_v0,0,0.1,right,11,864,False,,,
F1_seed_202608242,POOLED_OOF,positive_0p10_right_early_loading_native_strong_ice_v0,0,0.1,right,13,922,False,,,
F1_seed_202608242,POOLED_OOF,positive_0p10_right_early_loading_native_strong_ice_v1,1,0.1,right,0,148,False,,,
F1_seed_202608242,POOLED_OOF,positive_0p10_right_early_loading_native_strong_ice_v1,1,0.1,right,8,642,False,,,
F1_seed_202608242,POOLED_OOF,positive_0p10_right_early_loading_native_strong_ice_v2,2,0.1,right,13,912,False,,,
F1_seed_202608242,POOLED_OOF,positive_0p10_right_mid_loading_early_stance_native_strong_ice_v0,0,0.1,right,5,1056,False,,,
F1_seed_202608242,POOLED_OOF,positive_0p10_right_mid_loading_early_stance_native_strong_ice_v0,0,0.1,right,18,1519,False,,,
F1_seed_202608242,POOLED_OOF,positive_0p10_right_mid_loading_early_stance_native_strong_ice_v1,1,0.1,right,0,192,False,,,
F1_seed_202608242,POOLED_OOF,positive_0p10_right_mid_loading_early_stance_native_strong_ice_v1,1,0.1,right,6,750,False,,,
F1_seed_202608242,POOLED_OOF,positive_0p10_right_mid_loading_early_stance_native_strong_ice_v1,1,0.1,right,10,1344,False,,,
F1_seed_202608242,POOLED_OOF,positive_0p10_right_mid_loading_early_stance_native_strong_ice_v1,1,0.1,right,17,1925,False,,,
F1_seed_202608242,POOLED_OOF,positive_0p10_right_mid_loading_early_stance_native_strong_ice_v1,1,0.1,right,20,2517,False,,,
F1_seed_202608242,POOLED_OOF,positive_0p10_right_mid_loading_early_stance_native_strong_ice_v2,2,0.1,right,8,1696,False,,,
F1_seed_202608242,POOLED_OOF,positive_0p10_right_mid_loading_early_stance_native_strong_ice_v2,2,0.1,right,10,2277,False,,,
F1_seed_202608242,POOLED_OOF,positive_0p10_right_mid_late_stance_native_strong_ice_v0,0,0.1,right,1,477,False,,,
F1_seed_202608242,POOLED_OOF,positive_0p10_right_mid_late_stance_native_strong_ice_v0,0,0.1,right,6,1062,False,,,
F1_seed_202608242,POOLED_OOF,positive_0p10_right_mid_late_stance_native_strong_ice_v1,1,0.1,right,1,911,False,,,
F1_seed_202608242,POOLED_OOF,positive_0p10_right_mid_late_stance_native_strong_ice_v1,1,0.1,right,8,2672,False,,,
F1_seed_202608242,POOLED_OOF,positive_0p15_left_early_loading_native_strong_ice_v0,0,0.15,left,0,139,False,,,
F1_seed_202608242,POOLED_OOF,positive_0p15_left_early_loading_native_strong_ice_v0,0,0.15,left,5,591,False,,,
F1_seed_202608242,POOLED_OOF,positive_0p15_left_early_loading_native_strong_ice_v0,0,0.15,left,22,1064,False,,,
F1_seed_202608242,POOLED_OOF,positive_0p15_left_early_loading_native_strong_ice_v0,0,0.15,left,24,1169,False,,,
F1_seed_202608242,POOLED_OOF,positive_0p15_left_early_loading_native_strong_ice_v1,1,0.15,left,1,369,False,,,
F1_seed_202608242,POOLED_OOF,positive_0p15_left_early_loading_native_strong_ice_v1,1,0.15,left,4,454,False,,,
F1_seed_202608242,POOLED_OOF,positive_0p15_left_early_loading_native_strong_ice_v1,1,0.15,left,14,874,True,839,35,0
F1_seed_202608242,POOLED_OOF,positive_0p15_left_early_loading_native_strong_ice_v1,1,0.15,left,20,1063,False,,,
F1_seed_202608242,POOLED_OOF,positive_0p15_left_early_loading_native_strong_ice_v1,1,0.15,left,34,1337,True,1359,-22,22
F1_seed_202608242,POOLED_OOF,positive_0p15_left_mid_loading_early_stance_native_strong_ice_v0,0,0.15,left,7,692,False,,,
F1_seed_202608242,POOLED_OOF,positive_0p15_left_mid_loading_early_stance_native_strong_ice_v0,0,0.15,left,9,1237,False,,,
F1_seed_202608242,POOLED_OOF,positive_0p15_left_mid_loading_early_stance_native_strong_ice_v0,0,0.15,left,14,2466,False,,,
F1_seed_202608242,POOLED_OOF,positive_0p15_left_mid_loading_early_stance_native_strong_ice_v1,1,0.15,left,1,442,False,,,
F1_seed_202608242,POOLED_OOF,positive_0p15_left_mid_loading_early_stance_native_strong_ice_v1,1,0.15,left,4,1054,False,,,
F1_seed_202608242,POOLED_OOF,positive_0p15_left_mid_loading_early_stance_native_strong_ice_v1,1,0.15,left,6,1638,False,,,
F1_seed_202608242,POOLED_OOF,positive_0p15_left_mid_loading_early_stance_native_strong_ice_v1,1,0.15,left,13,2868,False,,,
F1_seed_202608242,POOLED_OOF,positive_0p15_left_mid_loading_early_stance_native_strong_ice_v2,2,0.15,left,0,234,False,,,
F1_seed_202608242,POOLED_OOF,positive_0p15_left_mid_loading_early_stance_native_strong_ice_v2,2,0.15,left,2,888,False,,,
F1_seed_202608242,POOLED_OOF,positive_0p15_left_mid_loading_early_stance_native_strong_ice_v2,2,0.15,left,4,1392,False,,,
F1_seed_202608242,POOLED_OOF,positive_0p15_left_mid_loading_early_stance_native_strong_ice_v2,2,0.15,left,6,2004,False,,,
F1_seed_202608242,POOLED_OOF,positive_0p15_left_mid_loading_early_stance_native_strong_ice_v2,2,0.15,left,9,2594,False,,,
F1_seed_202608242,POOLED_OOF,positive_0p15_left_mid_late_stance_native_strong_ice_v1,1,0.15,left,1,567,False,,,
F1_seed_202608242,POOLED_OOF,positive_0p15_left_mid_late_stance_native_strong_ice_v2,2,0.15,left,7,949,False,,,
F1_seed_202608242,POOLED_OOF,positive_0p15_left_mid_late_stance_native_strong_ice_v2,2,0.15,left,13,1521,False,,,
F1_seed_202608242,POOLED_OOF,positive_0p15_left_mid_late_stance_native_strong_ice_v2,2,0.15,left,17,2756,False,,,
F1_seed_202608242,POOLED_OOF,positive_0p15_right_early_loading_native_strong_ice_v0,0,0.15,right,1,282,False,,,
F1_seed_202608242,POOLED_OOF,positive_0p15_right_early_loading_native_strong_ice_v0,0,0.15,right,2,339,False,,,
F1_seed_202608242,POOLED_OOF,positive_0p15_right_early_loading_native_strong_ice_v0,0,0.15,right,10,775,True,749,26,0
F1_seed_202608242,POOLED_OOF,positive_0p15_right_early_loading_native_strong_ice_v0,0,0.15,right,11,844,False,,,
F1_seed_202608242,POOLED_OOF,positive_0p15_right_early_loading_native_strong_ice_v1,1,0.15,right,12,642,False,,,
F1_seed_202608242,POOLED_OOF,positive_0p15_right_early_loading_native_strong_ice_v2,2,0.15,right,4,444,False,,,
F1_seed_202608242,POOLED_OOF,positive_0p15_right_early_loading_native_strong_ice_v2,2,0.15,right,5,499,False,,,
F1_seed_202608242,POOLED_OOF,positive_0p15_right_early_loading_native_strong_ice_v2,2,0.15,right,16,906,False,,,
F1_seed_202608242,POOLED_OOF,positive_0p15_right_mid_loading_early_stance_native_strong_ice_v0,0,0.15,right,1,366,False,,,
F1_seed_202608242,POOLED_OOF,positive_0p15_right_mid_loading_early_stance_native_strong_ice_v0,0,0.15,right,3,925,False,,,
F1_seed_202608242,POOLED_OOF,positive_0p15_right_mid_loading_early_stance_native_strong_ice_v0,0,0.15,right,6,1521,False,,,
F1_seed_202608242,POOLED_OOF,positive_0p15_right_mid_loading_early_stance_native_strong_ice_v0,0,0.15,right,9,2140,False,,,
F1_seed_202608242,POOLED_OOF,positive_0p15_right_mid_loading_early_stance_native_strong_ice_v1,1,0.15,right,0,193,False,,,
F1_seed_202608242,POOLED_OOF,positive_0p15_right_mid_loading_early_stance_native_strong_ice_v1,1,0.15,right,15,731,False,,,
F1_seed_202608242,POOLED_OOF,positive_0p15_right_mid_loading_early_stance_native_strong_ice_v1,1,0.15,right,21,1948,False,,,
F1_seed_202608242,POOLED_OOF,positive_0p15_right_mid_loading_early_stance_native_strong_ice_v1,1,0.15,right,24,2539,False,,,
F1_seed_202608242,POOLED_OOF,positive_0p15_right_mid_loading_early_stance_native_strong_ice_v2,2,0.15,right,1,603,False,,,
F1_seed_202608242,POOLED_OOF,positive_0p15_right_mid_loading_early_stance_native_strong_ice_v2,2,0.15,right,3,1095,False,,,
F1_seed_202608242,POOLED_OOF,positive_0p15_right_mid_loading_early_stance_native_strong_ice_v2,2,0.15,right,7,1773,False,,,
F1_seed_202608242,POOLED_OOF,positive_0p15_right_mid_loading_early_stance_native_strong_ice_v2,2,0.15,right,17,2237,False,,,
F1_seed_202608242,POOLED_OOF,positive_0p15_right_mid_loading_early_stance_native_strong_ice_v2,2,0.15,right,22,2803,False,,,
F1_seed_202608242,POOLED_OOF,positive_0p15_right_mid_late_stance_native_strong_ice_v1,1,0.15,right,6,2074,False,,,
F1_seed_202608242,POOLED_OOF,positive_0p15_right_mid_late_stance_native_strong_ice_v2,2,0.15,right,1,638,False,,,
F1_seed_202608242,POOLED_OOF,positive_0p15_right_mid_late_stance_native_strong_ice_v2,2,0.15,right,4,1214,False,,,
F1_seed_202608242,POOLED_OOF,positive_0p15_right_mid_late_stance_native_strong_ice_v2,2,0.15,right,8,2444,False,,,
F1_seed_202608242,POOLED_OOF,positive_0p20_left_early_loading_native_strong_ice_v0,0,0.2,left,0,134,False,,,
F1_seed_202608242,POOLED_OOF,positive_0p20_left_early_loading_native_strong_ice_v0,0,0.2,left,5,623,False,,,
F1_seed_202608242,POOLED_OOF,positive_0p20_left_early_loading_native_strong_ice_v0,0,0.2,left,17,1064,False,,,
F1_seed_202608242,POOLED_OOF,positive_0p20_left_early_loading_native_strong_ice_v0,0,0.2,left,18,1152,False,,,
F1_seed_202608242,POOLED_OOF,positive_0p20_left_early_loading_native_strong_ice_v0,0,0.2,left,20,1221,False,,,
F1_seed_202608242,POOLED_OOF,positive_0p20_left_early_loading_native_strong_ice_v1,1,0.2,left,1,370,False,,,
F1_seed_202608242,POOLED_OOF,positive_0p20_left_early_loading_native_strong_ice_v1,1,0.2,left,5,457,False,,,
F1_seed_202608242,POOLED_OOF,positive_0p20_left_early_loading_native_strong_ice_v1,1,0.2,left,22,873,True,829,44,0
F1_seed_202608242,POOLED_OOF,positive_0p20_left_early_loading_native_strong_ice_v1,1,0.2,left,23,1000,False,,,
F1_seed_202608242,POOLED_OOF,positive_0p20_left_early_loading_native_strong_ice_v1,1,0.2,left,37,1427,True,1399,28,0
F1_seed_202608242,POOLED_OOF,positive_0p20_left_mid_loading_early_stance_native_strong_ice_v0,0,0.2,left,2,699,False,,,
F1_seed_202608242,POOLED_OOF,positive_0p20_left_mid_loading_early_stance_native_strong_ice_v0,0,0.2,left,3,1247,False,,,
F1_seed_202608242,POOLED_OOF,positive_0p20_left_mid_loading_early_stance_native_strong_ice_v0,0,0.2,left,5,1826,False,,,
F1_seed_202608242,POOLED_OOF,positive_0p20_left_mid_loading_early_stance_native_strong_ice_v0,0,0.2,left,7,2438,False,,,
F1_seed_202608242,POOLED_OOF,positive_0p20_left_mid_loading_early_stance_native_strong_ice_v1,1,0.2,left,4,1037,False,,,
F1_seed_202608242,POOLED_OOF,positive_0p20_left_mid_loading_early_stance_native_strong_ice_v1,1,0.2,left,9,2256,False,,,
F1_seed_202608242,POOLED_OOF,positive_0p20_left_mid_loading_early_stance_native_strong_ice_v1,1,0.2,left,10,2858,False,,,
F1_seed_202608242,POOLED_OOF,positive_0p20_left_mid_loading_early_stance_native_strong_ice_v2,2,0.2,left,3,923,False,,,
F1_seed_202608242,POOLED_OOF,positive_0p20_left_mid_loading_early_stance_native_strong_ice_v2,2,0.2,left,5,1392,False,,,
F1_seed_202608242,POOLED_OOF,positive_0p20_left_mid_loading_early_stance_native_strong_ice_v2,2,0.2,left,9,2088,False,,,
F1_seed_202608242,POOLED_OOF,positive_0p20_left_mid_loading_early_stance_native_strong_ice_v2,2,0.2,left,10,2600,False,,,
F1_seed_202608242,POOLED_OOF,positive_0p20_left_mid_late_stance_native_strong_ice_v0,0,0.2,left,1,856,False,,,
F1_seed_202608242,POOLED_OOF,positive_0p20_left_mid_late_stance_native_strong_ice_v0,0,0.2,left,2,1429,False,,,
F1_seed_202608242,POOLED_OOF,positive_0p20_left_mid_late_stance_native_strong_ice_v0,0,0.2,left,8,1987,False,,,
F1_seed_202608242,POOLED_OOF,positive_0p20_left_mid_late_stance_native_strong_ice_v0,0,0.2,left,16,2574,False,,,
F1_seed_202608242,POOLED_OOF,positive_0p20_left_mid_late_stance_native_strong_ice_v1,1,0.2,left,4,1817,False,,,
F1_seed_202608242,POOLED_OOF,positive_0p20_right_early_loading_native_strong_ice_v0,0,0.2,right,1,281,False,,,
F1_seed_202608242,POOLED_OOF,positive_0p20_right_early_loading_native_strong_ice_v0,0,0.2,right,2,373,False,,,
F1_seed_202608242,POOLED_OOF,positive_0p20_right_early_loading_native_strong_ice_v0,0,0.2,right,7,779,False,,,
F1_seed_202608242,POOLED_OOF,positive_0p20_right_early_loading_native_strong_ice_v0,0,0.2,right,8,832,False,,,
F1_seed_202608242,POOLED_OOF,positive_0p20_right_early_loading_native_strong_ice_v1,1,0.2,right,0,144,False,,,
F1_seed_202608242,POOLED_OOF,positive_0p20_right_early_loading_native_strong_ice_v1,1,0.2,right,7,646,False,,,
F1_seed_202608242,POOLED_OOF,positive_0p20_right_early_loading_native_strong_ice_v1,1,0.2,right,16,799,False,,,
F1_seed_202608242,POOLED_OOF,positive_0p20_right_early_loading_native_strong_ice_v2,2,0.2,right,4,444,False,,,
F1_seed_202608242,POOLED_OOF,positive_0p20_right_early_loading_native_strong_ice_v2,2,0.2,right,13,911,False,,,
F1_seed_202608242,POOLED_OOF,positive_0p20_right_early_loading_native_strong_ice_v2,2,0.2,right,15,987,False,,,
F1_seed_202608242,POOLED_OOF,positive_0p20_right_mid_loading_early_stance_native_strong_ice_v0,0,0.2,right,1,365,False,,,
F1_seed_202608242,POOLED_OOF,positive_0p20_right_mid_loading_early_stance_native_strong_ice_v0,0,0.2,right,7,1551,False,,,
F1_seed_202608242,POOLED_OOF,positive_0p20_right_mid_loading_early_stance_native_strong_ice_v0,0,0.2,right,13,2760,False,,,
F1_seed_202608242,POOLED_OOF,positive_0p20_right_mid_loading_early_stance_native_strong_ice_v1,1,0.2,right,0,188,False,,,
F1_seed_202608242,POOLED_OOF,positive_0p20_right_mid_loading_early_stance_native_strong_ice_v1,1,0.2,right,9,1346,False,,,
F1_seed_202608242,POOLED_OOF,positive_0p20_right_mid_loading_early_stance_native_strong_ice_v1,1,0.2,right,19,2529,False,,,
F1_seed_202608242,POOLED_OOF,positive_0p20_right_mid_loading_early_stance_native_strong_ice_v2,2,0.2,right,4,522,False,,,
F1_seed_202608242,POOLED_OOF,positive_0p20_right_mid_loading_early_stance_native_strong_ice_v2,2,0.2,right,11,1066,False,,,
F1_seed_202608242,POOLED_OOF,positive_0p20_right_mid_loading_early_stance_native_strong_ice_v2,2,0.2,right,13,1701,False,,,
F1_seed_202608242,POOLED_OOF,positive_0p20_right_mid_loading_early_stance_native_strong_ice_v2,2,0.2,right,23,2894,False,,,
F1_seed_202608242,POOLED_OOF,positive_0p20_right_mid_late_stance_native_strong_ice_v0,0,0.2,right,1,476,False,,,
F1_seed_202608242,POOLED_OOF,positive_0p20_right_mid_late_stance_native_strong_ice_v0,0,0.2,right,6,1067,False,,,
F1_seed_202608242,POOLED_OOF,positive_0p20_right_mid_late_stance_native_strong_ice_v0,0,0.2,right,13,1660,False,,,
F1_seed_202608242,POOLED_OOF,positive_0p20_right_mid_late_stance_native_strong_ice_v0,0,0.2,right,21,2266,False,,,
F1_seed_202608242,POOLED_OOF,positive_0p20_right_mid_late_stance_native_strong_ice_v0,0,0.2,right,22,2871,False,,,
F1_seed_202608242,POOLED_OOF,positive_0p20_right_mid_late_stance_native_strong_ice_v1,1,0.2,right,3,1524,False,,,
F1_seed_202608242,POOLED_OOF,positive_0p20_right_mid_late_stance_native_strong_ice_v1,1,0.2,right,6,2075,False,,,
F1_seed_202608242,POOLED_OOF,positive_0p20_right_mid_late_stance_native_strong_ice_v1,1,0.2,right,20,2652,False,,,
F1_seed_202608242,POOLED_OOF,positive_0p20_right_mid_late_stance_native_strong_ice_v2,2,0.2,right,8,2422,False,,,
F1_seed_202608242,POOLED_OOF,positive_0p10_left_early_loading_v0_M1,0,0.1,left,4,627,False,,,
F1_seed_202608242,POOLED_OOF,positive_0p10_left_early_loading_v0_M1,0,0.1,left,20,1096,False,,,
F1_seed_202608242,POOLED_OOF,positive_0p10_left_early_loading_v1_M1,1,0.1,left,1,382,False,,,
F1_seed_202608242,POOLED_OOF,positive_0p10_left_early_loading_v1_M1,1,0.1,left,18,932,False,,,
F1_seed_202608242,POOLED_OOF,positive_0p10_left_early_loading_v1_M1,1,0.1,left,42,1528,False,,,
F1_seed_202608242,POOLED_OOF,positive_0p10_left_mid_loading_early_stance_v0_M1,0,0.1,left,1,738,False,,,
F1_seed_202608242,POOLED_OOF,positive_0p10_left_mid_loading_early_stance_v0_M1,0,0.1,left,3,1264,False,,,
F1_seed_202608242,POOLED_OOF,positive_0p10_left_mid_loading_early_stance_v0_M1,0,0.1,left,6,1876,False,,,
F1_seed_202608242,POOLED_OOF,positive_0p10_left_mid_loading_early_stance_v0_M1,0,0.1,left,8,2460,False,,,
F1_seed_202608242,POOLED_OOF,positive_0p10_left_mid_loading_early_stance_v1_M1,1,0.1,left,1,546,False,,,
F1_seed_202608242,POOLED_OOF,positive_0p10_left_mid_loading_early_stance_v1_M1,1,0.1,left,2,1065,False,,,
F1_seed_202608242,POOLED_OOF,positive_0p10_left_mid_loading_early_stance_v1_M1,1,0.1,left,5,1657,False,,,
F1_seed_202608242,POOLED_OOF,positive_0p10_left_mid_loading_early_stance_v2_M1,2,0.1,left,0,255,False,,,
F1_seed_202608242,POOLED_OOF,positive_0p10_left_mid_loading_early_stance_v2_M1,2,0.1,left,2,859,False,,,
F1_seed_202608242,POOLED_OOF,positive_0p10_left_mid_loading_early_stance_v2_M1,2,0.1,left,4,1409,False,,,
F1_seed_202608242,POOLED_OOF,positive_0p10_left_mid_late_stance_v1_M1,1,0.1,left,1,587,False,,,
F1_seed_202608242,POOLED_OOF,positive_0p10_right_early_loading_v0_M1,0,0.1,right,1,307,False,,,
F1_seed_202608242,POOLED_OOF,positive_0p10_right_early_loading_v0_M1,0,0.1,right,10,791,True,789,2,0
F1_seed_202608242,POOLED_OOF,positive_0p10_right_early_loading_v0_M1,0,0.1,right,24,946,False,,,
F1_seed_202608242,POOLED_OOF,positive_0p10_right_early_loading_v0_M1,0,0.1,right,76,1569,False,,,
F1_seed_202608242,POOLED_OOF,positive_0p10_right_early_loading_v1_M1,1,0.1,right,13,660,False,,,
F1_seed_202608242,POOLED_OOF,positive_0p10_right_early_loading_v2_M1,2,0.1,right,6,925,False,,,
F1_seed_202608242,POOLED_OOF,positive_0p10_right_early_loading_v2_M1,2,0.1,right,78,1705,False,,,
F1_seed_202608242,POOLED_OOF,positive_0p10_right_mid_loading_early_stance_v0_M1,0,0.1,right,1,402,False,,,
F1_seed_202608242,POOLED_OOF,positive_0p10_right_mid_loading_early_stance_v0_M1,0,0.1,right,4,1028,False,,,
F1_seed_202608242,POOLED_OOF,positive_0p10_right_mid_loading_early_stance_v0_M1,0,0.1,right,15,2750,False,,,
F1_seed_202608242,POOLED_OOF,positive_0p10_right_mid_loading_early_stance_v1_M1,1,0.1,right,5,793,False,,,
F1_seed_202608242,POOLED_OOF,positive_0p10_right_mid_loading_early_stance_v1_M1,1,0.1,right,12,1962,False,,,
F1_seed_202608242,POOLED_OOF,positive_0p10_right_mid_loading_early_stance_v2_M1,2,0.1,right,2,1147,False,,,
F1_seed_202608242,POOLED_OOF,positive_0p10_right_mid_loading_early_stance_v2_M1,2,0.1,right,6,2330,False,,,
F1_seed_202608242,POOLED_OOF,positive_0p10_right_mid_late_stance_v0_M1,0,0.1,right,1,507,False,,,
F1_seed_202608242,POOLED_OOF,positive_0p10_right_mid_late_stance_v2_M1,2,0.1,right,7,2464,False,,,
F1_seed_202608242,POOLED_OOF,positive_0p15_left_early_loading_v0_M1,0,0.15,left,7,648,False,,,
F1_seed_202608242,POOLED_OOF,positive_0p15_left_early_loading_v0_M1,0,0.15,left,30,1121,False,,,
F1_seed_202608242,POOLED_OOF,positive_0p15_left_early_loading_v1_M1,1,0.15,left,1,379,False,,,
F1_seed_202608242,POOLED_OOF,positive_0p15_left_early_loading_v1_M1,1,0.15,left,17,891,True,839,52,0
F1_seed_202608242,POOLED_OOF,positive_0p15_left_early_loading_v1_M1,1,0.15,left,50,1459,False,,,
F1_seed_202608242,POOLED_OOF,positive_0p15_left_early_loading_v1_M1,1,0.15,left,80,1986,False,,,
F1_seed_202608242,POOLED_OOF,positive_0p15_left_early_loading_v2_M1,2,0.15,left,21,1219,False,,,
F1_seed_202608242,POOLED_OOF,positive_0p15_left_early_loading_v2_M1,2,0.15,left,29,1444,False,,,
F1_seed_202608242,POOLED_OOF,positive_0p15_left_mid_loading_early_stance_v1_M1,1,0.15,left,12,2880,False,,,
F1_seed_202608242,POOLED_OOF,positive_0p15_left_mid_loading_early_stance_v2_M1,2,0.15,left,6,2107,False,,,
F1_seed_202608242,POOLED_OOF,positive_0p15_right_early_loading_v0_M1,0,0.15,right,1,306,True,309,-3,3
F1_seed_202608242,POOLED_OOF,positive_0p15_right_early_loading_v0_M1,0,0.15,right,12,794,False,,,
F1_seed_202608242,POOLED_OOF,positive_0p15_right_early_loading_v0_M1,0,0.15,right,81,1325,False,,,
F1_seed_202608242,POOLED_OOF,positive_0p15_right_early_loading_v0_M1,0,0.15,right,85,1580,False,,,
F1_seed_202608242,POOLED_OOF,positive_0p15_right_early_loading_v2_M1,2,0.15,right,3,460,False,,,
F1_seed_202608242,POOLED_OOF,positive_0p15_right_early_loading_v2_M1,2,0.15,right,4,516,False,,,
F1_seed_202608242,POOLED_OOF,positive_0p15_right_early_loading_v2_M1,2,0.15,right,9,929,False,,,
F1_seed_202608242,POOLED_OOF,positive_0p15_right_early_loading_v2_M1,2,0.15,right,81,1712,False,,,
F1_seed_202608242,POOLED_OOF,positive_0p15_right_mid_loading_early_stance_v0_M1,0,0.15,right,1,404,False,,,
F1_seed_202608242,POOLED_OOF,positive_0p15_right_mid_loading_early_stance_v0_M1,0,0.15,right,11,2188,False,,,
F1_seed_202608242,POOLED_OOF,positive_0p15_right_mid_loading_early_stance_v1_M1,1,0.15,right,1,878,False,,,
F1_seed_202608242,POOLED_OOF,positive_0p15_right_mid_loading_early_stance_v1_M1,1,0.15,right,6,1983,False,,,
F1_seed_202608242,POOLED_OOF,positive_0p15_right_mid_loading_early_stance_v1_M1,1,0.15,right,8,2629,False,,,
F1_seed_202608242,POOLED_OOF,positive_0p15_right_mid_loading_early_stance_v2_M1,2,0.15,right,1,546,False,,,
F1_seed_202608242,POOLED_OOF,positive_0p15_right_mid_loading_early_stance_v2_M1,2,0.15,right,9,1784,False,,,
F1_seed_202608242,POOLED_OOF,positive_0p15_right_mid_loading_early_stance_v2_M1,2,0.15,right,13,2271,False,,,
F1_seed_202608242,POOLED_OOF,positive_0p15_right_mid_late_stance_v0_M1,0,0.15,right,1,509,False,,,
F1_seed_202608242,POOLED_OOF,positive_0p15_right_mid_late_stance_v0_M1,0,0.15,right,4,1097,False,,,
F1_seed_202608242,POOLED_OOF,positive_0p15_right_mid_late_stance_v1_M1,1,0.15,right,2,944,False,,,
F1_seed_202608242,POOLED_OOF,positive_0p15_right_mid_late_stance_v1_M1,1,0.15,right,5,1511,False,,,
F1_seed_202608242,POOLED_OOF,positive_0p20_left_early_loading_v1_M1,1,0.2,left,1,380,False,,,
F1_seed_202608242,POOLED_OOF,positive_0p20_left_early_loading_v1_M1,1,0.2,left,18,887,True,839,48,0
F1_seed_202608242,POOLED_OOF,positive_0p20_left_early_loading_v1_M1,1,0.2,left,19,944,False,,,
F1_seed_202608242,POOLED_OOF,positive_0p20_left_early_loading_v1_M1,1,0.2,left,58,1453,False,,,
F1_seed_202608242,POOLED_OOF,positive_0p20_left_early_loading_v1_M1,1,0.2,left,78,1978,False,,,
F1_seed_202608242,POOLED_OOF,positive_0p20_left_early_loading_v2_M1,2,0.2,left,1,243,False,,,
F1_seed_202608242,POOLED_OOF,positive_0p20_left_early_loading_v2_M1,2,0.2,left,28,1218,False,,,
F1_seed_202608242,POOLED_OOF,positive_0p20_left_mid_loading_early_stance_v0_M1,0,0.2,left,8,1276,False,,,
F1_seed_202608242,POOLED_OOF,positive_0p20_left_mid_loading_early_stance_v0_M1,0,0.2,left,11,1859,False,,,
F1_seed_202608242,POOLED_OOF,positive_0p20_left_mid_loading_early_stance_v0_M1,0,0.2,left,14,2559,False,,,
F1_seed_202608242,POOLED_OOF,positive_0p20_left_mid_loading_early_stance_v1_M1,1,0.2,left,1,547,False,,,
F1_seed_202608242,POOLED_OOF,positive_0p20_left_mid_loading_early_stance_v1_M1,1,0.2,left,11,2879,False,,,
F1_seed_202608242,POOLED_OOF,positive_0p20_left_mid_loading_early_stance_v2_M1,2,0.2,left,0,250,False,,,
F1_seed_202608242,POOLED_OOF,positive_0p20_left_mid_loading_early_stance_v2_M1,2,0.2,left,3,864,False,,,
F1_seed_202608242,POOLED_OOF,positive_0p20_left_mid_loading_early_stance_v2_M1,2,0.2,left,5,1395,False,,,
F1_seed_202608242,POOLED_OOF,positive_0p20_left_mid_loading_early_stance_v2_M1,2,0.2,left,8,2008,False,,,
F1_seed_202608242,POOLED_OOF,positive_0p20_left_mid_late_stance_v2_M1,2,0.2,left,4,2164,False,,,
F1_seed_202608242,POOLED_OOF,positive_0p20_right_early_loading_v0_M1,0,0.2,right,3,388,False,,,
F1_seed_202608242,POOLED_OOF,positive_0p20_right_early_loading_v0_M1,0,0.2,right,10,804,False,,,
F1_seed_202608242,POOLED_OOF,positive_0p20_right_early_loading_v0_M1,0,0.2,right,98,1553,False,,,
F1_seed_202608242,POOLED_OOF,positive_0p20_right_early_loading_v1_M1,1,0.2,right,1,180,False,,,
F1_seed_202608242,POOLED_OOF,positive_0p20_right_early_loading_v1_M1,1,0.2,right,12,661,False,,,
F1_seed_202608242,POOLED_OOF,positive_0p20_right_early_loading_v1_M1,1,0.2,right,13,707,False,,,
F1_seed_202608242,POOLED_OOF,positive_0p20_right_early_loading_v2_M1,2,0.2,right,4,458,False,,,
F1_seed_202608242,POOLED_OOF,positive_0p20_right_early_loading_v2_M1,2,0.2,right,14,924,False,,,
F1_seed_202608242,POOLED_OOF,positive_0p20_right_early_loading_v2_M1,2,0.2,right,71,1488,False,,,
F1_seed_202608242,POOLED_OOF,positive_0p20_right_early_loading_v2_M1,2,0.2,right,76,1771,False,,,
F1_seed_202608242,POOLED_OOF,positive_0p20_right_mid_loading_early_stance_v1_M1,1,0.2,right,6,1352,False,,,
F1_seed_202608242,POOLED_OOF,positive_0p20_right_mid_loading_early_stance_v1_M1,1,0.2,right,10,1938,False,,,
F1_seed_202608242,POOLED_OOF,positive_0p20_right_mid_loading_early_stance_v1_M1,1,0.2,right,15,2563,False,,,
F1_seed_202608242,POOLED_OOF,positive_0p20_right_mid_loading_early_stance_v2_M1,2,0.2,right,2,545,False,,,
F1_seed_202608242,POOLED_OOF,positive_0p20_right_mid_loading_early_stance_v2_M1,2,0.2,right,9,1711,False,,,
F1_seed_202608242,POOLED_OOF,positive_0p20_right_mid_loading_early_stance_v2_M1,2,0.2,right,13,2284,False,,,
F1_seed_202608242,POOLED_OOF,positive_0p20_right_mid_loading_early_stance_v2_M1,2,0.2,right,16,2909,False,,,
F1_seed_202608242,POOLED_OOF,positive_0p20_right_mid_late_stance_v1_M1,1,0.2,right,8,1502,False,,,
F1_seed_202608242,POOLED_OOF,positive_0p20_right_mid_late_stance_v1_M1,1,0.2,right,11,2684,False,,,
F1_seed_202608242,POOLED_OOF,positive_0p20_right_mid_late_stance_v2_M1,2,0.2,right,5,2444,False,,,
F1_seed_202608242,POOLED_OOF,supplemental_positive_v8_l00,0,0.15,left,1,687,False,,,
F1_seed_202608242,POOLED_OOF,supplemental_positive_v8_l00,0,0.15,left,2,1279,False,,,
F1_seed_202608242,POOLED_OOF,supplemental_positive_v8_l00,0,0.15,left,5,1882,False,,,
F1_seed_202608242,POOLED_OOF,supplemental_positive_v8_l00,0,0.15,left,7,2482,False,,,
F1_seed_202608242,POOLED_OOF,supplemental_positive_v8_l01,1,0.15,left,1,687,False,,,
F1_seed_202608242,POOLED_OOF,supplemental_positive_v8_l01,1,0.15,left,2,1282,False,,,
F1_seed_202608242,POOLED_OOF,supplemental_positive_v8_l02,2,0.15,left,3,1278,False,,,
F1_seed_202608242,POOLED_OOF,supplemental_positive_v8_l03,0,0.15,left,3,1278,False,,,
F1_seed_202608242,POOLED_OOF,supplemental_positive_v8_l06,0,0.15,left,1,584,False,,,
F1_seed_202608242,POOLED_OOF,supplemental_positive_v8_l09,0,0.15,left,7,2933,False,,,
