run_id,fold,speed_mps,foot,physical_episode_id,onset_sample,detected,first_output_sample,latency_ms,detected_by_onset,detected_within_20ms,detected_within_50ms
ice_native_0p10_v00,0,0.1,left,0,134,False,,,False,False,False
ice_native_0p10_v00,0,0.1,left,7,505,False,,,False,False,False
ice_native_0p10_v00,0,0.1,left,20,1090,False,,,False,False,False
ice_native_0p10_v00,0,0.1,left,33,1638,False,,,False,False,False
ice_native_0p10_v00,0,0.1,left,63,2308,False,,,False,False,False
ice_native_0p10_v00,0,0.1,left,71,2670,False,,,False,False,False
ice_native_0p10_v00,0,0.1,right,1,223,False,,,False,False,False
ice_native_0p10_v00,0,0.1,right,2,367,False,,,False,False,False
ice_native_0p10_v00,0,0.1,right,9,631,False,,,False,False,False
ice_native_0p10_v00,0,0.1,right,10,932,False,,,False,False,False
ice_native_0p10_v00,0,0.1,right,20,1255,False,,,False,False,False
ice_native_0p10_v00,0,0.1,right,21,1504,False,,,False,False,False
ice_native_0p10_v00,0,0.1,right,39,1835,False,,,False,False,False
ice_native_0p10_v00,0,0.1,right,55,2599,False,,,False,False,False
ice_native_0p15_v00,0,0.15,left,7,472,False,,,False,False,False
ice_native_0p15_v00,0,0.15,left,8,504,False,,,False,False,False
ice_native_0p15_v00,0,0.15,left,22,914,False,,,False,False,False
ice_native_0p15_v00,0,0.15,left,37,1629,False,,,False,False,False
ice_native_0p15_v00,0,0.15,left,40,2282,False,,,False,False,False
ice_native_0p15_v00,0,0.15,right,1,224,False,,,False,False,False
ice_native_0p15_v00,0,0.15,right,8,603,False,,,False,False,False
ice_native_0p15_v00,0,0.15,right,21,1288,False,,,False,False,False
ice_native_0p15_v00,0,0.15,right,23,1505,False,,,False,False,False
ice_native_0p15_v00,0,0.15,right,35,1850,False,,,False,False,False
ice_native_0p15_v00,0,0.15,right,42,2472,False,,,False,False,False
ice_native_0p15_v00,0,0.15,right,54,2962,False,,,False,False,False
ice_native_0p20_v00,0,0.2,left,0,127,False,,,False,False,False
ice_native_0p20_v00,0,0.2,left,6,478,False,,,False,False,False
ice_native_0p20_v00,0,0.2,left,7,515,False,,,False,False,False
ice_native_0p20_v00,0,0.2,left,17,936,False,,,False,False,False
ice_native_0p20_v00,0,0.2,left,25,1641,False,,,False,False,False
ice_native_0p20_v00,0,0.2,right,1,235,False,,,False,False,False
ice_native_0p20_v00,0,0.2,right,2,357,False,,,False,False,False
ice_native_0p20_v00,0,0.2,right,10,594,False,,,False,False,False
ice_native_0p20_v00,0,0.2,right,12,894,False,,,False,False,False
ice_native_0p20_v00,0,0.2,right,31,1337,False,,,False,False,False
ice_native_0p20_v00,0,0.2,right,41,1902,False,,,False,False,False
ice_native_0p20_v00,0,0.2,right,56,2555,False,,,False,False,False
ice_native_0p20_v00,0,0.2,right,68,2847,False,,,False,False,False
ice_native_0p10_v01,1,0.1,left,2,360,False,,,False,False,False
ice_native_0p10_v01,1,0.1,left,19,961,False,,,False,False,False
ice_native_0p10_v01,1,0.1,left,27,1613,False,,,False,False,False
ice_native_0p10_v01,1,0.1,left,50,2084,False,,,False,False,False
ice_native_0p10_v01,1,0.1,left,58,2769,False,,,False,False,False
ice_native_0p10_v01,1,0.1,right,0,230,False,,,False,False,False
ice_native_0p10_v01,1,0.1,right,10,810,False,,,False,False,False
ice_native_0p10_v01,1,0.1,right,16,1180,False,,,False,False,False
ice_native_0p10_v01,1,0.1,right,18,1489,False,,,False,False,False
ice_native_0p10_v01,1,0.1,right,21,1758,False,,,False,False,False
ice_native_0p10_v01,1,0.1,right,33,2088,False,,,False,False,False
ice_native_0p10_v01,1,0.1,right,72,2912,False,,,False,False,False
sand_solref_interpolation_3of4_stronger_v2_0p10_v01,1,0.1,left,1,1342,False,,,False,False,False
sand_solref_interpolation_5of6_stronger_v2_0p10_v01,1,0.1,left,1,1226,False,,,False,False,False
ice_native_0p15_v01,1,0.15,left,3,359,False,,,False,False,False
ice_native_0p15_v01,1,0.15,left,18,968,False,,,False,False,False
ice_native_0p15_v01,1,0.15,left,20,1107,False,,,False,False,False
ice_native_0p15_v01,1,0.15,left,23,1599,False,,,False,False,False
ice_native_0p15_v01,1,0.15,left,65,2417,False,,,False,False,False
ice_native_0p15_v01,1,0.15,left,71,2776,False,,,False,False,False
ice_native_0p15_v01,1,0.15,right,0,226,False,,,False,False,False
ice_native_0p15_v01,1,0.15,right,7,517,False,,,False,False,False
ice_native_0p15_v01,1,0.15,right,13,1195,False,,,False,False,False
ice_native_0p15_v01,1,0.15,right,18,1755,False,,,False,False,False
ice_native_0p15_v01,1,0.15,right,52,2577,False,,,False,False,False
sand_solref_interpolation_2of3_0p15_v01,1,0.15,right,1,1626,False,,,False,False,False
sand_solref_interpolation_2of3_0p15_v01,1,0.15,right,2,1786,False,,,False,False,False
sand_solref_interpolation_3of4_stronger_v2_0p15_v01,1,0.15,left,4,1908,False,,,False,False,False
sand_solref_interpolation_3of4_stronger_v2_0p15_v01,1,0.15,right,1,1594,False,,,False,False,False
sand_solref_interpolation_3of4_stronger_v2_0p15_v01,1,0.15,right,2,1768,False,,,False,False,False
sand_solref_interpolation_5of6_stronger_v2_0p15_v01,1,0.15,left,4,1905,False,,,False,False,False
sand_solref_interpolation_5of6_stronger_v2_0p15_v01,1,0.15,right,1,1575,False,,,False,False,False
sand_solref_interpolation_5of6_stronger_v2_0p15_v01,1,0.15,right,2,1763,False,,,False,False,False
ice_native_0p20_v01,1,0.2,left,2,360,False,,,False,False,False
ice_native_0p20_v01,1,0.2,left,17,1636,False,,,False,False,False
ice_native_0p20_v01,1,0.2,left,35,2202,False,,,False,False,False
ice_native_0p20_v01,1,0.2,right,1,265,False,,,False,False,False
ice_native_0p20_v01,1,0.2,right,6,507,False,,,False,False,False
ice_native_0p20_v01,1,0.2,right,20,1201,False,,,False,False,False
ice_native_0p20_v01,1,0.2,right,34,1813,False,,,False,False,False
ice_native_0p20_v01,1,0.2,right,55,2118,False,,,False,False,False
ice_native_0p20_v01,1,0.2,right,56,2283,False,,,False,False,False
ice_native_0p20_v01,1,0.2,right,58,2586,False,,,False,False,False
ice_native_0p10_v02,2,0.1,left,1,250,False,,,False,False,False
ice_native_0p10_v02,2,0.1,left,2,326,False,,,False,False,False
ice_native_0p10_v02,2,0.1,left,12,931,False,,,False,False,False
ice_native_0p10_v02,2,0.1,left,18,1475,False,,,False,False,False
ice_native_0p10_v02,2,0.1,left,24,2101,False,,,False,False,False
ice_native_0p10_v02,2,0.1,left,45,2657,False,,,False,False,False
ice_native_0p10_v02,2,0.1,right,0,147,False,,,False,False,False
ice_native_0p10_v02,2,0.1,right,6,435,False,,,False,False,False
ice_native_0p10_v02,2,0.1,right,21,1097,False,,,False,False,False
ice_native_0p10_v02,2,0.1,right,30,1645,False,,,False,False,False
ice_native_0p10_v02,2,0.1,right,31,1833,False,,,False,False,False
ice_native_0p10_v02,2,0.1,right,32,1920,False,,,False,False,False
ice_native_0p10_v02,2,0.1,right,39,2323,False,,,False,False,False
ice_native_0p10_v02,2,0.1,right,48,2816,False,,,False,False,False
sand_solref_interpolation_2of3_0p10_v02,2,0.1,left,2,1946,False,,,False,False,False
sand_solref_interpolation_2of3_0p10_v02,2,0.1,right,3,1962,False,,,False,False,False
sand_solref_interpolation_3of4_stronger_v2_0p10_v02,2,0.1,left,2,1948,False,,,False,False,False
sand_solref_interpolation_5of6_stronger_v2_0p10_v02,2,0.1,left,2,1894,False,,,False,False,False
ice_native_0p15_v02,2,0.15,left,1,250,False,,,False,False,False
ice_native_0p15_v02,2,0.15,left,2,424,False,,,False,False,False
ice_native_0p15_v02,2,0.15,left,16,1528,False,,,False,False,False
ice_native_0p15_v02,2,0.15,left,30,2121,False,,,False,False,False
ice_native_0p15_v02,2,0.15,right,7,435,False,,,False,False,False
ice_native_0p15_v02,2,0.15,right,20,1100,False,,,False,False,False
ice_native_0p15_v02,2,0.15,right,25,1633,False,,,False,False,False
ice_native_0p15_v02,2,0.15,right,27,1870,False,,,False,False,False
ice_native_0p15_v02,2,0.15,right,35,2502,False,,,False,False,False
ice_native_0p20_v02,2,0.2,left,1,251,False,,,False,False,False
ice_native_0p20_v02,2,0.2,left,2,410,False,,,False,False,False
ice_native_0p20_v02,2,0.2,right,1,153,False,,,False,False,False
ice_native_0p20_v02,2,0.2,right,7,424,False,,,False,False,False
ice_native_0p20_v02,2,0.2,right,23,1092,False,,,False,False,False
ice_native_0p20_v02,2,0.2,right,74,2312,False,,,False,False,False
ice_native_0p20_v02,2,0.2,right,83,2858,False,,,False,False,False
sand_solref_interpolation_2of3_0p20_v02,2,0.2,left,1,1137,False,,,False,False,False
sand_solref_interpolation_3of4_stronger_v2_0p20_v02,2,0.2,left,1,982,False,,,False,False,False
sand_solref_interpolation_5of6_stronger_v2_0p20_v02,2,0.2,left,1,936,False,,,False,False,False
ice_native_0p10_v03,0,0.1,left,0,169,False,,,False,False,False
ice_native_0p10_v03,0,0.1,left,3,287,False,,,False,False,False
ice_native_0p10_v03,0,0.1,left,4,354,False,,,False,False,False
ice_native_0p10_v03,0,0.1,left,12,1359,False,,,False,False,False
ice_native_0p10_v03,0,0.1,left,54,2540,False,,,False,False,False
ice_native_0p10_v03,0,0.1,right,30,943,False,,,False,False,False
ice_native_0p10_v03,0,0.1,right,39,1627,False,,,False,False,False
ice_native_0p10_v03,0,0.1,right,55,2070,False,,,False,False,False
ice_native_0p10_v03,0,0.1,right,56,2248,False,,,False,False,False
ice_native_0p10_v03,0,0.1,right,57,2388,False,,,False,False,False
ice_native_0p10_v03,0,0.1,right,66,2972,False,,,False,False,False
ice_native_0p15_v03,0,0.15,left,0,170,False,,,False,False,False
ice_native_0p15_v03,0,0.15,left,2,270,False,,,False,False,False
ice_native_0p15_v03,0,0.15,left,16,1394,False,,,False,False,False
ice_native_0p15_v03,0,0.15,left,18,1545,False,,,False,False,False
ice_native_0p15_v03,0,0.15,left,29,2644,False,,,False,False,False
ice_native_0p15_v03,0,0.15,right,29,920,False,,,False,False,False
ice_native_0p15_v03,0,0.15,right,75,2911,False,,,False,False,False
sand_solref_interpolation_2of3_0p15_v03,0,0.15,left,2,1773,False,,,False,False,False
sand_solref_interpolation_2of3_0p15_v03,0,0.15,left,3,1911,False,,,False,False,False
sand_solref_interpolation_2of3_0p15_v03,0,0.15,right,3,1795,False,,,False,False,False
sand_solref_interpolation_3of4_stronger_v2_0p15_v03,0,0.15,left,2,1793,False,,,False,False,False
sand_solref_interpolation_3of4_stronger_v2_0p15_v03,0,0.15,right,6,1815,False,,,False,False,False
sand_solref_interpolation_5of6_stronger_v2_0p15_v03,0,0.15,left,2,1732,False,,,False,False,False
sand_solref_interpolation_5of6_stronger_v2_0p15_v03,0,0.15,right,3,1767,False,,,False,False,False
ice_native_0p20_v03,0,0.2,left,0,170,False,,,False,False,False
ice_native_0p20_v03,0,0.2,left,1,238,False,,,False,False,False
ice_native_0p20_v03,0,0.2,left,13,1470,False,,,False,False,False
ice_native_0p20_v03,0,0.2,left,45,2588,False,,,False,False,False
ice_native_0p20_v03,0,0.2,right,29,930,False,,,False,False,False
ice_native_0p20_v03,0,0.2,right,53,1809,False,,,False,False,False
ice_native_0p20_v03,0,0.2,right,61,2053,False,,,False,False,False
ice_native_0p20_v03,0,0.2,right,63,2242,False,,,False,False,False
ice_native_0p20_v03,0,0.2,right,71,2681,False,,,False,False,False
ice_native_0p20_v03,0,0.2,right,82,2860,False,,,False,False,False
ice_native_0p10_v04,1,0.1,left,0,237,False,,,False,False,False
ice_native_0p10_v04,1,0.1,left,7,615,False,,,False,False,False
ice_native_0p10_v04,1,0.1,left,30,1290,False,,,False,False,False
ice_native_0p10_v04,1,0.1,left,39,1794,False,,,False,False,False
ice_native_0p10_v04,1,0.1,left,75,2438,False,,,False,False,False
ice_native_0p10_v04,1,0.1,left,86,2918,False,,,False,False,False
ice_native_0p10_v04,1,0.1,right,3,348,False,,,False,False,False
ice_native_0p10_v04,1,0.1,right,4,440,False,,,False,False,False
ice_native_0p10_v04,1,0.1,right,20,890,False,,,False,False,False
ice_native_0p10_v04,1,0.1,right,39,1442,False,,,False,False,False
ice_native_0p10_v04,1,0.1,right,40,1650,False,,,False,False,False
ice_native_0p10_v04,1,0.1,right,47,2238,False,,,False,False,False
ice_native_0p10_v04,1,0.1,right,59,2609,False,,,False,False,False
sand_solref_interpolation_2of3_0p10_v04,1,0.1,left,44,2402,False,,,False,False,False
sand_solref_interpolation_2of3_0p10_v04,1,0.1,right,2,1837,False,,,False,False,False
sand_solref_interpolation_2of3_0p10_v04,1,0.1,right,3,2050,False,,,False,False,False
sand_solref_interpolation_2of3_0p10_v04,1,0.1,right,5,2615,False,,,False,False,False
sand_solref_interpolation_3of4_stronger_v2_0p10_v04,1,0.1,right,3,1856,False,,,False,False,False
sand_solref_interpolation_3of4_stronger_v2_0p10_v04,1,0.1,right,4,2486,False,,,False,False,False
sand_solref_interpolation_5of6_stronger_v2_0p10_v04,1,0.1,right,3,1855,False,,,False,False,False
sand_solref_interpolation_5of6_stronger_v2_0p10_v04,1,0.1,right,4,2468,False,,,False,False,False
ice_native_0p15_v04,1,0.15,left,0,232,False,,,False,False,False
ice_native_0p15_v04,1,0.15,left,8,625,False,,,False,False,False
ice_native_0p15_v04,1,0.15,left,32,1289,False,,,False,False,False
ice_native_0p15_v04,1,0.15,left,41,1795,False,,,False,False,False
ice_native_0p15_v04,1,0.15,right,3,351,False,,,False,False,False
ice_native_0p15_v04,1,0.15,right,19,1070,False,,,False,False,False
ice_native_0p15_v04,1,0.15,right,39,1487,False,,,False,False,False
ice_native_0p15_v04,1,0.15,right,40,1649,False,,,False,False,False
ice_native_0p15_v04,1,0.15,right,50,2014,False,,,False,False,False
ice_native_0p15_v04,1,0.15,right,51,2244,False,,,False,False,False
ice_native_0p15_v04,1,0.15,right,62,2542,False,,,False,False,False
ice_native_0p15_v04,1,0.15,right,63,2829,False,,,False,False,False
ice_native_0p20_v04,1,0.2,left,0,227,False,,,False,False,False
ice_native_0p20_v04,1,0.2,left,5,632,False,,,False,False,False
ice_native_0p20_v04,1,0.2,left,6,664,False,,,False,False,False
ice_native_0p20_v04,1,0.2,left,7,692,False,,,False,False,False
ice_native_0p20_v04,1,0.2,left,8,770,False,,,False,False,False
ice_native_0p20_v04,1,0.2,left,50,1154,False,,,False,False,False
ice_native_0p20_v04,1,0.2,left,58,1922,False,,,False,False,False
ice_native_0p20_v04,1,0.2,left,72,2503,False,,,False,False,False
ice_native_0p20_v04,1,0.2,left,78,2997,False,,,False,False,False
ice_native_0p20_v04,1,0.2,right,4,358,False,,,False,False,False
ice_native_0p20_v04,1,0.2,right,15,1075,False,,,False,False,False
ice_native_0p20_v04,1,0.2,right,25,1503,False,,,False,False,False
ice_native_0p20_v04,1,0.2,right,49,2339,False,,,False,False,False
ice_native_0p20_v04,1,0.2,right,69,2627,False,,,False,False,False
ice_native_0p20_v04,1,0.2,right,70,2805,False,,,False,False,False
positive_0p10_left_early_loading_native_strong_ice_v0,0,0.1,left,0,143,False,,,False,False,False
positive_0p10_left_early_loading_native_strong_ice_v0,0,0.1,left,29,1063,False,,,False,False,False
positive_0p10_left_early_loading_native_strong_ice_v0,0,0.1,left,31,1249,False,,,False,False,False
positive_0p10_left_early_loading_native_strong_ice_v0,0,0.1,left,44,1614,False,,,False,False,False
positive_0p10_left_early_loading_native_strong_ice_v1,1,0.1,left,13,881,False,,,False,False,False
positive_0p10_left_early_loading_native_strong_ice_v1,1,0.1,left,14,953,False,,,False,False,False
positive_0p10_left_early_loading_native_strong_ice_v1,1,0.1,left,16,1027,False,,,False,False,False
positive_0p10_left_early_loading_native_strong_ice_v1,1,0.1,left,24,1214,False,,,False,False,False
positive_0p10_left_early_loading_native_strong_ice_v2,2,0.1,left,1,234,False,,,False,False,False
positive_0p10_left_early_loading_native_strong_ice_v2,2,0.1,left,6,712,False,,,False,False,False
positive_0p10_left_early_loading_native_strong_ice_v2,2,0.1,left,13,864,False,,,False,False,False
positive_0p10_left_early_loading_native_strong_ice_v2,2,0.1,left,19,1200,False,,,False,False,False
positive_0p10_left_early_loading_native_strong_ice_v2,2,0.1,left,20,1351,False,,,False,False,False
positive_0p10_left_early_loading_native_strong_ice_v2,2,0.1,left,37,1730,False,,,False,False,False
positive_0p10_left_early_loading_native_strong_ice_v2,2,0.1,left,38,1792,False,,,False,False,False
positive_0p10_left_mid_loading_early_stance_native_strong_ice_v0,0,0.1,left,3,695,False,,,False,False,False
positive_0p10_left_mid_loading_early_stance_native_strong_ice_v0,0,0.1,left,6,1218,False,,,False,False,False
positive_0p10_left_mid_loading_early_stance_native_strong_ice_v0,0,0.1,left,9,1829,False,,,False,False,False
positive_0p10_left_mid_loading_early_stance_native_strong_ice_v0,0,0.1,left,12,2444,False,,,False,False,False
positive_0p10_left_mid_loading_early_stance_native_strong_ice_v1,1,0.1,left,1,442,False,,,False,False,False
positive_0p10_left_mid_loading_early_stance_native_strong_ice_v1,1,0.1,left,2,1060,True,1039,-21,True,True,True
positive_0p10_left_mid_loading_early_stance_native_strong_ice_v1,1,0.1,left,7,2262,False,,,False,False,False
positive_0p10_left_mid_loading_early_stance_native_strong_ice_v1,1,0.1,left,10,2833,False,,,False,False,False
positive_0p10_left_mid_loading_early_stance_native_strong_ice_v2,2,0.1,left,0,301,False,,,False,False,False
positive_0p10_left_mid_loading_early_stance_native_strong_ice_v2,2,0.1,left,3,823,False,,,False,False,False
positive_0p10_left_mid_loading_early_stance_native_strong_ice_v2,2,0.1,left,6,1484,False,,,False,False,False
positive_0p10_left_mid_loading_early_stance_native_strong_ice_v2,2,0.1,left,11,2608,False,,,False,False,False
positive_0p10_left_mid_late_stance_native_strong_ice_v0,0,0.1,left,1,857,False,,,False,False,False
positive_0p10_left_mid_late_stance_native_strong_ice_v0,0,0.1,left,2,1417,False,,,False,False,False
positive_0p10_left_mid_late_stance_native_strong_ice_v0,0,0.1,left,9,2580,False,,,False,False,False
positive_0p10_left_mid_late_stance_native_strong_ice_v1,1,0.1,left,1,569,False,,,False,False,False
positive_0p10_left_mid_late_stance_native_strong_ice_v1,1,0.1,left,3,1176,False,,,False,False,False
positive_0p10_left_mid_late_stance_native_strong_ice_v1,1,0.1,left,4,1780,False,,,False,False,False
positive_0p10_left_mid_late_stance_native_strong_ice_v1,1,0.1,left,6,2376,False,,,False,False,False
positive_0p10_left_mid_late_stance_native_strong_ice_v2,2,0.1,left,4,1533,False,,,False,False,False
positive_0p10_right_early_loading_native_strong_ice_v0,0,0.1,right,1,284,False,,,False,False,False
positive_0p10_right_early_loading_native_strong_ice_v0,0,0.1,right,8,769,False,,,False,False,False
positive_0p10_right_early_loading_native_strong_ice_v0,0,0.1,right,11,864,False,,,False,False,False
positive_0p10_right_early_loading_native_strong_ice_v0,0,0.1,right,13,922,False,,,False,False,False
positive_0p10_right_early_loading_native_strong_ice_v1,1,0.1,right,0,148,False,,,False,False,False
positive_0p10_right_early_loading_native_strong_ice_v1,1,0.1,right,8,642,False,,,False,False,False
positive_0p10_right_early_loading_native_strong_ice_v2,2,0.1,right,13,912,False,,,False,False,False
positive_0p10_right_mid_loading_early_stance_native_strong_ice_v0,0,0.1,right,5,1056,False,,,False,False,False
positive_0p10_right_mid_loading_early_stance_native_strong_ice_v0,0,0.1,right,18,1519,False,,,False,False,False
positive_0p10_right_mid_loading_early_stance_native_strong_ice_v1,1,0.1,right,0,192,False,,,False,False,False
positive_0p10_right_mid_loading_early_stance_native_strong_ice_v1,1,0.1,right,6,750,False,,,False,False,False
positive_0p10_right_mid_loading_early_stance_native_strong_ice_v1,1,0.1,right,10,1344,False,,,False,False,False
positive_0p10_right_mid_loading_early_stance_native_strong_ice_v1,1,0.1,right,17,1925,False,,,False,False,False
positive_0p10_right_mid_loading_early_stance_native_strong_ice_v1,1,0.1,right,20,2517,False,,,False,False,False
positive_0p10_right_mid_loading_early_stance_native_strong_ice_v2,2,0.1,right,8,1696,False,,,False,False,False
positive_0p10_right_mid_loading_early_stance_native_strong_ice_v2,2,0.1,right,10,2277,False,,,False,False,False
positive_0p10_right_mid_late_stance_native_strong_ice_v0,0,0.1,right,1,477,False,,,False,False,False
positive_0p10_right_mid_late_stance_native_strong_ice_v0,0,0.1,right,6,1062,False,,,False,False,False
positive_0p10_right_mid_late_stance_native_strong_ice_v1,1,0.1,right,1,911,True,899,-12,True,True,True
positive_0p10_right_mid_late_stance_native_strong_ice_v1,1,0.1,right,8,2672,False,,,False,False,False
positive_0p15_left_early_loading_native_strong_ice_v0,0,0.15,left,0,139,False,,,False,False,False
positive_0p15_left_early_loading_native_strong_ice_v0,0,0.15,left,5,591,False,,,False,False,False
positive_0p15_left_early_loading_native_strong_ice_v0,0,0.15,left,22,1064,False,,,False,False,False
positive_0p15_left_early_loading_native_strong_ice_v0,0,0.15,left,24,1169,False,,,False,False,False
positive_0p15_left_early_loading_native_strong_ice_v1,1,0.15,left,1,369,False,,,False,False,False
positive_0p15_left_early_loading_native_strong_ice_v1,1,0.15,left,4,454,False,,,False,False,False
positive_0p15_left_early_loading_native_strong_ice_v1,1,0.15,left,14,874,False,,,False,False,False
positive_0p15_left_early_loading_native_strong_ice_v1,1,0.15,left,20,1063,False,,,False,False,False
positive_0p15_left_early_loading_native_strong_ice_v1,1,0.15,left,34,1337,False,,,False,False,False
positive_0p15_left_mid_loading_early_stance_native_strong_ice_v0,0,0.15,left,7,692,False,,,False,False,False
positive_0p15_left_mid_loading_early_stance_native_strong_ice_v0,0,0.15,left,9,1237,False,,,False,False,False
positive_0p15_left_mid_loading_early_stance_native_strong_ice_v0,0,0.15,left,14,2466,False,,,False,False,False
positive_0p15_left_mid_loading_early_stance_native_strong_ice_v1,1,0.15,left,1,442,False,,,False,False,False
positive_0p15_left_mid_loading_early_stance_native_strong_ice_v1,1,0.15,left,4,1054,True,1039,-15,True,True,True
positive_0p15_left_mid_loading_early_stance_native_strong_ice_v1,1,0.15,left,6,1638,False,,,False,False,False
positive_0p15_left_mid_loading_early_stance_native_strong_ice_v1,1,0.15,left,13,2868,False,,,False,False,False
positive_0p15_left_mid_loading_early_stance_native_strong_ice_v2,2,0.15,left,0,234,False,,,False,False,False
positive_0p15_left_mid_loading_early_stance_native_strong_ice_v2,2,0.15,left,2,888,False,,,False,False,False
positive_0p15_left_mid_loading_early_stance_native_strong_ice_v2,2,0.15,left,4,1392,True,1379,-13,True,True,True
positive_0p15_left_mid_loading_early_stance_native_strong_ice_v2,2,0.15,left,6,2004,True,1999,-5,True,True,True
positive_0p15_left_mid_loading_early_stance_native_strong_ice_v2,2,0.15,left,9,2594,False,,,False,False,False
positive_0p15_left_mid_late_stance_native_strong_ice_v1,1,0.15,left,1,567,False,,,False,False,False
positive_0p15_left_mid_late_stance_native_strong_ice_v2,2,0.15,left,7,949,False,,,False,False,False
positive_0p15_left_mid_late_stance_native_strong_ice_v2,2,0.15,left,13,1521,False,,,False,False,False
positive_0p15_left_mid_late_stance_native_strong_ice_v2,2,0.15,left,17,2756,False,,,False,False,False
positive_0p15_right_early_loading_native_strong_ice_v0,0,0.15,right,1,282,False,,,False,False,False
positive_0p15_right_early_loading_native_strong_ice_v0,0,0.15,right,2,339,False,,,False,False,False
positive_0p15_right_early_loading_native_strong_ice_v0,0,0.15,right,10,775,False,,,False,False,False
positive_0p15_right_early_loading_native_strong_ice_v0,0,0.15,right,11,844,False,,,False,False,False
positive_0p15_right_early_loading_native_strong_ice_v1,1,0.15,right,12,642,False,,,False,False,False
positive_0p15_right_early_loading_native_strong_ice_v2,2,0.15,right,4,444,False,,,False,False,False
positive_0p15_right_early_loading_native_strong_ice_v2,2,0.15,right,5,499,False,,,False,False,False
positive_0p15_right_early_loading_native_strong_ice_v2,2,0.15,right,16,906,False,,,False,False,False
positive_0p15_right_mid_loading_early_stance_native_strong_ice_v0,0,0.15,right,1,366,True,349,-17,True,True,True
positive_0p15_right_mid_loading_early_stance_native_strong_ice_v0,0,0.15,right,3,925,False,,,False,False,False
positive_0p15_right_mid_loading_early_stance_native_strong_ice_v0,0,0.15,right,6,1521,False,,,False,False,False
positive_0p15_right_mid_loading_early_stance_native_strong_ice_v0,0,0.15,right,9,2140,False,,,False,False,False
positive_0p15_right_mid_loading_early_stance_native_strong_ice_v1,1,0.15,right,0,193,False,,,False,False,False
positive_0p15_right_mid_loading_early_stance_native_strong_ice_v1,1,0.15,right,15,731,False,,,False,False,False
positive_0p15_right_mid_loading_early_stance_native_strong_ice_v1,1,0.15,right,21,1948,False,,,False,False,False
positive_0p15_right_mid_loading_early_stance_native_strong_ice_v1,1,0.15,right,24,2539,False,,,False,False,False
positive_0p15_right_mid_loading_early_stance_native_strong_ice_v2,2,0.15,right,1,603,True,589,-14,True,True,True
positive_0p15_right_mid_loading_early_stance_native_strong_ice_v2,2,0.15,right,3,1095,False,,,False,False,False
positive_0p15_right_mid_loading_early_stance_native_strong_ice_v2,2,0.15,right,7,1773,False,,,False,False,False
positive_0p15_right_mid_loading_early_stance_native_strong_ice_v2,2,0.15,right,17,2237,False,,,False,False,False
positive_0p15_right_mid_loading_early_stance_native_strong_ice_v2,2,0.15,right,22,2803,False,,,False,False,False
positive_0p15_right_mid_late_stance_native_strong_ice_v1,1,0.15,right,6,2074,False,,,False,False,False
positive_0p15_right_mid_late_stance_native_strong_ice_v2,2,0.15,right,1,638,False,,,False,False,False
positive_0p15_right_mid_late_stance_native_strong_ice_v2,2,0.15,right,4,1214,False,,,False,False,False
positive_0p15_right_mid_late_stance_native_strong_ice_v2,2,0.15,right,8,2444,False,,,False,False,False
positive_0p20_left_early_loading_native_strong_ice_v0,0,0.2,left,0,134,False,,,False,False,False
positive_0p20_left_early_loading_native_strong_ice_v0,0,0.2,left,5,623,False,,,False,False,False
positive_0p20_left_early_loading_native_strong_ice_v0,0,0.2,left,17,1064,False,,,False,False,False
positive_0p20_left_early_loading_native_strong_ice_v0,0,0.2,left,18,1152,False,,,False,False,False
positive_0p20_left_early_loading_native_strong_ice_v0,0,0.2,left,20,1221,False,,,False,False,False
positive_0p20_left_early_loading_native_strong_ice_v1,1,0.2,left,1,370,False,,,False,False,False
positive_0p20_left_early_loading_native_strong_ice_v1,1,0.2,left,5,457,False,,,False,False,False
positive_0p20_left_early_loading_native_strong_ice_v1,1,0.2,left,22,873,False,,,False,False,False
positive_0p20_left_early_loading_native_strong_ice_v1,1,0.2,left,23,1000,False,,,False,False,False
positive_0p20_left_early_loading_native_strong_ice_v1,1,0.2,left,37,1427,False,,,False,False,False
positive_0p20_left_mid_loading_early_stance_native_strong_ice_v0,0,0.2,left,2,699,False,,,False,False,False
positive_0p20_left_mid_loading_early_stance_native_strong_ice_v0,0,0.2,left,3,1247,False,,,False,False,False
positive_0p20_left_mid_loading_early_stance_native_strong_ice_v0,0,0.2,left,5,1826,False,,,False,False,False
positive_0p20_left_mid_loading_early_stance_native_strong_ice_v0,0,0.2,left,7,2438,False,,,False,False,False
positive_0p20_left_mid_loading_early_stance_native_strong_ice_v1,1,0.2,left,4,1037,False,,,False,False,False
positive_0p20_left_mid_loading_early_stance_native_strong_ice_v1,1,0.2,left,9,2256,False,,,False,False,False
positive_0p20_left_mid_loading_early_stance_native_strong_ice_v1,1,0.2,left,10,2858,False,,,False,False,False
positive_0p20_left_mid_loading_early_stance_native_strong_ice_v2,2,0.2,left,3,923,False,,,False,False,False
positive_0p20_left_mid_loading_early_stance_native_strong_ice_v2,2,0.2,left,5,1392,False,,,False,False,False
positive_0p20_left_mid_loading_early_stance_native_strong_ice_v2,2,0.2,left,9,2088,False,,,False,False,False
positive_0p20_left_mid_loading_early_stance_native_strong_ice_v2,2,0.2,left,10,2600,False,,,False,False,False
positive_0p20_left_mid_late_stance_native_strong_ice_v0,0,0.2,left,1,856,False,,,False,False,False
positive_0p20_left_mid_late_stance_native_strong_ice_v0,0,0.2,left,2,1429,True,1419,-10,True,True,True
positive_0p20_left_mid_late_stance_native_strong_ice_v0,0,0.2,left,8,1987,False,,,False,False,False
positive_0p20_left_mid_late_stance_native_strong_ice_v0,0,0.2,left,16,2574,False,,,False,False,False
positive_0p20_left_mid_late_stance_native_strong_ice_v1,1,0.2,left,4,1817,True,1809,-8,True,True,True
positive_0p20_right_early_loading_native_strong_ice_v0,0,0.2,right,1,281,False,,,False,False,False
positive_0p20_right_early_loading_native_strong_ice_v0,0,0.2,right,2,373,False,,,False,False,False
positive_0p20_right_early_loading_native_strong_ice_v0,0,0.2,right,7,779,False,,,False,False,False
positive_0p20_right_early_loading_native_strong_ice_v0,0,0.2,right,8,832,False,,,False,False,False
positive_0p20_right_early_loading_native_strong_ice_v1,1,0.2,right,0,144,False,,,False,False,False
positive_0p20_right_early_loading_native_strong_ice_v1,1,0.2,right,7,646,False,,,False,False,False
positive_0p20_right_early_loading_native_strong_ice_v1,1,0.2,right,16,799,False,,,False,False,False
positive_0p20_right_early_loading_native_strong_ice_v2,2,0.2,right,4,444,False,,,False,False,False
positive_0p20_right_early_loading_native_strong_ice_v2,2,0.2,right,13,911,False,,,False,False,False
positive_0p20_right_early_loading_native_strong_ice_v2,2,0.2,right,15,987,False,,,False,False,False
positive_0p20_right_mid_loading_early_stance_native_strong_ice_v0,0,0.2,right,1,365,False,,,False,False,False
positive_0p20_right_mid_loading_early_stance_native_strong_ice_v0,0,0.2,right,7,1551,False,,,False,False,False
positive_0p20_right_mid_loading_early_stance_native_strong_ice_v0,0,0.2,right,13,2760,False,,,False,False,False
positive_0p20_right_mid_loading_early_stance_native_strong_ice_v1,1,0.2,right,0,188,False,,,False,False,False
positive_0p20_right_mid_loading_early_stance_native_strong_ice_v1,1,0.2,right,9,1346,False,,,False,False,False
positive_0p20_right_mid_loading_early_stance_native_strong_ice_v1,1,0.2,right,19,2529,False,,,False,False,False
positive_0p20_right_mid_loading_early_stance_native_strong_ice_v2,2,0.2,right,4,522,False,,,False,False,False
positive_0p20_right_mid_loading_early_stance_native_strong_ice_v2,2,0.2,right,11,1066,False,,,False,False,False
positive_0p20_right_mid_loading_early_stance_native_strong_ice_v2,2,0.2,right,13,1701,False,,,False,False,False
positive_0p20_right_mid_loading_early_stance_native_strong_ice_v2,2,0.2,right,23,2894,False,,,False,False,False
positive_0p20_right_mid_late_stance_native_strong_ice_v0,0,0.2,right,1,476,True,469,-7,True,True,True
positive_0p20_right_mid_late_stance_native_strong_ice_v0,0,0.2,right,6,1067,False,,,False,False,False
positive_0p20_right_mid_late_stance_native_strong_ice_v0,0,0.2,right,13,1660,False,,,False,False,False
positive_0p20_right_mid_late_stance_native_strong_ice_v0,0,0.2,right,21,2266,False,,,False,False,False
positive_0p20_right_mid_late_stance_native_strong_ice_v0,0,0.2,right,22,2871,False,,,False,False,False
positive_0p20_right_mid_late_stance_native_strong_ice_v1,1,0.2,right,3,1524,False,,,False,False,False
positive_0p20_right_mid_late_stance_native_strong_ice_v1,1,0.2,right,6,2075,False,,,False,False,False
positive_0p20_right_mid_late_stance_native_strong_ice_v1,1,0.2,right,20,2652,False,,,False,False,False
positive_0p20_right_mid_late_stance_native_strong_ice_v2,2,0.2,right,8,2422,False,,,False,False,False
positive_0p10_left_early_loading_v0_M1,0,0.1,left,4,627,False,,,False,False,False
positive_0p10_left_early_loading_v0_M1,0,0.1,left,20,1096,False,,,False,False,False
positive_0p10_left_early_loading_v1_M1,1,0.1,left,1,382,False,,,False,False,False
positive_0p10_left_early_loading_v1_M1,1,0.1,left,18,932,False,,,False,False,False
positive_0p10_left_early_loading_v1_M1,1,0.1,left,42,1528,False,,,False,False,False
positive_0p10_left_mid_loading_early_stance_v0_M1,0,0.1,left,1,738,False,,,False,False,False
positive_0p10_left_mid_loading_early_stance_v0_M1,0,0.1,left,3,1264,True,1249,-15,True,True,True
positive_0p10_left_mid_loading_early_stance_v0_M1,0,0.1,left,6,1876,False,,,False,False,False
positive_0p10_left_mid_loading_early_stance_v0_M1,0,0.1,left,8,2460,False,,,False,False,False
positive_0p10_left_mid_loading_early_stance_v1_M1,1,0.1,left,1,546,False,,,False,False,False
positive_0p10_left_mid_loading_early_stance_v1_M1,1,0.1,left,2,1065,False,,,False,False,False
positive_0p10_left_mid_loading_early_stance_v1_M1,1,0.1,left,5,1657,False,,,False,False,False
positive_0p10_left_mid_loading_early_stance_v2_M1,2,0.1,left,0,255,False,,,False,False,False
positive_0p10_left_mid_loading_early_stance_v2_M1,2,0.1,left,2,859,False,,,False,False,False
positive_0p10_left_mid_loading_early_stance_v2_M1,2,0.1,left,4,1409,True,1399,-10,True,True,True
positive_0p10_left_mid_late_stance_v1_M1,1,0.1,left,1,587,False,,,False,False,False
positive_0p10_right_early_loading_v0_M1,0,0.1,right,1,307,False,,,False,False,False
positive_0p10_right_early_loading_v0_M1,0,0.1,right,10,791,False,,,False,False,False
positive_0p10_right_early_loading_v0_M1,0,0.1,right,24,946,False,,,False,False,False
positive_0p10_right_early_loading_v0_M1,0,0.1,right,76,1569,False,,,False,False,False
positive_0p10_right_early_loading_v1_M1,1,0.1,right,13,660,False,,,False,False,False
positive_0p10_right_early_loading_v2_M1,2,0.1,right,6,925,False,,,False,False,False
positive_0p10_right_early_loading_v2_M1,2,0.1,right,78,1705,False,,,False,False,False
positive_0p10_right_mid_loading_early_stance_v0_M1,0,0.1,right,1,402,False,,,False,False,False
positive_0p10_right_mid_loading_early_stance_v0_M1,0,0.1,right,4,1028,True,979,-49,True,True,True
positive_0p10_right_mid_loading_early_stance_v0_M1,0,0.1,right,15,2750,False,,,False,False,False
positive_0p10_right_mid_loading_early_stance_v1_M1,1,0.1,right,5,793,False,,,False,False,False
positive_0p10_right_mid_loading_early_stance_v1_M1,1,0.1,right,12,1962,False,,,False,False,False
positive_0p10_right_mid_loading_early_stance_v2_M1,2,0.1,right,2,1147,False,,,False,False,False
positive_0p10_right_mid_loading_early_stance_v2_M1,2,0.1,right,6,2330,False,,,False,False,False
positive_0p10_right_mid_late_stance_v0_M1,0,0.1,right,1,507,False,,,False,False,False
positive_0p10_right_mid_late_stance_v2_M1,2,0.1,right,7,2464,False,,,False,False,False
positive_0p15_left_early_loading_v0_M1,0,0.15,left,7,648,False,,,False,False,False
positive_0p15_left_early_loading_v0_M1,0,0.15,left,30,1121,False,,,False,False,False
positive_0p15_left_early_loading_v1_M1,1,0.15,left,1,379,False,,,False,False,False
positive_0p15_left_early_loading_v1_M1,1,0.15,left,17,891,False,,,False,False,False
positive_0p15_left_early_loading_v1_M1,1,0.15,left,50,1459,False,,,False,False,False
positive_0p15_left_early_loading_v1_M1,1,0.15,left,80,1986,False,,,False,False,False
positive_0p15_left_early_loading_v2_M1,2,0.15,left,21,1219,False,,,False,False,False
positive_0p15_left_early_loading_v2_M1,2,0.15,left,29,1444,False,,,False,False,False
positive_0p15_left_mid_loading_early_stance_v1_M1,1,0.15,left,12,2880,True,2859,-21,True,True,True
positive_0p15_left_mid_loading_early_stance_v2_M1,2,0.15,left,6,2107,False,,,False,False,False
positive_0p15_right_early_loading_v0_M1,0,0.15,right,1,306,False,,,False,False,False
positive_0p15_right_early_loading_v0_M1,0,0.15,right,12,794,False,,,False,False,False
positive_0p15_right_early_loading_v0_M1,0,0.15,right,81,1325,False,,,False,False,False
positive_0p15_right_early_loading_v0_M1,0,0.15,right,85,1580,False,,,False,False,False
positive_0p15_right_early_loading_v2_M1,2,0.15,right,3,460,False,,,False,False,False
positive_0p15_right_early_loading_v2_M1,2,0.15,right,4,516,False,,,False,False,False
positive_0p15_right_early_loading_v2_M1,2,0.15,right,9,929,False,,,False,False,False
positive_0p15_right_early_loading_v2_M1,2,0.15,right,81,1712,False,,,False,False,False
positive_0p15_right_mid_loading_early_stance_v0_M1,0,0.15,right,1,404,True,379,-25,True,True,True
positive_0p15_right_mid_loading_early_stance_v0_M1,0,0.15,right,11,2188,True,2169,-19,True,True,True
positive_0p15_right_mid_loading_early_stance_v1_M1,1,0.15,right,1,878,False,,,False,False,False
positive_0p15_right_mid_loading_early_stance_v1_M1,1,0.15,right,6,1983,False,,,False,False,False
positive_0p15_right_mid_loading_early_stance_v1_M1,1,0.15,right,8,2629,False,,,False,False,False
positive_0p15_right_mid_loading_early_stance_v2_M1,2,0.15,right,1,546,False,,,False,False,False
positive_0p15_right_mid_loading_early_stance_v2_M1,2,0.15,right,9,1784,False,,,False,False,False
positive_0p15_right_mid_loading_early_stance_v2_M1,2,0.15,right,13,2271,False,,,False,False,False
positive_0p15_right_mid_late_stance_v0_M1,0,0.15,right,1,509,False,,,False,False,False
positive_0p15_right_mid_late_stance_v0_M1,0,0.15,right,4,1097,True,1079,-18,True,True,True
positive_0p15_right_mid_late_stance_v1_M1,1,0.15,right,2,944,False,,,False,False,False
positive_0p15_right_mid_late_stance_v1_M1,1,0.15,right,5,1511,False,,,False,False,False
positive_0p20_left_early_loading_v1_M1,1,0.2,left,1,380,False,,,False,False,False
positive_0p20_left_early_loading_v1_M1,1,0.2,left,18,887,False,,,False,False,False
positive_0p20_left_early_loading_v1_M1,1,0.2,left,19,944,False,,,False,False,False
positive_0p20_left_early_loading_v1_M1,1,0.2,left,58,1453,False,,,False,False,False
positive_0p20_left_early_loading_v1_M1,1,0.2,left,78,1978,False,,,False,False,False
positive_0p20_left_early_loading_v2_M1,2,0.2,left,1,243,False,,,False,False,False
positive_0p20_left_early_loading_v2_M1,2,0.2,left,28,1218,False,,,False,False,False
positive_0p20_left_mid_loading_early_stance_v0_M1,0,0.2,left,8,1276,False,,,False,False,False
positive_0p20_left_mid_loading_early_stance_v0_M1,0,0.2,left,11,1859,False,,,False,False,False
positive_0p20_left_mid_loading_early_stance_v0_M1,0,0.2,left,14,2559,False,,,False,False,False
positive_0p20_left_mid_loading_early_stance_v1_M1,1,0.2,left,1,547,True,539,-8,True,True,True
positive_0p20_left_mid_loading_early_stance_v1_M1,1,0.2,left,11,2879,True,2859,-20,True,True,True
positive_0p20_left_mid_loading_early_stance_v2_M1,2,0.2,left,0,250,False,,,False,False,False
positive_0p20_left_mid_loading_early_stance_v2_M1,2,0.2,left,3,864,False,,,False,False,False
positive_0p20_left_mid_loading_early_stance_v2_M1,2,0.2,left,5,1395,False,,,False,False,False
positive_0p20_left_mid_loading_early_stance_v2_M1,2,0.2,left,8,2008,True,1989,-19,True,True,True
positive_0p20_left_mid_late_stance_v2_M1,2,0.2,left,4,2164,False,,,False,False,False
positive_0p20_right_early_loading_v0_M1,0,0.2,right,3,388,False,,,False,False,False
positive_0p20_right_early_loading_v0_M1,0,0.2,right,10,804,False,,,False,False,False
positive_0p20_right_early_loading_v0_M1,0,0.2,right,98,1553,False,,,False,False,False
positive_0p20_right_early_loading_v1_M1,1,0.2,right,1,180,False,,,False,False,False
positive_0p20_right_early_loading_v1_M1,1,0.2,right,12,661,False,,,False,False,False
positive_0p20_right_early_loading_v1_M1,1,0.2,right,13,707,False,,,False,False,False
positive_0p20_right_early_loading_v2_M1,2,0.2,right,4,458,False,,,False,False,False
positive_0p20_right_early_loading_v2_M1,2,0.2,right,14,924,False,,,False,False,False
positive_0p20_right_early_loading_v2_M1,2,0.2,right,71,1488,False,,,False,False,False
positive_0p20_right_early_loading_v2_M1,2,0.2,right,76,1771,False,,,False,False,False
positive_0p20_right_mid_loading_early_stance_v1_M1,1,0.2,right,6,1352,False,,,False,False,False
positive_0p20_right_mid_loading_early_stance_v1_M1,1,0.2,right,10,1938,False,,,False,False,False
positive_0p20_right_mid_loading_early_stance_v1_M1,1,0.2,right,15,2563,False,,,False,False,False
positive_0p20_right_mid_loading_early_stance_v2_M1,2,0.2,right,2,545,True,509,-36,True,True,True
positive_0p20_right_mid_loading_early_stance_v2_M1,2,0.2,right,9,1711,False,,,False,False,False
positive_0p20_right_mid_loading_early_stance_v2_M1,2,0.2,right,13,2284,False,,,False,False,False
positive_0p20_right_mid_loading_early_stance_v2_M1,2,0.2,right,16,2909,False,,,False,False,False
positive_0p20_right_mid_late_stance_v1_M1,1,0.2,right,8,1502,False,,,False,False,False
positive_0p20_right_mid_late_stance_v1_M1,1,0.2,right,11,2684,False,,,False,False,False
positive_0p20_right_mid_late_stance_v2_M1,2,0.2,right,5,2444,False,,,False,False,False
supplemental_positive_v8_l00,0,0.15,left,1,687,False,,,False,False,False
supplemental_positive_v8_l00,0,0.15,left,2,1279,False,,,False,False,False
supplemental_positive_v8_l00,0,0.15,left,5,1882,False,,,False,False,False
supplemental_positive_v8_l00,0,0.15,left,7,2482,False,,,False,False,False
supplemental_positive_v8_l01,1,0.15,left,1,687,False,,,False,False,False
supplemental_positive_v8_l01,1,0.15,left,2,1282,False,,,False,False,False
supplemental_positive_v8_l02,2,0.15,left,3,1278,False,,,False,False,False
supplemental_positive_v8_l03,0,0.15,left,3,1278,False,,,False,False,False
supplemental_positive_v8_l06,0,0.15,left,1,584,False,,,False,False,False
supplemental_positive_v8_l09,0,0.15,left,7,2933,True,2919,-14,True,True,True
